2026-05-16 22:28:56,132 - INFO - ==================================================
2026-05-16 22:28:56,132 - INFO -    NOUVELLE CONNEXION VERS HENRIK API
2026-05-16 22:28:56,132 - INFO - ==================================================
2026-05-16 22:28:56,134 - DEBUG - Starting new HTTPS connection (1): api.henrikdev.xyz:443
2026-05-16 22:28:56,463 - DEBUG - https://api.henrikdev.xyz:443 "GET /valorant/v1/account/little%20elephant/270 HTTP/1.1" 200 None
2026-05-16 22:28:56,463 - INFO - Connexion etablit [OK]
2026-05-16 22:28:56,465 - DEBUG - Starting new HTTPS connection (1): api.henrikdev.xyz:443
2026-05-16 22:28:57,114 - DEBUG - https://api.henrikdev.xyz:443 "GET /valorant/v3/by-puuid/matches/eu/08993ff7-ffe1-58b9-b42c-b4e68b6ebd4e HTTP/1.1" 200 None
2026-05-16 22:28:57,244 - INFO - Carte inseree [OK] : Split
2026-05-16 22:28:57,245 - INFO - Match inseree [OK] : b4722c7d-2b6f-44ad-a78e-65015fa5fb5d
2026-05-16 22:28:57,247 - INFO - Joueur inseree [OK] : 21823727-a16c-5185-8e6c-0aa16d06e17a
2026-05-16 22:28:57,248 - INFO - Agent inseree [OK] : Sova
2026-05-16 22:28:57,249 - INFO - Compose inseree [OK] : ('21823727-a16c-5185-8e6c-0aa16d06e17a', 2, 1)
2026-05-16 22:28:57,249 - INFO - Joueur inseree [OK] : d4c36000-cef9-577f-88c1-e4f4373c78ca
2026-05-16 22:28:57,249 - INFO - Agent inseree [OK] : Chamber
2026-05-16 22:28:57,249 - INFO - Compose inseree [OK] : ('d4c36000-cef9-577f-88c1-e4f4373c78ca', 1, 2)
2026-05-16 22:28:57,250 - INFO - Joueur inseree [OK] : 5500b751-67fb-5a7e-a4c1-0f8cad6cf470
2026-05-16 22:28:57,250 - INFO - Agent inseree [OK] : Fade
2026-05-16 22:28:57,250 - INFO - Compose inseree [OK] : ('5500b751-67fb-5a7e-a4c1-0f8cad6cf470', 1, 3)
2026-05-16 22:28:57,250 - INFO - Joueur inseree [OK] : 099f27a9-4e9e-57b2-a791-07a130b841f2
2026-05-16 22:28:57,250 - INFO - Agent inseree [OK] : Miks
2026-05-16 22:28:57,251 - INFO - Compose inseree [OK] : ('099f27a9-4e9e-57b2-a791-07a130b841f2', 2, 4)
2026-05-16 22:28:57,251 - INFO - Joueur inseree [OK] : 3a419503-912d-5189-8bca-1a359920234e
2026-05-16 22:28:57,251 - INFO - Agent inseree [OK] : Reyna
2026-05-16 22:28:57,251 - INFO - Compose inseree [OK] : ('3a419503-912d-5189-8bca-1a359920234e', 2, 5)
2026-05-16 22:28:57,251 - INFO - Joueur inseree [OK] : 95b0a212-ac5c-5d83-ba34-2010b9b9c5da
2026-05-16 22:28:57,251 - INFO - Agent inseree [OK] : Jett
2026-05-16 22:28:57,252 - INFO - Compose inseree [OK] : ('95b0a212-ac5c-5d83-ba34-2010b9b9c5da', 2, 6)
2026-05-16 22:28:57,252 - INFO - Joueur inseree [OK] : 0410ce86-0967-5ea2-ac90-0ab71acf179e
2026-05-16 22:28:57,252 - INFO - Agent inseree [OK] : Raze
2026-05-16 22:28:57,252 - INFO - Compose inseree [OK] : ('0410ce86-0967-5ea2-ac90-0ab71acf179e', 1, 7)
2026-05-16 22:28:57,252 - INFO - Joueur inseree [OK] : cfc09887-3295-5f45-881e-e899d13d1e66
2026-05-16 22:28:57,252 - INFO - Agent inseree [OK] : Omen
2026-05-16 22:28:57,252 - INFO - Compose inseree [OK] : ('cfc09887-3295-5f45-881e-e899d13d1e66', 1, 8)
2026-05-16 22:28:57,253 - INFO - Joueur inseree [OK] : db87c479-a33d-5e64-bfba-ec4a40a592b0
2026-05-16 22:28:57,253 - INFO - Agent deja existant [WARN] : Jett
2026-05-16 22:28:57,253 - INFO - Compose inseree [OK] : ('db87c479-a33d-5e64-bfba-ec4a40a592b0', 1, 6)
2026-05-16 22:28:57,254 - INFO - Joueur inseree [OK] : 08993ff7-ffe1-58b9-b42c-b4e68b6ebd4e
2026-05-16 22:28:57,254 - INFO - Agent inseree [OK] : Killjoy
2026-05-16 22:28:57,254 - INFO - Compose inseree [OK] : ('08993ff7-ffe1-58b9-b42c-b4e68b6ebd4e', 2, 10)
2026-05-16 22:28:57,254 - INFO - Carte inseree [OK] : Lotus
2026-05-16 22:28:57,254 - INFO - Match inseree [OK] : 93a5ca57-485c-40f2-8925-0afc0d3915cc
2026-05-16 22:28:57,255 - INFO - Joueur inseree [OK] : 08993ff7-ffe1-58b9-b42c-b4e68b6ebd4e
2026-05-16 22:28:57,255 - INFO - Agent deja existant [WARN] : Killjoy
2026-05-16 22:28:57,255 - INFO - Compose inseree [OK] : ('08993ff7-ffe1-58b9-b42c-b4e68b6ebd4e', 3, 10)
2026-05-16 22:28:57,255 - INFO - Joueur inseree [OK] : 310aa1e8-ce77-51ef-9e9f-f570e320354b
2026-05-16 22:28:57,256 - INFO - Agent inseree [OK] : Iso
2026-05-16 22:28:57,256 - INFO - Compose inseree [OK] : ('310aa1e8-ce77-51ef-9e9f-f570e320354b', 3, 12)
2026-05-16 22:28:57,256 - INFO - Joueur inseree [OK] : f81f237d-d1e7-5088-9dfb-0967d5213100
2026-05-16 22:28:57,256 - INFO - Agent inseree [OK] : Waylay
2026-05-16 22:28:57,256 - INFO - Compose inseree [OK] : ('f81f237d-d1e7-5088-9dfb-0967d5213100', 3, 13)
2026-05-16 22:28:57,256 - INFO - Joueur inseree [OK] : d5d04a57-568e-5d23-882f-9979a4953a8b
2026-05-16 22:28:57,257 - INFO - Agent deja existant [WARN] : Sova
2026-05-16 22:28:57,257 - INFO - Compose inseree [OK] : ('d5d04a57-568e-5d23-882f-9979a4953a8b', 3, 1)
2026-05-16 22:28:57,257 - INFO - Joueur inseree [OK] : 349e5984-3708-555e-a821-44fe0598651d
2026-05-16 22:28:57,257 - INFO - Agent inseree [OK] : Brimstone
2026-05-16 22:28:57,257 - INFO - Compose inseree [OK] : ('349e5984-3708-555e-a821-44fe0598651d', 3, 15)
2026-05-16 22:28:57,257 - INFO - Joueur inseree [OK] : 31ff6685-156b-5e56-a05c-89baab1f15ee
2026-05-16 22:28:57,258 - INFO - Agent deja existant [WARN] : Jett
2026-05-16 22:28:57,258 - INFO - Compose inseree [OK] : ('31ff6685-156b-5e56-a05c-89baab1f15ee', 4, 6)
2026-05-16 22:28:57,258 - INFO - Joueur inseree [OK] : 9a5c891e-d225-5ce8-9c08-bbff2ad048bd
2026-05-16 22:28:57,258 - INFO - Agent inseree [OK] : Phoenix
2026-05-16 22:28:57,258 - INFO - Compose inseree [OK] : ('9a5c891e-d225-5ce8-9c08-bbff2ad048bd', 4, 17)
2026-05-16 22:28:57,259 - INFO - Joueur inseree [OK] : e2f002c3-c037-5605-a981-073b6311893f
2026-05-16 22:28:57,259 - INFO - Agent deja existant [WARN] : Reyna
2026-05-16 22:28:57,259 - INFO - Compose inseree [OK] : ('e2f002c3-c037-5605-a981-073b6311893f', 4, 5)
2026-05-16 22:28:57,259 - INFO - Joueur inseree [OK] : 0841c8c5-b0aa-5e00-bcf7-a276bca8a5c9
2026-05-16 22:28:57,259 - INFO - Agent inseree [OK] : KAY/O
2026-05-16 22:28:57,260 - INFO - Compose inseree [OK] : ('0841c8c5-b0aa-5e00-bcf7-a276bca8a5c9', 4, 19)
2026-05-16 22:28:57,260 - INFO - Joueur inseree [OK] : a10209e6-5f94-5a92-b478-872def95ae7c
2026-05-16 22:28:57,260 - INFO - Agent deja existant [WARN] : Omen
2026-05-16 22:28:57,260 - INFO - Compose inseree [OK] : ('a10209e6-5f94-5a92-b478-872def95ae7c', 4, 8)
2026-05-16 22:28:57,260 - INFO - Carte inseree [OK] : Ascent
2026-05-16 22:28:57,261 - INFO - Match inseree [OK] : dfa266bc-41b9-4493-85ba-ba222f367307
2026-05-16 22:28:57,261 - INFO - Joueur inseree [OK] : 0ef20b7e-aca0-562b-925d-c2afcc0cb45e
2026-05-16 22:28:57,261 - INFO - Agent deja existant [WARN] : Reyna
2026-05-16 22:28:57,262 - INFO - Compose inseree [OK] : ('0ef20b7e-aca0-562b-925d-c2afcc0cb45e', 6, 5)
2026-05-16 22:28:57,262 - INFO - Joueur inseree [OK] : 1199abb5-b715-5f0e-85af-ef543c04f158
2026-05-16 22:28:57,262 - INFO - Agent deja existant [WARN] : Jett
2026-05-16 22:28:57,262 - INFO - Compose inseree [OK] : ('1199abb5-b715-5f0e-85af-ef543c04f158', 5, 6)
2026-05-16 22:28:57,262 - INFO - Joueur inseree [OK] : 47df5b6c-ff65-5618-b5b8-6233b1fe0fd9
2026-05-16 22:28:57,262 - INFO - Agent deja existant [WARN] : Fade
2026-05-16 22:28:57,263 - INFO - Compose inseree [OK] : ('47df5b6c-ff65-5618-b5b8-6233b1fe0fd9', 5, 3)
2026-05-16 22:28:57,263 - INFO - Joueur inseree [OK] : d62400db-0e2f-5659-a0ab-aef66ff266c7
2026-05-16 22:28:57,263 - INFO - Agent deja existant [WARN] : Killjoy
2026-05-16 22:28:57,263 - INFO - Compose inseree [OK] : ('d62400db-0e2f-5659-a0ab-aef66ff266c7', 5, 10)
2026-05-16 22:28:57,263 - INFO - Joueur inseree [OK] : 2d941994-4177-5378-90c6-8b33528cc5dc
2026-05-16 22:28:57,263 - INFO - Agent deja existant [WARN] : Waylay
2026-05-16 22:28:57,264 - INFO - Compose inseree [OK] : ('2d941994-4177-5378-90c6-8b33528cc5dc', 6, 13)
2026-05-16 22:28:57,264 - INFO - Joueur inseree [OK] : 3bd4e43d-9d58-5c29-bcea-c703425e3865
2026-05-16 22:28:57,264 - INFO - Agent inseree [OK] : Clove
2026-05-16 22:28:57,264 - INFO - Compose inseree [OK] : ('3bd4e43d-9d58-5c29-bcea-c703425e3865', 5, 26)
2026-05-16 22:28:57,264 - INFO - Joueur inseree [OK] : 0ae62739-cb39-537f-974a-37c03a6b19e0
2026-05-16 22:28:57,264 - INFO - Agent deja existant [WARN] : Raze
2026-05-16 22:28:57,265 - INFO - Compose inseree [OK] : ('0ae62739-cb39-537f-974a-37c03a6b19e0', 5, 7)
2026-05-16 22:28:57,265 - INFO - Joueur inseree [OK] : 22d3de9e-4aac-55a9-85a3-2cd24e9d23d8
2026-05-16 22:28:57,265 - INFO - Agent deja existant [WARN] : Fade
2026-05-16 22:28:57,265 - INFO - Compose inseree [OK] : ('22d3de9e-4aac-55a9-85a3-2cd24e9d23d8', 6, 3)
2026-05-16 22:28:57,265 - INFO - Joueur inseree [OK] : 1bf4eb8e-eebe-5de3-882e-48488ee7c1e0
2026-05-16 22:28:57,265 - INFO - Agent deja existant [WARN] : Miks
2026-05-16 22:28:57,266 - INFO - Compose inseree [OK] : ('1bf4eb8e-eebe-5de3-882e-48488ee7c1e0', 6, 4)
2026-05-16 22:28:57,266 - INFO - Joueur inseree [OK] : 08993ff7-ffe1-58b9-b42c-b4e68b6ebd4e
2026-05-16 22:28:57,266 - INFO - Agent deja existant [WARN] : Killjoy
2026-05-16 22:28:57,266 - INFO - Compose inseree [OK] : ('08993ff7-ffe1-58b9-b42c-b4e68b6ebd4e', 6, 10)
2026-05-16 22:28:57,266 - INFO - Carte inseree [OK] : Fracture
2026-05-16 22:28:57,267 - INFO - Match inseree [OK] : e9e95ce5-fe87-4b7f-8edc-6228921a344a
2026-05-16 22:28:57,267 - INFO - Joueur inseree [OK] : 0fe18143-515b-5279-89c1-83f0ca8aa10a
2026-05-16 22:28:57,267 - INFO - Agent deja existant [WARN] : Reyna
2026-05-16 22:28:57,267 - INFO - Compose inseree [OK] : ('0fe18143-515b-5279-89c1-83f0ca8aa10a', 8, 5)
2026-05-16 22:28:57,268 - INFO - Joueur inseree [OK] : fd354695-56b4-589a-8c44-6d1a209c5b82
2026-05-16 22:28:57,268 - INFO - Agent deja existant [WARN] : Jett
2026-05-16 22:28:57,268 - INFO - Compose inseree [OK] : ('fd354695-56b4-589a-8c44-6d1a209c5b82', 8, 6)
2026-05-16 22:28:57,268 - INFO - Joueur inseree [OK] : 45da3ebf-0d96-54a4-b7c5-f4c967a04e0b
2026-05-16 22:28:57,268 - INFO - Agent deja existant [WARN] : Miks
2026-05-16 22:28:57,268 - INFO - Compose inseree [OK] : ('45da3ebf-0d96-54a4-b7c5-f4c967a04e0b', 8, 4)
2026-05-16 22:28:57,269 - INFO - Joueur inseree [OK] : 08993ff7-ffe1-58b9-b42c-b4e68b6ebd4e
2026-05-16 22:28:57,269 - INFO - Agent deja existant [WARN] : Killjoy
2026-05-16 22:28:57,269 - INFO - Compose inseree [OK] : ('08993ff7-ffe1-58b9-b42c-b4e68b6ebd4e', 8, 10)
2026-05-16 22:28:57,269 - INFO - Joueur inseree [OK] : 9b7197a5-9ec0-5059-a6c3-d4ccd70b1181
2026-05-16 22:28:57,269 - INFO - Agent deja existant [WARN] : Omen
2026-05-16 22:28:57,270 - INFO - Compose inseree [OK] : ('9b7197a5-9ec0-5059-a6c3-d4ccd70b1181', 7, 8)
2026-05-16 22:28:57,270 - INFO - Joueur inseree [OK] : 13967e78-2ef8-57ba-9a83-896382c2288c
2026-05-16 22:28:57,270 - INFO - Agent inseree [OK] : Tejo
2026-05-16 22:28:57,270 - INFO - Compose inseree [OK] : ('13967e78-2ef8-57ba-9a83-896382c2288c', 7, 36)
2026-05-16 22:28:57,270 - INFO - Joueur inseree [OK] : d2070828-d8e3-54b6-b533-f6c9a4b27351
2026-05-16 22:28:57,270 - INFO - Agent inseree [OK] : Gekko
2026-05-16 22:28:57,270 - INFO - Compose inseree [OK] : ('d2070828-d8e3-54b6-b533-f6c9a4b27351', 8, 37)
2026-05-16 22:28:57,271 - INFO - Joueur inseree [OK] : 7bd18d68-8843-5636-bf9d-4d7081e344c2
2026-05-16 22:28:57,271 - INFO - Agent deja existant [WARN] : Reyna
2026-05-16 22:28:57,271 - INFO - Compose inseree [OK] : ('7bd18d68-8843-5636-bf9d-4d7081e344c2', 7, 5)
2026-05-16 22:28:57,271 - INFO - Joueur inseree [OK] : 6ea5c80d-45d2-5e53-b71f-354d76ea619c
2026-05-16 22:28:57,271 - INFO - Agent deja existant [WARN] : Waylay
2026-05-16 22:28:57,272 - INFO - Compose inseree [OK] : ('6ea5c80d-45d2-5e53-b71f-354d76ea619c', 7, 13)
2026-05-16 22:28:57,272 - INFO - Joueur inseree [OK] : ec0699fb-aba1-5da8-8dc7-3781bd8cd936
2026-05-16 22:28:57,272 - INFO - Agent deja existant [WARN] : Chamber
2026-05-16 22:28:57,272 - INFO - Compose inseree [OK] : ('ec0699fb-aba1-5da8-8dc7-3781bd8cd936', 7, 2)
2026-05-16 22:29:01,497 - INFO - ==================================================
2026-05-16 22:29:01,498 - INFO -    NOUVELLE CONNEXION VERS HENRIK API
2026-05-16 22:29:01,498 - INFO - ==================================================
2026-05-16 22:29:01,499 - DEBUG - Starting new HTTPS connection (1): api.henrikdev.xyz:443
2026-05-16 22:29:01,785 - DEBUG - https://api.henrikdev.xyz:443 "GET /valorant/v1/account/little%20elephant/270 HTTP/1.1" 200 None
2026-05-16 22:29:01,785 - INFO - Connexion etablit [OK]
2026-05-16 22:29:01,787 - DEBUG - Starting new HTTPS connection (1): api.henrikdev.xyz:443
2026-05-16 22:29:02,138 - DEBUG - https://api.henrikdev.xyz:443 "GET /valorant/v3/by-puuid/matches/eu/08993ff7-ffe1-58b9-b42c-b4e68b6ebd4e HTTP/1.1" 200 None
2026-05-16 22:29:02,276 - INFO - Carte deja existante [WARN] : Split
2026-05-16 22:29:02,277 - WARNING - Match deja existant [ERR] : b4722c7d-2b6f-44ad-a78e-65015fa5fb5d
2026-05-16 22:29:02,277 - INFO - Carte deja existante [WARN] : Lotus
2026-05-16 22:29:02,278 - WARNING - Match deja existant [ERR] : 93a5ca57-485c-40f2-8925-0afc0d3915cc
2026-05-16 22:29:02,278 - INFO - Carte deja existante [WARN] : Ascent
2026-05-16 22:29:02,278 - WARNING - Match deja existant [ERR] : dfa266bc-41b9-4493-85ba-ba222f367307
2026-05-16 22:29:02,278 - INFO - Carte deja existante [WARN] : Fracture
2026-05-16 22:29:02,279 - WARNING - Match deja existant [ERR] : e9e95ce5-fe87-4b7f-8edc-6228921a344a
2026-05-16 22:42:57,543 - INFO - ==================================================
2026-05-16 22:42:57,543 - INFO -    NOUVELLE CONNEXION VERS HENRIK API
2026-05-16 22:42:57,543 - INFO - ==================================================
2026-05-16 22:42:57,545 - DEBUG - Starting new HTTPS connection (1): api.henrikdev.xyz:443
2026-05-16 22:42:57,854 - DEBUG - https://api.henrikdev.xyz:443 "GET /valorant/v1/account/little%20elephant/270 HTTP/1.1" 200 None
2026-05-16 22:42:57,854 - INFO - Connexion etablit [OK]
2026-05-16 22:42:57,856 - DEBUG - Starting new HTTPS connection (1): api.henrikdev.xyz:443
2026-05-16 22:42:58,479 - DEBUG - https://api.henrikdev.xyz:443 "GET /valorant/v3/by-puuid/matches/eu/08993ff7-ffe1-58b9-b42c-b4e68b6ebd4e HTTP/1.1" 200 None
2026-05-16 22:42:58,611 - INFO - Carte deja existante [WARN] : Split
2026-05-16 22:42:58,613 - WARNING - Match deja existant [ERR] : b4722c7d-2b6f-44ad-a78e-65015fa5fb5d
2026-05-16 22:42:58,613 - INFO - Carte deja existante [WARN] : Lotus
2026-05-16 22:42:58,613 - WARNING - Match deja existant [ERR] : 93a5ca57-485c-40f2-8925-0afc0d3915cc
2026-05-16 22:42:58,613 - INFO - Carte deja existante [WARN] : Ascent
2026-05-16 22:42:58,613 - WARNING - Match deja existant [ERR] : dfa266bc-41b9-4493-85ba-ba222f367307
2026-05-16 22:42:58,614 - INFO - Carte deja existante [WARN] : Fracture
2026-05-16 22:42:58,614 - WARNING - Match deja existant [ERR] : e9e95ce5-fe87-4b7f-8edc-6228921a344a
2026-05-16 22:45:01,564 - INFO - ==================================================
2026-05-16 22:45:01,564 - INFO -    NOUVELLE CONNEXION VERS HENRIK API
2026-05-16 22:45:01,564 - INFO - ==================================================
2026-05-16 22:45:01,566 - DEBUG - Starting new HTTPS connection (1): api.henrikdev.xyz:443
2026-05-16 22:45:01,881 - DEBUG - https://api.henrikdev.xyz:443 "GET /valorant/v1/account/little%20elephant/270 HTTP/1.1" 200 None
2026-05-16 22:45:01,882 - INFO - Connexion etablit [OK]
2026-05-16 22:45:01,883 - DEBUG - Starting new HTTPS connection (1): api.henrikdev.xyz:443
2026-05-16 22:45:02,331 - DEBUG - https://api.henrikdev.xyz:443 "GET /valorant/v3/by-puuid/matches/eu/08993ff7-ffe1-58b9-b42c-b4e68b6ebd4e HTTP/1.1" 200 None
2026-05-16 22:45:02,460 - INFO - Carte deja existante [WARN] : Split
2026-05-16 22:45:02,462 - WARNING - Match deja existant [ERR] : b4722c7d-2b6f-44ad-a78e-65015fa5fb5d
2026-05-16 22:45:02,462 - INFO - Carte deja existante [WARN] : Lotus
2026-05-16 22:45:02,462 - WARNING - Match deja existant [ERR] : 93a5ca57-485c-40f2-8925-0afc0d3915cc
2026-05-16 22:45:02,462 - INFO - Carte deja existante [WARN] : Ascent
2026-05-16 22:45:02,463 - WARNING - Match deja existant [ERR] : dfa266bc-41b9-4493-85ba-ba222f367307
2026-05-16 22:45:02,463 - INFO - Carte deja existante [WARN] : Fracture
2026-05-16 22:45:02,463 - WARNING - Match deja existant [ERR] : e9e95ce5-fe87-4b7f-8edc-6228921a344a
2026-05-16 22:45:41,095 - INFO - ====================================================================================================
2026-05-16 22:45:41,095 - INFO -    NOUVELLE CONNEXION VERS HENRIK API
2026-05-16 22:45:41,095 - INFO - ====================================================================================================
2026-05-16 22:45:41,096 - DEBUG - Starting new HTTPS connection (1): api.henrikdev.xyz:443
2026-05-16 22:45:41,601 - DEBUG - https://api.henrikdev.xyz:443 "GET /valorant/v1/account/little%20elephant/270 HTTP/1.1" 200 None
2026-05-16 22:45:41,601 - INFO - Connexion etablit [OK]
2026-05-16 22:45:41,603 - DEBUG - Starting new HTTPS connection (1): api.henrikdev.xyz:443
2026-05-16 22:45:42,033 - DEBUG - https://api.henrikdev.xyz:443 "GET /valorant/v3/by-puuid/matches/eu/08993ff7-ffe1-58b9-b42c-b4e68b6ebd4e HTTP/1.1" 200 None
2026-05-16 22:45:42,165 - INFO - Carte deja existante [WARN] : Split
2026-05-16 22:45:42,166 - WARNING - Match deja existant [ERR] : b4722c7d-2b6f-44ad-a78e-65015fa5fb5d
2026-05-16 22:45:42,166 - INFO - Carte deja existante [WARN] : Lotus
2026-05-16 22:45:42,167 - WARNING - Match deja existant [ERR] : 93a5ca57-485c-40f2-8925-0afc0d3915cc
2026-05-16 22:45:42,167 - INFO - Carte deja existante [WARN] : Ascent
2026-05-16 22:45:42,167 - WARNING - Match deja existant [ERR] : dfa266bc-41b9-4493-85ba-ba222f367307
2026-05-16 22:45:42,167 - INFO - Carte deja existante [WARN] : Fracture
2026-05-16 22:45:42,167 - WARNING - Match deja existant [ERR] : e9e95ce5-fe87-4b7f-8edc-6228921a344a
2026-05-23 14:30:37,226 - INFO - ====================================================================================================
2026-05-23 14:30:37,227 - INFO -    NOUVELLE CONNEXION VERS HENRIK API
2026-05-23 14:30:37,227 - INFO - ====================================================================================================
2026-05-23 14:30:37,228 - DEBUG - Starting new HTTPS connection (1): api.henrikdev.xyz:443
2026-05-23 14:30:39,092 - DEBUG - https://api.henrikdev.xyz:443 "GET /valorant/v1/account/little%20elephant/270 HTTP/1.1" 200 None
2026-05-23 14:30:39,093 - INFO - Connexion etablit [OK]
2026-05-23 14:30:39,096 - DEBUG - Starting new HTTPS connection (1): api.henrikdev.xyz:443
2026-05-23 14:30:40,950 - DEBUG - https://api.henrikdev.xyz:443 "GET /valorant/v3/by-puuid/matches/eu/08993ff7-ffe1-58b9-b42c-b4e68b6ebd4e HTTP/1.1" 200 None
2026-05-23 14:30:41,228 - INFO - Carte inseree [OK] : Lotus
2026-05-23 14:30:41,230 - INFO - Match inseree [OK] : 072f6866-df10-4093-90cb-72372e3ea976
2026-05-23 14:30:41,234 - INFO - Joueur inseree [OK] : f6b946ea-9feb-567d-891f-fe4602f01a35
2026-05-23 14:30:41,235 - INFO - Agent inseree [OK] : Killjoy
2026-05-23 14:30:41,236 - INFO - Compose inseree [OK] : ('f6b946ea-9feb-567d-891f-fe4602f01a35', 2, 1)
2026-05-23 14:30:41,237 - INFO - Joueur inseree [OK] : 7529aba0-8e0d-58a8-9f3a-426e51bae4b3
2026-05-23 14:30:41,238 - INFO - Agent inseree [OK] : Reyna
2026-05-23 14:30:41,238 - INFO - Compose inseree [OK] : ('7529aba0-8e0d-58a8-9f3a-426e51bae4b3', 2, 2)
2026-05-23 14:30:41,239 - INFO - Joueur inseree [OK] : 08993ff7-ffe1-58b9-b42c-b4e68b6ebd4e
2026-05-23 14:30:41,239 - INFO - Agent inseree [OK] : Skye
2026-05-23 14:30:41,240 - INFO - Compose inseree [OK] : ('08993ff7-ffe1-58b9-b42c-b4e68b6ebd4e', 2, 3)
2026-05-23 14:30:41,240 - INFO - Joueur inseree [OK] : d4e5b836-81ef-540e-95d6-588e232c914d
2026-05-23 14:30:41,241 - INFO - Agent deja existant [WARN] : Reyna
2026-05-23 14:30:41,242 - INFO - Compose inseree [OK] : ('d4e5b836-81ef-540e-95d6-588e232c914d', 1, 2)
2026-05-23 14:30:41,243 - INFO - Joueur inseree [OK] : 3325632b-5375-53cf-b73f-dccbd8407f87
2026-05-23 14:30:41,243 - INFO - Agent inseree [OK] : Brimstone
2026-05-23 14:30:41,244 - INFO - Compose inseree [OK] : ('3325632b-5375-53cf-b73f-dccbd8407f87', 1, 5)
2026-05-23 14:30:41,244 - INFO - Joueur inseree [OK] : 659b9a5a-e0dc-5c9a-9425-597af59e3874
2026-05-23 14:30:41,245 - INFO - Agent inseree [OK] : Breach
2026-05-23 14:30:41,246 - INFO - Compose inseree [OK] : ('659b9a5a-e0dc-5c9a-9425-597af59e3874', 1, 6)
2026-05-23 14:30:41,246 - INFO - Joueur inseree [OK] : 12fb0f7a-d96a-5bce-90ab-2d25beab4c19
2026-05-23 14:30:41,246 - INFO - Agent inseree [OK] : Phoenix
2026-05-23 14:30:41,247 - INFO - Compose inseree [OK] : ('12fb0f7a-d96a-5bce-90ab-2d25beab4c19', 2, 7)
2026-05-23 14:30:41,247 - INFO - Joueur inseree [OK] : 87c1de8d-8365-51cf-bf54-3fbc660f55f7
2026-05-23 14:30:41,248 - INFO - Agent inseree [OK] : Chamber
2026-05-23 14:30:41,248 - INFO - Compose inseree [OK] : ('87c1de8d-8365-51cf-bf54-3fbc660f55f7', 1, 8)
2026-05-23 14:30:41,249 - INFO - Joueur inseree [OK] : db39dbed-c654-56b8-ad47-d43aec229f7c
2026-05-23 14:30:41,249 - INFO - Agent inseree [OK] : Jett
2026-05-23 14:30:41,250 - INFO - Compose inseree [OK] : ('db39dbed-c654-56b8-ad47-d43aec229f7c', 1, 9)
2026-05-23 14:30:41,250 - INFO - Joueur inseree [OK] : 8ae6755d-fba8-5e54-ac45-c4c86dd6fd69
2026-05-23 14:30:41,251 - INFO - Agent inseree [OK] : Omen
2026-05-23 14:30:41,251 - INFO - Compose inseree [OK] : ('8ae6755d-fba8-5e54-ac45-c4c86dd6fd69', 2, 10)
2026-05-23 14:30:41,251 - ERROR - Erreur : 'plant_time_in_rounds'
2026-05-23 14:54:20,640 - INFO - ====================================================================================================
2026-05-23 14:54:20,640 - INFO -    NOUVELLE CONNEXION VERS HENRIK API
2026-05-23 14:54:20,640 - INFO - ====================================================================================================
2026-05-23 14:54:20,642 - DEBUG - Starting new HTTPS connection (1): api.henrikdev.xyz:443
2026-05-23 14:54:20,865 - DEBUG - https://api.henrikdev.xyz:443 "GET /valorant/v1/account/little%20elephant/270 HTTP/1.1" 200 None
2026-05-23 14:54:20,874 - INFO - Connexion etablit [OK]
2026-05-23 14:54:20,875 - DEBUG - Starting new HTTPS connection (1): api.henrikdev.xyz:443
2026-05-23 14:54:21,895 - DEBUG - https://api.henrikdev.xyz:443 "GET /valorant/v3/by-puuid/matches/eu/08993ff7-ffe1-58b9-b42c-b4e68b6ebd4e HTTP/1.1" 200 None
2026-05-23 14:54:22,424 - INFO - Carte inseree [OK] : Lotus
2026-05-23 14:54:22,425 - INFO - Match inseree [OK] : 072f6866-df10-4093-90cb-72372e3ea976
2026-05-23 14:54:22,427 - INFO - Joueur inseree [OK] : f6b946ea-9feb-567d-891f-fe4602f01a35
2026-05-23 14:54:22,428 - INFO - Agent inseree [OK] : Killjoy
2026-05-23 14:54:22,428 - INFO - Compose inseree [OK] : ('f6b946ea-9feb-567d-891f-fe4602f01a35', 2, 1)
2026-05-23 14:54:22,429 - INFO - Joueur inseree [OK] : 7529aba0-8e0d-58a8-9f3a-426e51bae4b3
2026-05-23 14:54:22,429 - INFO - Agent inseree [OK] : Reyna
2026-05-23 14:54:22,430 - INFO - Compose inseree [OK] : ('7529aba0-8e0d-58a8-9f3a-426e51bae4b3', 2, 2)
2026-05-23 14:54:22,430 - INFO - Joueur inseree [OK] : 08993ff7-ffe1-58b9-b42c-b4e68b6ebd4e
2026-05-23 14:54:22,430 - INFO - Agent inseree [OK] : Skye
2026-05-23 14:54:22,431 - INFO - Compose inseree [OK] : ('08993ff7-ffe1-58b9-b42c-b4e68b6ebd4e', 2, 3)
2026-05-23 14:54:22,431 - INFO - Joueur inseree [OK] : d4e5b836-81ef-540e-95d6-588e232c914d
2026-05-23 14:54:22,431 - INFO - Agent deja existant [WARN] : Reyna
2026-05-23 14:54:22,432 - INFO - Compose inseree [OK] : ('d4e5b836-81ef-540e-95d6-588e232c914d', 1, 2)
2026-05-23 14:54:22,432 - INFO - Joueur inseree [OK] : 3325632b-5375-53cf-b73f-dccbd8407f87
2026-05-23 14:54:22,433 - INFO - Agent inseree [OK] : Brimstone
2026-05-23 14:54:22,433 - INFO - Compose inseree [OK] : ('3325632b-5375-53cf-b73f-dccbd8407f87', 1, 5)
2026-05-23 14:54:22,433 - INFO - Joueur inseree [OK] : 659b9a5a-e0dc-5c9a-9425-597af59e3874
2026-05-23 14:54:22,434 - INFO - Agent inseree [OK] : Breach
2026-05-23 14:54:22,434 - INFO - Compose inseree [OK] : ('659b9a5a-e0dc-5c9a-9425-597af59e3874', 1, 6)
2026-05-23 14:54:22,434 - INFO - Joueur inseree [OK] : 12fb0f7a-d96a-5bce-90ab-2d25beab4c19
2026-05-23 14:54:22,434 - INFO - Agent inseree [OK] : Phoenix
2026-05-23 14:54:22,435 - INFO - Compose inseree [OK] : ('12fb0f7a-d96a-5bce-90ab-2d25beab4c19', 2, 7)
2026-05-23 14:54:22,435 - INFO - Joueur inseree [OK] : 87c1de8d-8365-51cf-bf54-3fbc660f55f7
2026-05-23 14:54:22,435 - INFO - Agent inseree [OK] : Chamber
2026-05-23 14:54:22,435 - INFO - Compose inseree [OK] : ('87c1de8d-8365-51cf-bf54-3fbc660f55f7', 1, 8)
2026-05-23 14:54:22,436 - INFO - Joueur inseree [OK] : db39dbed-c654-56b8-ad47-d43aec229f7c
2026-05-23 14:54:22,436 - INFO - Agent inseree [OK] : Jett
2026-05-23 14:54:22,436 - INFO - Compose inseree [OK] : ('db39dbed-c654-56b8-ad47-d43aec229f7c', 1, 9)
2026-05-23 14:54:22,436 - INFO - Joueur inseree [OK] : 8ae6755d-fba8-5e54-ac45-c4c86dd6fd69
2026-05-23 14:54:22,437 - INFO - Agent inseree [OK] : Omen
2026-05-23 14:54:22,437 - INFO - Compose inseree [OK] : ('8ae6755d-fba8-5e54-ac45-c4c86dd6fd69', 2, 10)
2026-05-23 14:54:22,437 - ERROR - Erreur : not all arguments converted during string formatting
2026-05-23 14:55:47,611 - INFO - ====================================================================================================
2026-05-23 14:55:47,611 - INFO -    NOUVELLE CONNEXION VERS HENRIK API
2026-05-23 14:55:47,611 - INFO - ====================================================================================================
2026-05-23 14:55:47,612 - DEBUG - Starting new HTTPS connection (1): api.henrikdev.xyz:443
2026-05-23 14:55:47,731 - DEBUG - https://api.henrikdev.xyz:443 "GET /valorant/v1/account/little%20elephant/270 HTTP/1.1" 200 None
2026-05-23 14:55:47,731 - INFO - Connexion etablit [OK]
2026-05-23 14:55:47,733 - DEBUG - Starting new HTTPS connection (1): api.henrikdev.xyz:443
2026-05-23 14:55:48,044 - DEBUG - https://api.henrikdev.xyz:443 "GET /valorant/v3/by-puuid/matches/eu/08993ff7-ffe1-58b9-b42c-b4e68b6ebd4e HTTP/1.1" 200 None
2026-05-23 14:55:48,444 - INFO - Carte inseree [OK] : Lotus
2026-05-23 14:55:48,445 - INFO - Match inseree [OK] : 072f6866-df10-4093-90cb-72372e3ea976
2026-05-23 14:55:48,446 - INFO - Joueur inseree [OK] : f6b946ea-9feb-567d-891f-fe4602f01a35
2026-05-23 14:55:48,447 - INFO - Agent inseree [OK] : Killjoy
2026-05-23 14:55:48,447 - INFO - Compose inseree [OK] : ('f6b946ea-9feb-567d-891f-fe4602f01a35', 4, 11)
2026-05-23 14:55:48,448 - INFO - Joueur inseree [OK] : 7529aba0-8e0d-58a8-9f3a-426e51bae4b3
2026-05-23 14:55:48,448 - INFO - Agent inseree [OK] : Reyna
2026-05-23 14:55:48,449 - INFO - Compose inseree [OK] : ('7529aba0-8e0d-58a8-9f3a-426e51bae4b3', 4, 12)
2026-05-23 14:55:48,449 - INFO - Joueur inseree [OK] : 08993ff7-ffe1-58b9-b42c-b4e68b6ebd4e
2026-05-23 14:55:48,449 - INFO - Agent inseree [OK] : Skye
2026-05-23 14:55:48,449 - INFO - Compose inseree [OK] : ('08993ff7-ffe1-58b9-b42c-b4e68b6ebd4e', 4, 13)
2026-05-23 14:55:48,450 - INFO - Joueur inseree [OK] : d4e5b836-81ef-540e-95d6-588e232c914d
2026-05-23 14:55:48,450 - INFO - Agent deja existant [WARN] : Reyna
2026-05-23 14:55:48,451 - INFO - Compose inseree [OK] : ('d4e5b836-81ef-540e-95d6-588e232c914d', 3, 12)
2026-05-23 14:55:48,451 - INFO - Joueur inseree [OK] : 3325632b-5375-53cf-b73f-dccbd8407f87
2026-05-23 14:55:48,451 - INFO - Agent inseree [OK] : Brimstone
2026-05-23 14:55:48,452 - INFO - Compose inseree [OK] : ('3325632b-5375-53cf-b73f-dccbd8407f87', 3, 15)
2026-05-23 14:55:48,452 - INFO - Joueur inseree [OK] : 659b9a5a-e0dc-5c9a-9425-597af59e3874
2026-05-23 14:55:48,452 - INFO - Agent inseree [OK] : Breach
2026-05-23 14:55:48,453 - INFO - Compose inseree [OK] : ('659b9a5a-e0dc-5c9a-9425-597af59e3874', 3, 16)
2026-05-23 14:55:48,453 - INFO - Joueur inseree [OK] : 12fb0f7a-d96a-5bce-90ab-2d25beab4c19
2026-05-23 14:55:48,453 - INFO - Agent inseree [OK] : Phoenix
2026-05-23 14:55:48,453 - INFO - Compose inseree [OK] : ('12fb0f7a-d96a-5bce-90ab-2d25beab4c19', 4, 17)
2026-05-23 14:55:48,454 - INFO - Joueur inseree [OK] : 87c1de8d-8365-51cf-bf54-3fbc660f55f7
2026-05-23 14:55:48,454 - INFO - Agent inseree [OK] : Chamber
2026-05-23 14:55:48,454 - INFO - Compose inseree [OK] : ('87c1de8d-8365-51cf-bf54-3fbc660f55f7', 3, 18)
2026-05-23 14:55:48,454 - INFO - Joueur inseree [OK] : db39dbed-c654-56b8-ad47-d43aec229f7c
2026-05-23 14:55:48,455 - INFO - Agent inseree [OK] : Jett
2026-05-23 14:55:48,455 - INFO - Compose inseree [OK] : ('db39dbed-c654-56b8-ad47-d43aec229f7c', 3, 19)
2026-05-23 14:55:48,455 - INFO - Joueur inseree [OK] : 8ae6755d-fba8-5e54-ac45-c4c86dd6fd69
2026-05-23 14:55:48,455 - INFO - Agent inseree [OK] : Omen
2026-05-23 14:55:48,455 - INFO - Compose inseree [OK] : ('8ae6755d-fba8-5e54-ac45-c4c86dd6fd69', 4, 20)
2026-05-23 14:55:48,457 - ERROR - Erreur : column "winning_team_id" of relation "round" does not exist
LINE 3: ...lant_time_in_round, plant_coord_x, plant_coord_y, winning_te...
                                                             ^

2026-05-23 14:58:08,354 - INFO - ====================================================================================================
2026-05-23 14:58:08,354 - INFO -    NOUVELLE CONNEXION VERS HENRIK API
2026-05-23 14:58:08,354 - INFO - ====================================================================================================
2026-05-23 14:58:08,355 - DEBUG - Starting new HTTPS connection (1): api.henrikdev.xyz:443
2026-05-23 14:58:09,273 - DEBUG - https://api.henrikdev.xyz:443 "GET /valorant/v1/account/little%20elephant/270 HTTP/1.1" 200 None
2026-05-23 14:58:09,273 - INFO - Connexion etablit [OK]
2026-05-23 14:58:09,275 - DEBUG - Starting new HTTPS connection (1): api.henrikdev.xyz:443
2026-05-23 14:58:09,962 - DEBUG - https://api.henrikdev.xyz:443 "GET /valorant/v3/by-puuid/matches/eu/08993ff7-ffe1-58b9-b42c-b4e68b6ebd4e HTTP/1.1" 200 None
2026-05-23 14:58:10,879 - INFO - Carte inseree [OK] : Lotus
2026-05-23 14:58:10,879 - INFO - Match inseree [OK] : 072f6866-df10-4093-90cb-72372e3ea976
2026-05-23 14:58:10,880 - INFO - Joueur inseree [OK] : f6b946ea-9feb-567d-891f-fe4602f01a35
2026-05-23 14:58:10,880 - INFO - Agent inseree [OK] : Killjoy
2026-05-23 14:58:10,881 - INFO - Compose inseree [OK] : ('f6b946ea-9feb-567d-891f-fe4602f01a35', 2, 1)
2026-05-23 14:58:10,881 - INFO - Joueur inseree [OK] : 7529aba0-8e0d-58a8-9f3a-426e51bae4b3
2026-05-23 14:58:10,881 - INFO - Agent inseree [OK] : Reyna
2026-05-23 14:58:10,881 - INFO - Compose inseree [OK] : ('7529aba0-8e0d-58a8-9f3a-426e51bae4b3', 2, 2)
2026-05-23 14:58:10,881 - INFO - Joueur inseree [OK] : 08993ff7-ffe1-58b9-b42c-b4e68b6ebd4e
2026-05-23 14:58:10,881 - INFO - Agent inseree [OK] : Skye
2026-05-23 14:58:10,882 - INFO - Compose inseree [OK] : ('08993ff7-ffe1-58b9-b42c-b4e68b6ebd4e', 2, 3)
2026-05-23 14:58:10,882 - INFO - Joueur inseree [OK] : d4e5b836-81ef-540e-95d6-588e232c914d
2026-05-23 14:58:10,882 - INFO - Agent deja existant [WARN] : Reyna
2026-05-23 14:58:10,882 - INFO - Compose inseree [OK] : ('d4e5b836-81ef-540e-95d6-588e232c914d', 1, 2)
2026-05-23 14:58:10,882 - INFO - Joueur inseree [OK] : 3325632b-5375-53cf-b73f-dccbd8407f87
2026-05-23 14:58:10,882 - INFO - Agent inseree [OK] : Brimstone
2026-05-23 14:58:10,883 - INFO - Compose inseree [OK] : ('3325632b-5375-53cf-b73f-dccbd8407f87', 1, 5)
2026-05-23 14:58:10,883 - INFO - Joueur inseree [OK] : 659b9a5a-e0dc-5c9a-9425-597af59e3874
2026-05-23 14:58:10,883 - INFO - Agent inseree [OK] : Breach
2026-05-23 14:58:10,883 - INFO - Compose inseree [OK] : ('659b9a5a-e0dc-5c9a-9425-597af59e3874', 1, 6)
2026-05-23 14:58:10,883 - INFO - Joueur inseree [OK] : 12fb0f7a-d96a-5bce-90ab-2d25beab4c19
2026-05-23 14:58:10,883 - INFO - Agent inseree [OK] : Phoenix
2026-05-23 14:58:10,883 - INFO - Compose inseree [OK] : ('12fb0f7a-d96a-5bce-90ab-2d25beab4c19', 2, 7)
2026-05-23 14:58:10,883 - INFO - Joueur inseree [OK] : 87c1de8d-8365-51cf-bf54-3fbc660f55f7
2026-05-23 14:58:10,883 - INFO - Agent inseree [OK] : Chamber
2026-05-23 14:58:10,884 - INFO - Compose inseree [OK] : ('87c1de8d-8365-51cf-bf54-3fbc660f55f7', 1, 8)
2026-05-23 14:58:10,884 - INFO - Joueur inseree [OK] : db39dbed-c654-56b8-ad47-d43aec229f7c
2026-05-23 14:58:10,884 - INFO - Agent inseree [OK] : Jett
2026-05-23 14:58:10,884 - INFO - Compose inseree [OK] : ('db39dbed-c654-56b8-ad47-d43aec229f7c', 1, 9)
2026-05-23 14:58:10,884 - INFO - Joueur inseree [OK] : 8ae6755d-fba8-5e54-ac45-c4c86dd6fd69
2026-05-23 14:58:10,884 - INFO - Agent inseree [OK] : Omen
2026-05-23 14:58:10,884 - INFO - Compose inseree [OK] : ('8ae6755d-fba8-5e54-ac45-c4c86dd6fd69', 2, 10)
2026-05-23 14:58:10,884 - INFO - Round inseree [OK] : 1
2026-05-23 14:58:10,885 - INFO - Arme inseree [OK] : Ghost
2026-05-23 14:58:10,885 - ERROR - Erreur : column "armor_id" of relation "arme" does not exist
LINE 2:                    INSERT INTO Arme (armor_id, armor_name, a...
                                             ^

2026-05-23 14:58:47,209 - INFO - ====================================================================================================
2026-05-23 14:58:47,209 - INFO -    NOUVELLE CONNEXION VERS HENRIK API
2026-05-23 14:58:47,209 - INFO - ====================================================================================================
2026-05-23 14:58:47,210 - DEBUG - Starting new HTTPS connection (1): api.henrikdev.xyz:443
2026-05-23 14:58:47,504 - DEBUG - https://api.henrikdev.xyz:443 "GET /valorant/v1/account/little%20elephant/270 HTTP/1.1" 200 None
2026-05-23 14:58:47,505 - INFO - Connexion etablit [OK]
2026-05-23 14:58:47,507 - DEBUG - Starting new HTTPS connection (1): api.henrikdev.xyz:443
2026-05-23 14:58:47,787 - DEBUG - https://api.henrikdev.xyz:443 "GET /valorant/v3/by-puuid/matches/eu/08993ff7-ffe1-58b9-b42c-b4e68b6ebd4e HTTP/1.1" 200 None
2026-05-23 14:58:48,354 - INFO - Carte inseree [OK] : Lotus
2026-05-23 14:58:48,355 - INFO - Match inseree [OK] : 072f6866-df10-4093-90cb-72372e3ea976
2026-05-23 14:58:48,356 - INFO - Joueur inseree [OK] : f6b946ea-9feb-567d-891f-fe4602f01a35
2026-05-23 14:58:48,357 - INFO - Agent inseree [OK] : Killjoy
2026-05-23 14:58:48,358 - INFO - Compose inseree [OK] : ('f6b946ea-9feb-567d-891f-fe4602f01a35', 3, 11)
2026-05-23 14:58:48,358 - INFO - Joueur inseree [OK] : 7529aba0-8e0d-58a8-9f3a-426e51bae4b3
2026-05-23 14:58:48,358 - INFO - Agent inseree [OK] : Reyna
2026-05-23 14:58:48,359 - INFO - Compose inseree [OK] : ('7529aba0-8e0d-58a8-9f3a-426e51bae4b3', 3, 12)
2026-05-23 14:58:48,359 - INFO - Joueur inseree [OK] : 08993ff7-ffe1-58b9-b42c-b4e68b6ebd4e
2026-05-23 14:58:48,359 - INFO - Agent inseree [OK] : Skye
2026-05-23 14:58:48,360 - INFO - Compose inseree [OK] : ('08993ff7-ffe1-58b9-b42c-b4e68b6ebd4e', 3, 13)
2026-05-23 14:58:48,360 - INFO - Joueur inseree [OK] : d4e5b836-81ef-540e-95d6-588e232c914d
2026-05-23 14:58:48,360 - INFO - Agent deja existant [WARN] : Reyna
2026-05-23 14:58:48,361 - INFO - Compose inseree [OK] : ('d4e5b836-81ef-540e-95d6-588e232c914d', 4, 12)
2026-05-23 14:58:48,361 - INFO - Joueur inseree [OK] : 3325632b-5375-53cf-b73f-dccbd8407f87
2026-05-23 14:58:48,362 - INFO - Agent inseree [OK] : Brimstone
2026-05-23 14:58:48,362 - INFO - Compose inseree [OK] : ('3325632b-5375-53cf-b73f-dccbd8407f87', 4, 15)
2026-05-23 14:58:48,362 - INFO - Joueur inseree [OK] : 659b9a5a-e0dc-5c9a-9425-597af59e3874
2026-05-23 14:58:48,362 - INFO - Agent inseree [OK] : Breach
2026-05-23 14:58:48,363 - INFO - Compose inseree [OK] : ('659b9a5a-e0dc-5c9a-9425-597af59e3874', 4, 16)
2026-05-23 14:58:48,363 - INFO - Joueur inseree [OK] : 12fb0f7a-d96a-5bce-90ab-2d25beab4c19
2026-05-23 14:58:48,363 - INFO - Agent inseree [OK] : Phoenix
2026-05-23 14:58:48,363 - INFO - Compose inseree [OK] : ('12fb0f7a-d96a-5bce-90ab-2d25beab4c19', 3, 17)
2026-05-23 14:58:48,364 - INFO - Joueur inseree [OK] : 87c1de8d-8365-51cf-bf54-3fbc660f55f7
2026-05-23 14:58:48,364 - INFO - Agent inseree [OK] : Chamber
2026-05-23 14:58:48,364 - INFO - Compose inseree [OK] : ('87c1de8d-8365-51cf-bf54-3fbc660f55f7', 4, 18)
2026-05-23 14:58:48,364 - INFO - Joueur inseree [OK] : db39dbed-c654-56b8-ad47-d43aec229f7c
2026-05-23 14:58:48,364 - INFO - Agent inseree [OK] : Jett
2026-05-23 14:58:48,365 - INFO - Compose inseree [OK] : ('db39dbed-c654-56b8-ad47-d43aec229f7c', 4, 19)
2026-05-23 14:58:48,365 - INFO - Joueur inseree [OK] : 8ae6755d-fba8-5e54-ac45-c4c86dd6fd69
2026-05-23 14:58:48,365 - INFO - Agent inseree [OK] : Omen
2026-05-23 14:58:48,365 - INFO - Compose inseree [OK] : ('8ae6755d-fba8-5e54-ac45-c4c86dd6fd69', 3, 20)
2026-05-23 14:58:48,366 - INFO - Round inseree [OK] : 2
2026-05-23 14:58:48,366 - INFO - Arme inseree [OK] : Ghost
2026-05-23 14:58:48,366 - ERROR - Erreur : null value in column "armor_id" of relation "armure" violates not-null constraint
DETAIL:  Failing row contains (null, null, null).

2026-05-23 15:05:53,471 - INFO - ====================================================================================================
2026-05-23 15:05:53,471 - INFO -    NOUVELLE CONNEXION VERS HENRIK API
2026-05-23 15:05:53,471 - INFO - ====================================================================================================
2026-05-23 15:05:53,472 - DEBUG - Starting new HTTPS connection (1): api.henrikdev.xyz:443
2026-05-23 15:05:54,160 - DEBUG - https://api.henrikdev.xyz:443 "GET /valorant/v1/account/little%20elephant/270 HTTP/1.1" 200 None
2026-05-23 15:05:54,160 - INFO - Connexion etablit [OK]
2026-05-23 15:05:54,162 - DEBUG - Starting new HTTPS connection (1): api.henrikdev.xyz:443
2026-05-23 15:05:55,086 - DEBUG - https://api.henrikdev.xyz:443 "GET /valorant/v3/by-puuid/matches/eu/08993ff7-ffe1-58b9-b42c-b4e68b6ebd4e HTTP/1.1" 200 None
2026-05-23 15:05:56,624 - INFO - Carte inseree [OK] : Lotus
2026-05-23 15:05:56,625 - INFO - Match inseree [OK] : 072f6866-df10-4093-90cb-72372e3ea976
2026-05-23 15:05:56,627 - INFO - Joueur inseree [OK] : f6b946ea-9feb-567d-891f-fe4602f01a35
2026-05-23 15:05:56,627 - INFO - Agent inseree [OK] : Killjoy
2026-05-23 15:05:56,628 - INFO - Compose inseree [OK] : ('f6b946ea-9feb-567d-891f-fe4602f01a35', 6, 21)
2026-05-23 15:05:56,628 - INFO - Joueur inseree [OK] : 7529aba0-8e0d-58a8-9f3a-426e51bae4b3
2026-05-23 15:05:56,629 - INFO - Agent inseree [OK] : Reyna
2026-05-23 15:05:56,629 - INFO - Compose inseree [OK] : ('7529aba0-8e0d-58a8-9f3a-426e51bae4b3', 6, 22)
2026-05-23 15:05:56,629 - INFO - Joueur inseree [OK] : 08993ff7-ffe1-58b9-b42c-b4e68b6ebd4e
2026-05-23 15:05:56,630 - INFO - Agent inseree [OK] : Skye
2026-05-23 15:05:56,630 - INFO - Compose inseree [OK] : ('08993ff7-ffe1-58b9-b42c-b4e68b6ebd4e', 6, 23)
2026-05-23 15:05:56,630 - INFO - Joueur inseree [OK] : d4e5b836-81ef-540e-95d6-588e232c914d
2026-05-23 15:05:56,630 - INFO - Agent deja existant [WARN] : Reyna
2026-05-23 15:05:56,631 - INFO - Compose inseree [OK] : ('d4e5b836-81ef-540e-95d6-588e232c914d', 5, 22)
2026-05-23 15:05:56,632 - INFO - Joueur inseree [OK] : 3325632b-5375-53cf-b73f-dccbd8407f87
2026-05-23 15:05:56,632 - INFO - Agent inseree [OK] : Brimstone
2026-05-23 15:05:56,632 - INFO - Compose inseree [OK] : ('3325632b-5375-53cf-b73f-dccbd8407f87', 5, 25)
2026-05-23 15:05:56,632 - INFO - Joueur inseree [OK] : 659b9a5a-e0dc-5c9a-9425-597af59e3874
2026-05-23 15:05:56,633 - INFO - Agent inseree [OK] : Breach
2026-05-23 15:05:56,633 - INFO - Compose inseree [OK] : ('659b9a5a-e0dc-5c9a-9425-597af59e3874', 5, 26)
2026-05-23 15:05:56,633 - INFO - Joueur inseree [OK] : 12fb0f7a-d96a-5bce-90ab-2d25beab4c19
2026-05-23 15:05:56,634 - INFO - Agent inseree [OK] : Phoenix
2026-05-23 15:05:56,634 - INFO - Compose inseree [OK] : ('12fb0f7a-d96a-5bce-90ab-2d25beab4c19', 6, 27)
2026-05-23 15:05:56,634 - INFO - Joueur inseree [OK] : 87c1de8d-8365-51cf-bf54-3fbc660f55f7
2026-05-23 15:05:56,635 - INFO - Agent inseree [OK] : Chamber
2026-05-23 15:05:56,635 - INFO - Compose inseree [OK] : ('87c1de8d-8365-51cf-bf54-3fbc660f55f7', 5, 28)
2026-05-23 15:05:56,635 - INFO - Joueur inseree [OK] : db39dbed-c654-56b8-ad47-d43aec229f7c
2026-05-23 15:05:56,635 - INFO - Agent inseree [OK] : Jett
2026-05-23 15:05:56,636 - INFO - Compose inseree [OK] : ('db39dbed-c654-56b8-ad47-d43aec229f7c', 5, 29)
2026-05-23 15:05:56,636 - INFO - Joueur inseree [OK] : 8ae6755d-fba8-5e54-ac45-c4c86dd6fd69
2026-05-23 15:05:56,636 - INFO - Agent inseree [OK] : Omen
2026-05-23 15:05:56,636 - INFO - Compose inseree [OK] : ('8ae6755d-fba8-5e54-ac45-c4c86dd6fd69', 6, 30)
2026-05-23 15:05:56,637 - INFO - Round inseree [OK] : 3
2026-05-23 15:05:56,637 - INFO - Arme inseree [OK] : Ghost
2026-05-23 15:05:56,638 - ERROR - Erreur : null value in column "armor_name" of relation "armure" violates not-null constraint
DETAIL:  Failing row contains (00000000-0000-0000-0000-000000000000, null, null).

2026-05-23 15:07:06,886 - INFO - ====================================================================================================
2026-05-23 15:07:06,886 - INFO -    NOUVELLE CONNEXION VERS HENRIK API
2026-05-23 15:07:06,886 - INFO - ====================================================================================================
2026-05-23 15:07:06,887 - DEBUG - Starting new HTTPS connection (1): api.henrikdev.xyz:443
2026-05-23 15:07:07,084 - DEBUG - https://api.henrikdev.xyz:443 "GET /valorant/v1/account/little%20elephant/270 HTTP/1.1" 200 None
2026-05-23 15:07:07,085 - INFO - Connexion etablit [OK]
2026-05-23 15:07:07,086 - DEBUG - Starting new HTTPS connection (1): api.henrikdev.xyz:443
2026-05-23 15:07:07,597 - DEBUG - https://api.henrikdev.xyz:443 "GET /valorant/v3/by-puuid/matches/eu/08993ff7-ffe1-58b9-b42c-b4e68b6ebd4e HTTP/1.1" 200 None
2026-05-23 15:07:08,343 - INFO - Carte inseree [OK] : Lotus
2026-05-23 15:07:08,344 - INFO - Match inseree [OK] : 072f6866-df10-4093-90cb-72372e3ea976
2026-05-23 15:07:08,346 - INFO - Joueur inseree [OK] : f6b946ea-9feb-567d-891f-fe4602f01a35
2026-05-23 15:07:08,346 - INFO - Agent inseree [OK] : Killjoy
2026-05-23 15:07:08,347 - INFO - Compose inseree [OK] : ('f6b946ea-9feb-567d-891f-fe4602f01a35', 2, 1)
2026-05-23 15:07:08,348 - INFO - Joueur inseree [OK] : 7529aba0-8e0d-58a8-9f3a-426e51bae4b3
2026-05-23 15:07:08,348 - INFO - Agent inseree [OK] : Reyna
2026-05-23 15:07:08,348 - INFO - Compose inseree [OK] : ('7529aba0-8e0d-58a8-9f3a-426e51bae4b3', 2, 2)
2026-05-23 15:07:08,349 - INFO - Joueur inseree [OK] : 08993ff7-ffe1-58b9-b42c-b4e68b6ebd4e
2026-05-23 15:07:08,349 - INFO - Agent inseree [OK] : Skye
2026-05-23 15:07:08,349 - INFO - Compose inseree [OK] : ('08993ff7-ffe1-58b9-b42c-b4e68b6ebd4e', 2, 3)
2026-05-23 15:07:08,350 - INFO - Joueur inseree [OK] : d4e5b836-81ef-540e-95d6-588e232c914d
2026-05-23 15:07:08,350 - INFO - Agent deja existant [WARN] : Reyna
2026-05-23 15:07:08,351 - INFO - Compose inseree [OK] : ('d4e5b836-81ef-540e-95d6-588e232c914d', 1, 2)
2026-05-23 15:07:08,351 - INFO - Joueur inseree [OK] : 3325632b-5375-53cf-b73f-dccbd8407f87
2026-05-23 15:07:08,352 - INFO - Agent inseree [OK] : Brimstone
2026-05-23 15:07:08,352 - INFO - Compose inseree [OK] : ('3325632b-5375-53cf-b73f-dccbd8407f87', 1, 5)
2026-05-23 15:07:08,352 - INFO - Joueur inseree [OK] : 659b9a5a-e0dc-5c9a-9425-597af59e3874
2026-05-23 15:07:08,353 - INFO - Agent inseree [OK] : Breach
2026-05-23 15:07:08,353 - INFO - Compose inseree [OK] : ('659b9a5a-e0dc-5c9a-9425-597af59e3874', 1, 6)
2026-05-23 15:07:08,353 - INFO - Joueur inseree [OK] : 12fb0f7a-d96a-5bce-90ab-2d25beab4c19
2026-05-23 15:07:08,353 - INFO - Agent inseree [OK] : Phoenix
2026-05-23 15:07:08,354 - INFO - Compose inseree [OK] : ('12fb0f7a-d96a-5bce-90ab-2d25beab4c19', 2, 7)
2026-05-23 15:07:08,354 - INFO - Joueur inseree [OK] : 87c1de8d-8365-51cf-bf54-3fbc660f55f7
2026-05-23 15:07:08,354 - INFO - Agent inseree [OK] : Chamber
2026-05-23 15:07:08,355 - INFO - Compose inseree [OK] : ('87c1de8d-8365-51cf-bf54-3fbc660f55f7', 1, 8)
2026-05-23 15:07:08,355 - INFO - Joueur inseree [OK] : db39dbed-c654-56b8-ad47-d43aec229f7c
2026-05-23 15:07:08,355 - INFO - Agent inseree [OK] : Jett
2026-05-23 15:07:08,355 - INFO - Compose inseree [OK] : ('db39dbed-c654-56b8-ad47-d43aec229f7c', 1, 9)
2026-05-23 15:07:08,355 - INFO - Joueur inseree [OK] : 8ae6755d-fba8-5e54-ac45-c4c86dd6fd69
2026-05-23 15:07:08,356 - INFO - Agent inseree [OK] : Omen
2026-05-23 15:07:08,356 - INFO - Compose inseree [OK] : ('8ae6755d-fba8-5e54-ac45-c4c86dd6fd69', 2, 10)
2026-05-23 15:07:08,356 - INFO - Round inseree [OK] : 1
2026-05-23 15:07:08,357 - INFO - Arme inseree [OK] : Ghost
2026-05-23 15:07:08,357 - INFO - Armure inseree [OK] : None
2026-05-23 15:07:08,357 - ERROR - Erreur : 'x_cast'
2026-05-23 15:07:32,242 - INFO - ====================================================================================================
2026-05-23 15:07:32,242 - INFO -    NOUVELLE CONNEXION VERS HENRIK API
2026-05-23 15:07:32,242 - INFO - ====================================================================================================
2026-05-23 15:07:32,243 - DEBUG - Starting new HTTPS connection (1): api.henrikdev.xyz:443
2026-05-23 15:07:32,810 - DEBUG - https://api.henrikdev.xyz:443 "GET /valorant/v1/account/little%20elephant/270 HTTP/1.1" 200 None
2026-05-23 15:07:32,810 - INFO - Connexion etablit [OK]
2026-05-23 15:07:32,811 - DEBUG - Starting new HTTPS connection (1): api.henrikdev.xyz:443
2026-05-23 15:07:33,467 - DEBUG - https://api.henrikdev.xyz:443 "GET /valorant/v3/by-puuid/matches/eu/08993ff7-ffe1-58b9-b42c-b4e68b6ebd4e HTTP/1.1" 200 None
2026-05-23 15:07:34,040 - INFO - Carte inseree [OK] : Lotus
2026-05-23 15:07:34,041 - INFO - Match inseree [OK] : 072f6866-df10-4093-90cb-72372e3ea976
2026-05-23 15:07:34,042 - INFO - Joueur inseree [OK] : f6b946ea-9feb-567d-891f-fe4602f01a35
2026-05-23 15:07:34,043 - INFO - Agent inseree [OK] : Killjoy
2026-05-23 15:07:34,044 - INFO - Compose inseree [OK] : ('f6b946ea-9feb-567d-891f-fe4602f01a35', 3, 11)
2026-05-23 15:07:34,044 - INFO - Joueur inseree [OK] : 7529aba0-8e0d-58a8-9f3a-426e51bae4b3
2026-05-23 15:07:34,044 - INFO - Agent inseree [OK] : Reyna
2026-05-23 15:07:34,045 - INFO - Compose inseree [OK] : ('7529aba0-8e0d-58a8-9f3a-426e51bae4b3', 3, 12)
2026-05-23 15:07:34,045 - INFO - Joueur inseree [OK] : 08993ff7-ffe1-58b9-b42c-b4e68b6ebd4e
2026-05-23 15:07:34,045 - INFO - Agent inseree [OK] : Skye
2026-05-23 15:07:34,045 - INFO - Compose inseree [OK] : ('08993ff7-ffe1-58b9-b42c-b4e68b6ebd4e', 3, 13)
2026-05-23 15:07:34,046 - INFO - Joueur inseree [OK] : d4e5b836-81ef-540e-95d6-588e232c914d
2026-05-23 15:07:34,046 - INFO - Agent deja existant [WARN] : Reyna
2026-05-23 15:07:34,047 - INFO - Compose inseree [OK] : ('d4e5b836-81ef-540e-95d6-588e232c914d', 4, 12)
2026-05-23 15:07:34,047 - INFO - Joueur inseree [OK] : 3325632b-5375-53cf-b73f-dccbd8407f87
2026-05-23 15:07:34,048 - INFO - Agent inseree [OK] : Brimstone
2026-05-23 15:07:34,048 - INFO - Compose inseree [OK] : ('3325632b-5375-53cf-b73f-dccbd8407f87', 4, 15)
2026-05-23 15:07:34,049 - INFO - Joueur inseree [OK] : 659b9a5a-e0dc-5c9a-9425-597af59e3874
2026-05-23 15:07:34,049 - INFO - Agent inseree [OK] : Breach
2026-05-23 15:07:34,049 - INFO - Compose inseree [OK] : ('659b9a5a-e0dc-5c9a-9425-597af59e3874', 4, 16)
2026-05-23 15:07:34,050 - INFO - Joueur inseree [OK] : 12fb0f7a-d96a-5bce-90ab-2d25beab4c19
2026-05-23 15:07:34,050 - INFO - Agent inseree [OK] : Phoenix
2026-05-23 15:07:34,050 - INFO - Compose inseree [OK] : ('12fb0f7a-d96a-5bce-90ab-2d25beab4c19', 3, 17)
2026-05-23 15:07:34,051 - INFO - Joueur inseree [OK] : 87c1de8d-8365-51cf-bf54-3fbc660f55f7
2026-05-23 15:07:34,051 - INFO - Agent inseree [OK] : Chamber
2026-05-23 15:07:34,051 - INFO - Compose inseree [OK] : ('87c1de8d-8365-51cf-bf54-3fbc660f55f7', 4, 18)
2026-05-23 15:07:34,052 - INFO - Joueur inseree [OK] : db39dbed-c654-56b8-ad47-d43aec229f7c
2026-05-23 15:07:34,052 - INFO - Agent inseree [OK] : Jett
2026-05-23 15:07:34,052 - INFO - Compose inseree [OK] : ('db39dbed-c654-56b8-ad47-d43aec229f7c', 4, 19)
2026-05-23 15:07:34,053 - INFO - Joueur inseree [OK] : 8ae6755d-fba8-5e54-ac45-c4c86dd6fd69
2026-05-23 15:07:34,053 - INFO - Agent inseree [OK] : Omen
2026-05-23 15:07:34,053 - INFO - Compose inseree [OK] : ('8ae6755d-fba8-5e54-ac45-c4c86dd6fd69', 3, 20)
2026-05-23 15:07:34,054 - INFO - Round inseree [OK] : 2
2026-05-23 15:07:34,055 - INFO - Arme inseree [OK] : Ghost
2026-05-23 15:07:34,055 - INFO - Armure inseree [OK] : None
2026-05-23 15:07:34,055 - ERROR - Erreur : not all arguments converted during string formatting
2026-05-23 15:10:13,075 - INFO - ====================================================================================================
2026-05-23 15:10:13,075 - INFO -    NOUVELLE CONNEXION VERS HENRIK API
2026-05-23 15:10:13,075 - INFO - ====================================================================================================
2026-05-23 15:10:13,075 - DEBUG - Starting new HTTPS connection (1): api.henrikdev.xyz:443
2026-05-23 15:10:13,217 - DEBUG - https://api.henrikdev.xyz:443 "GET /valorant/v1/account/little%20elephant/270 HTTP/1.1" 200 None
2026-05-23 15:10:13,217 - INFO - Connexion etablit [OK]
2026-05-23 15:10:13,218 - DEBUG - Starting new HTTPS connection (1): api.henrikdev.xyz:443
2026-05-23 15:10:13,504 - DEBUG - https://api.henrikdev.xyz:443 "GET /valorant/v3/by-puuid/matches/eu/08993ff7-ffe1-58b9-b42c-b4e68b6ebd4e HTTP/1.1" 200 None
2026-05-23 15:10:14,541 - INFO - Carte inseree [OK] : Lotus
2026-05-23 15:10:14,542 - INFO - Match inseree [OK] : 072f6866-df10-4093-90cb-72372e3ea976
2026-05-23 15:10:14,543 - INFO - Joueur inseree [OK] : f6b946ea-9feb-567d-891f-fe4602f01a35
2026-05-23 15:10:14,544 - INFO - Agent inseree [OK] : Killjoy
2026-05-23 15:10:14,544 - INFO - Compose inseree [OK] : ('f6b946ea-9feb-567d-891f-fe4602f01a35', 5, 21)
2026-05-23 15:10:14,545 - INFO - Joueur inseree [OK] : 7529aba0-8e0d-58a8-9f3a-426e51bae4b3
2026-05-23 15:10:14,545 - INFO - Agent inseree [OK] : Reyna
2026-05-23 15:10:14,545 - INFO - Compose inseree [OK] : ('7529aba0-8e0d-58a8-9f3a-426e51bae4b3', 5, 22)
2026-05-23 15:10:14,545 - INFO - Joueur inseree [OK] : 08993ff7-ffe1-58b9-b42c-b4e68b6ebd4e
2026-05-23 15:10:14,546 - INFO - Agent inseree [OK] : Skye
2026-05-23 15:10:14,546 - INFO - Compose inseree [OK] : ('08993ff7-ffe1-58b9-b42c-b4e68b6ebd4e', 5, 23)
2026-05-23 15:10:14,546 - INFO - Joueur inseree [OK] : d4e5b836-81ef-540e-95d6-588e232c914d
2026-05-23 15:10:14,547 - INFO - Agent deja existant [WARN] : Reyna
2026-05-23 15:10:14,547 - INFO - Compose inseree [OK] : ('d4e5b836-81ef-540e-95d6-588e232c914d', 6, 22)
2026-05-23 15:10:14,548 - INFO - Joueur inseree [OK] : 3325632b-5375-53cf-b73f-dccbd8407f87
2026-05-23 15:10:14,548 - INFO - Agent inseree [OK] : Brimstone
2026-05-23 15:10:14,548 - INFO - Compose inseree [OK] : ('3325632b-5375-53cf-b73f-dccbd8407f87', 6, 25)
2026-05-23 15:10:14,548 - INFO - Joueur inseree [OK] : 659b9a5a-e0dc-5c9a-9425-597af59e3874
2026-05-23 15:10:14,549 - INFO - Agent inseree [OK] : Breach
2026-05-23 15:10:14,549 - INFO - Compose inseree [OK] : ('659b9a5a-e0dc-5c9a-9425-597af59e3874', 6, 26)
2026-05-23 15:10:14,549 - INFO - Joueur inseree [OK] : 12fb0f7a-d96a-5bce-90ab-2d25beab4c19
2026-05-23 15:10:14,549 - INFO - Agent inseree [OK] : Phoenix
2026-05-23 15:10:14,550 - INFO - Compose inseree [OK] : ('12fb0f7a-d96a-5bce-90ab-2d25beab4c19', 5, 27)
2026-05-23 15:10:14,550 - INFO - Joueur inseree [OK] : 87c1de8d-8365-51cf-bf54-3fbc660f55f7
2026-05-23 15:10:14,550 - INFO - Agent inseree [OK] : Chamber
2026-05-23 15:10:14,551 - INFO - Compose inseree [OK] : ('87c1de8d-8365-51cf-bf54-3fbc660f55f7', 6, 28)
2026-05-23 15:10:14,551 - INFO - Joueur inseree [OK] : db39dbed-c654-56b8-ad47-d43aec229f7c
2026-05-23 15:10:14,551 - INFO - Agent inseree [OK] : Jett
2026-05-23 15:10:14,551 - INFO - Compose inseree [OK] : ('db39dbed-c654-56b8-ad47-d43aec229f7c', 6, 29)
2026-05-23 15:10:14,551 - INFO - Joueur inseree [OK] : 8ae6755d-fba8-5e54-ac45-c4c86dd6fd69
2026-05-23 15:10:14,552 - INFO - Agent inseree [OK] : Omen
2026-05-23 15:10:14,552 - INFO - Compose inseree [OK] : ('8ae6755d-fba8-5e54-ac45-c4c86dd6fd69', 5, 30)
2026-05-23 15:10:14,552 - INFO - Round inseree [OK] : 3
2026-05-23 15:10:14,553 - INFO - Arme inseree [OK] : Ghost
2026-05-23 15:10:14,553 - INFO - Armure inseree [OK] : None
2026-05-23 15:10:14,553 - ERROR - Erreur : not all arguments converted during string formatting
2026-05-23 15:12:17,909 - INFO - ====================================================================================================
2026-05-23 15:12:17,909 - INFO -    NOUVELLE CONNEXION VERS HENRIK API
2026-05-23 15:12:17,909 - INFO - ====================================================================================================
2026-05-23 15:12:17,910 - DEBUG - Starting new HTTPS connection (1): api.henrikdev.xyz:443
2026-05-23 15:12:18,129 - DEBUG - https://api.henrikdev.xyz:443 "GET /valorant/v1/account/little%20elephant/270 HTTP/1.1" 200 None
2026-05-23 15:12:18,129 - INFO - Connexion etablit [OK]
2026-05-23 15:12:18,131 - DEBUG - Starting new HTTPS connection (1): api.henrikdev.xyz:443
2026-05-23 15:12:18,529 - DEBUG - https://api.henrikdev.xyz:443 "GET /valorant/v3/by-puuid/matches/eu/08993ff7-ffe1-58b9-b42c-b4e68b6ebd4e HTTP/1.1" 200 None
2026-05-23 15:12:19,014 - INFO - Carte inseree [OK] : Lotus
2026-05-23 15:12:19,015 - INFO - Match inseree [OK] : 072f6866-df10-4093-90cb-72372e3ea976
2026-05-23 15:12:19,017 - INFO - Joueur inseree [OK] : f6b946ea-9feb-567d-891f-fe4602f01a35
2026-05-23 15:12:19,017 - INFO - Agent inseree [OK] : Killjoy
2026-05-23 15:12:19,018 - INFO - Compose inseree [OK] : ('f6b946ea-9feb-567d-891f-fe4602f01a35', 8, 31)
2026-05-23 15:12:19,019 - INFO - Joueur inseree [OK] : 7529aba0-8e0d-58a8-9f3a-426e51bae4b3
2026-05-23 15:12:19,019 - INFO - Agent inseree [OK] : Reyna
2026-05-23 15:12:19,019 - INFO - Compose inseree [OK] : ('7529aba0-8e0d-58a8-9f3a-426e51bae4b3', 8, 32)
2026-05-23 15:12:19,020 - INFO - Joueur inseree [OK] : 08993ff7-ffe1-58b9-b42c-b4e68b6ebd4e
2026-05-23 15:12:19,020 - INFO - Agent inseree [OK] : Skye
2026-05-23 15:12:19,020 - INFO - Compose inseree [OK] : ('08993ff7-ffe1-58b9-b42c-b4e68b6ebd4e', 8, 33)
2026-05-23 15:12:19,020 - INFO - Joueur inseree [OK] : d4e5b836-81ef-540e-95d6-588e232c914d
2026-05-23 15:12:19,021 - INFO - Agent deja existant [WARN] : Reyna
2026-05-23 15:12:19,022 - INFO - Compose inseree [OK] : ('d4e5b836-81ef-540e-95d6-588e232c914d', 7, 32)
2026-05-23 15:12:19,022 - INFO - Joueur inseree [OK] : 3325632b-5375-53cf-b73f-dccbd8407f87
2026-05-23 15:12:19,022 - INFO - Agent inseree [OK] : Brimstone
2026-05-23 15:12:19,023 - INFO - Compose inseree [OK] : ('3325632b-5375-53cf-b73f-dccbd8407f87', 7, 35)
2026-05-23 15:12:19,023 - INFO - Joueur inseree [OK] : 659b9a5a-e0dc-5c9a-9425-597af59e3874
2026-05-23 15:12:19,024 - INFO - Agent inseree [OK] : Breach
2026-05-23 15:12:19,024 - INFO - Compose inseree [OK] : ('659b9a5a-e0dc-5c9a-9425-597af59e3874', 7, 36)
2026-05-23 15:12:19,025 - INFO - Joueur inseree [OK] : 12fb0f7a-d96a-5bce-90ab-2d25beab4c19
2026-05-23 15:12:19,025 - INFO - Agent inseree [OK] : Phoenix
2026-05-23 15:12:19,025 - INFO - Compose inseree [OK] : ('12fb0f7a-d96a-5bce-90ab-2d25beab4c19', 8, 37)
2026-05-23 15:12:19,025 - INFO - Joueur inseree [OK] : 87c1de8d-8365-51cf-bf54-3fbc660f55f7
2026-05-23 15:12:19,026 - INFO - Agent inseree [OK] : Chamber
2026-05-23 15:12:19,026 - INFO - Compose inseree [OK] : ('87c1de8d-8365-51cf-bf54-3fbc660f55f7', 7, 38)
2026-05-23 15:12:19,026 - INFO - Joueur inseree [OK] : db39dbed-c654-56b8-ad47-d43aec229f7c
2026-05-23 15:12:19,026 - INFO - Agent inseree [OK] : Jett
2026-05-23 15:12:19,027 - INFO - Compose inseree [OK] : ('db39dbed-c654-56b8-ad47-d43aec229f7c', 7, 39)
2026-05-23 15:12:19,027 - INFO - Joueur inseree [OK] : 8ae6755d-fba8-5e54-ac45-c4c86dd6fd69
2026-05-23 15:12:19,027 - INFO - Agent inseree [OK] : Omen
2026-05-23 15:12:19,027 - INFO - Compose inseree [OK] : ('8ae6755d-fba8-5e54-ac45-c4c86dd6fd69', 8, 40)
2026-05-23 15:12:19,028 - INFO - Round inseree [OK] : 4
2026-05-23 15:12:19,028 - INFO - Arme inseree [OK] : Ghost
2026-05-23 15:12:19,028 - INFO - Armure inseree [OK] : None
2026-05-23 15:12:19,037 - ERROR - Erreur : insert or update on table "joue" violates foreign key constraint "joue_armor_id_fkey"
DETAIL:  Key (armor_id)=(1baa85b4-4c70-1284-64bb-6481dfc3bb4e) is not present in table "armure".

2026-05-23 15:23:47,687 - INFO - ====================================================================================================
2026-05-23 15:23:47,687 - INFO -    NOUVELLE CONNEXION VERS HENRIK API
2026-05-23 15:23:47,687 - INFO - ====================================================================================================
2026-05-23 15:23:47,688 - DEBUG - Starting new HTTPS connection (1): api.henrikdev.xyz:443
2026-05-23 15:23:47,791 - DEBUG - https://api.henrikdev.xyz:443 "GET /valorant/v1/account/little%20elephant/270 HTTP/1.1" 200 None
2026-05-23 15:23:47,792 - INFO - Connexion etablit [OK]
2026-05-23 15:23:47,794 - DEBUG - Starting new HTTPS connection (1): api.henrikdev.xyz:443
2026-05-23 15:23:48,079 - DEBUG - https://api.henrikdev.xyz:443 "GET /valorant/v3/by-puuid/matches/eu/08993ff7-ffe1-58b9-b42c-b4e68b6ebd4e HTTP/1.1" 200 None
2026-05-23 15:23:48,304 - INFO - Carte inseree [OK] : Lotus
2026-05-23 15:23:48,305 - INFO - Match inseree [OK] : 072f6866-df10-4093-90cb-72372e3ea976
2026-05-23 15:23:48,306 - INFO - Joueur inseree [OK] : f6b946ea-9feb-567d-891f-fe4602f01a35
2026-05-23 15:23:48,307 - INFO - Agent inseree [OK] : Killjoy
2026-05-23 15:23:48,308 - INFO - Compose inseree [OK] : ('f6b946ea-9feb-567d-891f-fe4602f01a35', 9, 41)
2026-05-23 15:23:48,308 - INFO - Joueur inseree [OK] : 7529aba0-8e0d-58a8-9f3a-426e51bae4b3
2026-05-23 15:23:48,308 - INFO - Agent inseree [OK] : Reyna
2026-05-23 15:23:48,309 - INFO - Compose inseree [OK] : ('7529aba0-8e0d-58a8-9f3a-426e51bae4b3', 9, 42)
2026-05-23 15:23:48,309 - INFO - Joueur inseree [OK] : 08993ff7-ffe1-58b9-b42c-b4e68b6ebd4e
2026-05-23 15:23:48,309 - INFO - Agent inseree [OK] : Skye
2026-05-23 15:23:48,310 - INFO - Compose inseree [OK] : ('08993ff7-ffe1-58b9-b42c-b4e68b6ebd4e', 9, 43)
2026-05-23 15:23:48,310 - INFO - Joueur inseree [OK] : d4e5b836-81ef-540e-95d6-588e232c914d
2026-05-23 15:23:48,310 - INFO - Agent deja existant [WARN] : Reyna
2026-05-23 15:23:48,312 - INFO - Compose inseree [OK] : ('d4e5b836-81ef-540e-95d6-588e232c914d', 10, 42)
2026-05-23 15:23:48,312 - INFO - Joueur inseree [OK] : 3325632b-5375-53cf-b73f-dccbd8407f87
2026-05-23 15:23:48,312 - INFO - Agent inseree [OK] : Brimstone
2026-05-23 15:23:48,313 - INFO - Compose inseree [OK] : ('3325632b-5375-53cf-b73f-dccbd8407f87', 10, 45)
2026-05-23 15:23:48,313 - INFO - Joueur inseree [OK] : 659b9a5a-e0dc-5c9a-9425-597af59e3874
2026-05-23 15:23:48,313 - INFO - Agent inseree [OK] : Breach
2026-05-23 15:23:48,314 - INFO - Compose inseree [OK] : ('659b9a5a-e0dc-5c9a-9425-597af59e3874', 10, 46)
2026-05-23 15:23:48,314 - INFO - Joueur inseree [OK] : 12fb0f7a-d96a-5bce-90ab-2d25beab4c19
2026-05-23 15:23:48,314 - INFO - Agent inseree [OK] : Phoenix
2026-05-23 15:23:48,315 - INFO - Compose inseree [OK] : ('12fb0f7a-d96a-5bce-90ab-2d25beab4c19', 9, 47)
2026-05-23 15:23:48,315 - INFO - Joueur inseree [OK] : 87c1de8d-8365-51cf-bf54-3fbc660f55f7
2026-05-23 15:23:48,315 - INFO - Agent inseree [OK] : Chamber
2026-05-23 15:23:48,315 - INFO - Compose inseree [OK] : ('87c1de8d-8365-51cf-bf54-3fbc660f55f7', 10, 48)
2026-05-23 15:23:48,316 - INFO - Joueur inseree [OK] : db39dbed-c654-56b8-ad47-d43aec229f7c
2026-05-23 15:23:48,316 - INFO - Agent inseree [OK] : Jett
2026-05-23 15:23:48,316 - INFO - Compose inseree [OK] : ('db39dbed-c654-56b8-ad47-d43aec229f7c', 10, 49)
2026-05-23 15:23:48,316 - INFO - Joueur inseree [OK] : 8ae6755d-fba8-5e54-ac45-c4c86dd6fd69
2026-05-23 15:23:48,317 - INFO - Agent inseree [OK] : Omen
2026-05-23 15:23:48,317 - INFO - Compose inseree [OK] : ('8ae6755d-fba8-5e54-ac45-c4c86dd6fd69', 9, 50)
2026-05-23 15:23:48,317 - INFO - Round inseree [OK] : 5
2026-05-23 15:23:48,318 - INFO - Arme inseree [OK] : Ghost
2026-05-23 15:23:48,318 - INFO - Armure inseree [OK] : None
2026-05-23 15:23:48,319 - ERROR - Erreur : insert or update on table "joue" violates foreign key constraint "joue_armor_id_fkey"
DETAIL:  Key (armor_id)=(1baa85b4-4c70-1284-64bb-6481dfc3bb4e) is not present in table "armure".

2026-05-23 15:26:56,565 - INFO - ====================================================================================================
2026-05-23 15:26:56,566 - INFO -    NOUVELLE CONNEXION VERS HENRIK API
2026-05-23 15:26:56,566 - INFO - ====================================================================================================
2026-05-23 15:26:56,566 - DEBUG - Starting new HTTPS connection (1): api.henrikdev.xyz:443
2026-05-23 15:26:56,685 - DEBUG - https://api.henrikdev.xyz:443 "GET /valorant/v1/account/little%20elephant/270 HTTP/1.1" 200 None
2026-05-23 15:26:56,686 - INFO - Connexion etablit [OK]
2026-05-23 15:26:56,688 - DEBUG - Starting new HTTPS connection (1): api.henrikdev.xyz:443
2026-05-23 15:26:56,886 - DEBUG - https://api.henrikdev.xyz:443 "GET /valorant/v3/by-puuid/matches/eu/08993ff7-ffe1-58b9-b42c-b4e68b6ebd4e HTTP/1.1" 200 None
2026-05-23 15:26:57,164 - INFO - Carte inseree [OK] : Lotus
2026-05-23 15:26:57,165 - INFO - Match inseree [OK] : 072f6866-df10-4093-90cb-72372e3ea976
2026-05-23 15:26:57,166 - INFO - Joueur inseree [OK] : f6b946ea-9feb-567d-891f-fe4602f01a35
2026-05-23 15:26:57,167 - INFO - Agent inseree [OK] : Killjoy
2026-05-23 15:26:57,168 - INFO - Compose inseree [OK] : ('f6b946ea-9feb-567d-891f-fe4602f01a35', 11, 51)
2026-05-23 15:26:57,168 - INFO - Joueur inseree [OK] : 7529aba0-8e0d-58a8-9f3a-426e51bae4b3
2026-05-23 15:26:57,168 - INFO - Agent inseree [OK] : Reyna
2026-05-23 15:26:57,169 - INFO - Compose inseree [OK] : ('7529aba0-8e0d-58a8-9f3a-426e51bae4b3', 11, 52)
2026-05-23 15:26:57,169 - INFO - Joueur inseree [OK] : 08993ff7-ffe1-58b9-b42c-b4e68b6ebd4e
2026-05-23 15:26:57,169 - INFO - Agent inseree [OK] : Skye
2026-05-23 15:26:57,170 - INFO - Compose inseree [OK] : ('08993ff7-ffe1-58b9-b42c-b4e68b6ebd4e', 11, 53)
2026-05-23 15:26:57,170 - INFO - Joueur inseree [OK] : d4e5b836-81ef-540e-95d6-588e232c914d
2026-05-23 15:26:57,170 - INFO - Agent deja existant [WARN] : Reyna
2026-05-23 15:26:57,171 - INFO - Compose inseree [OK] : ('d4e5b836-81ef-540e-95d6-588e232c914d', 12, 52)
2026-05-23 15:26:57,171 - INFO - Joueur inseree [OK] : 3325632b-5375-53cf-b73f-dccbd8407f87
2026-05-23 15:26:57,171 - INFO - Agent inseree [OK] : Brimstone
2026-05-23 15:26:57,172 - INFO - Compose inseree [OK] : ('3325632b-5375-53cf-b73f-dccbd8407f87', 12, 55)
2026-05-23 15:26:57,172 - INFO - Joueur inseree [OK] : 659b9a5a-e0dc-5c9a-9425-597af59e3874
2026-05-23 15:26:57,172 - INFO - Agent inseree [OK] : Breach
2026-05-23 15:26:57,173 - INFO - Compose inseree [OK] : ('659b9a5a-e0dc-5c9a-9425-597af59e3874', 12, 56)
2026-05-23 15:26:57,173 - INFO - Joueur inseree [OK] : 12fb0f7a-d96a-5bce-90ab-2d25beab4c19
2026-05-23 15:26:57,173 - INFO - Agent inseree [OK] : Phoenix
2026-05-23 15:26:57,173 - INFO - Compose inseree [OK] : ('12fb0f7a-d96a-5bce-90ab-2d25beab4c19', 11, 57)
2026-05-23 15:26:57,173 - INFO - Joueur inseree [OK] : 87c1de8d-8365-51cf-bf54-3fbc660f55f7
2026-05-23 15:26:57,173 - INFO - Agent inseree [OK] : Chamber
2026-05-23 15:26:57,173 - INFO - Compose inseree [OK] : ('87c1de8d-8365-51cf-bf54-3fbc660f55f7', 12, 58)
2026-05-23 15:26:57,174 - INFO - Joueur inseree [OK] : db39dbed-c654-56b8-ad47-d43aec229f7c
2026-05-23 15:26:57,174 - INFO - Agent inseree [OK] : Jett
2026-05-23 15:26:57,174 - INFO - Compose inseree [OK] : ('db39dbed-c654-56b8-ad47-d43aec229f7c', 12, 59)
2026-05-23 15:26:57,174 - INFO - Joueur inseree [OK] : 8ae6755d-fba8-5e54-ac45-c4c86dd6fd69
2026-05-23 15:26:57,174 - INFO - Agent inseree [OK] : Omen
2026-05-23 15:26:57,174 - INFO - Compose inseree [OK] : ('8ae6755d-fba8-5e54-ac45-c4c86dd6fd69', 11, 60)
2026-05-23 15:26:57,174 - INFO - Round inseree [OK] : 6
2026-05-23 15:26:57,174 - INFO - Arme inseree [OK] : Ghost
2026-05-23 15:26:57,174 - INFO - Armure inseree [OK] : None
2026-05-23 15:26:57,175 - WARNING - Arme deja existante [WARN] : Ghost
2026-05-23 15:26:57,175 - WARNING - Armure deja existante [WARN] : None
2026-05-23 15:26:57,175 - ERROR - Erreur : 'NoneType' object is not subscriptable
2026-05-23 15:31:30,119 - INFO - ====================================================================================================
2026-05-23 15:31:30,120 - INFO -    NOUVELLE CONNEXION VERS HENRIK API
2026-05-23 15:31:30,120 - INFO - ====================================================================================================
2026-05-23 15:31:30,120 - DEBUG - Starting new HTTPS connection (1): api.henrikdev.xyz:443
2026-05-23 15:31:30,486 - DEBUG - https://api.henrikdev.xyz:443 "GET /valorant/v1/account/little%20elephant/270 HTTP/1.1" 200 None
2026-05-23 15:31:30,487 - INFO - Connexion etablit [OK]
2026-05-23 15:31:30,489 - DEBUG - Starting new HTTPS connection (1): api.henrikdev.xyz:443
2026-05-23 15:31:30,738 - DEBUG - https://api.henrikdev.xyz:443 "GET /valorant/v3/by-puuid/matches/eu/08993ff7-ffe1-58b9-b42c-b4e68b6ebd4e HTTP/1.1" 200 None
2026-05-23 15:31:31,032 - INFO - Carte inseree [OK] : Lotus
2026-05-23 15:31:31,033 - INFO - Match inseree [OK] : 072f6866-df10-4093-90cb-72372e3ea976
2026-05-23 15:31:31,035 - INFO - Joueur inseree [OK] : f6b946ea-9feb-567d-891f-fe4602f01a35
2026-05-23 15:31:31,035 - INFO - Agent inseree [OK] : Killjoy
2026-05-23 15:31:31,036 - INFO - Compose inseree [OK] : ('f6b946ea-9feb-567d-891f-fe4602f01a35', 14, 61)
2026-05-23 15:31:31,036 - INFO - Joueur inseree [OK] : 7529aba0-8e0d-58a8-9f3a-426e51bae4b3
2026-05-23 15:31:31,036 - INFO - Agent inseree [OK] : Reyna
2026-05-23 15:31:31,037 - INFO - Compose inseree [OK] : ('7529aba0-8e0d-58a8-9f3a-426e51bae4b3', 14, 62)
2026-05-23 15:31:31,037 - INFO - Joueur inseree [OK] : 08993ff7-ffe1-58b9-b42c-b4e68b6ebd4e
2026-05-23 15:31:31,037 - INFO - Agent inseree [OK] : Skye
2026-05-23 15:31:31,037 - INFO - Compose inseree [OK] : ('08993ff7-ffe1-58b9-b42c-b4e68b6ebd4e', 14, 63)
2026-05-23 15:31:31,038 - INFO - Joueur inseree [OK] : d4e5b836-81ef-540e-95d6-588e232c914d
2026-05-23 15:31:31,038 - INFO - Agent deja existant [WARN] : Reyna
2026-05-23 15:31:31,039 - INFO - Compose inseree [OK] : ('d4e5b836-81ef-540e-95d6-588e232c914d', 13, 62)
2026-05-23 15:31:31,039 - INFO - Joueur inseree [OK] : 3325632b-5375-53cf-b73f-dccbd8407f87
2026-05-23 15:31:31,039 - INFO - Agent inseree [OK] : Brimstone
2026-05-23 15:31:31,039 - INFO - Compose inseree [OK] : ('3325632b-5375-53cf-b73f-dccbd8407f87', 13, 65)
2026-05-23 15:31:31,040 - INFO - Joueur inseree [OK] : 659b9a5a-e0dc-5c9a-9425-597af59e3874
2026-05-23 15:31:31,040 - INFO - Agent inseree [OK] : Breach
2026-05-23 15:31:31,040 - INFO - Compose inseree [OK] : ('659b9a5a-e0dc-5c9a-9425-597af59e3874', 13, 66)
2026-05-23 15:31:31,040 - INFO - Joueur inseree [OK] : 12fb0f7a-d96a-5bce-90ab-2d25beab4c19
2026-05-23 15:31:31,040 - INFO - Agent inseree [OK] : Phoenix
2026-05-23 15:31:31,041 - INFO - Compose inseree [OK] : ('12fb0f7a-d96a-5bce-90ab-2d25beab4c19', 14, 67)
2026-05-23 15:31:31,041 - INFO - Joueur inseree [OK] : 87c1de8d-8365-51cf-bf54-3fbc660f55f7
2026-05-23 15:31:31,041 - INFO - Agent inseree [OK] : Chamber
2026-05-23 15:31:31,041 - INFO - Compose inseree [OK] : ('87c1de8d-8365-51cf-bf54-3fbc660f55f7', 13, 68)
2026-05-23 15:31:31,042 - INFO - Joueur inseree [OK] : db39dbed-c654-56b8-ad47-d43aec229f7c
2026-05-23 15:31:31,042 - INFO - Agent inseree [OK] : Jett
2026-05-23 15:31:31,042 - INFO - Compose inseree [OK] : ('db39dbed-c654-56b8-ad47-d43aec229f7c', 13, 69)
2026-05-23 15:31:31,042 - INFO - Joueur inseree [OK] : 8ae6755d-fba8-5e54-ac45-c4c86dd6fd69
2026-05-23 15:31:31,043 - INFO - Agent inseree [OK] : Omen
2026-05-23 15:31:31,043 - INFO - Compose inseree [OK] : ('8ae6755d-fba8-5e54-ac45-c4c86dd6fd69', 14, 70)
2026-05-23 15:31:31,043 - INFO - Round inseree [OK] : 7
2026-05-23 15:31:31,044 - INFO - Arme inseree [OK] : Ghost
2026-05-23 15:31:31,044 - INFO - Armure inseree [OK] : None
2026-05-23 15:31:31,045 - INFO - Arme deja existante [INFO] : Ghost
2026-05-23 15:31:31,046 - INFO - Armure deja existante [INFO] : None
2026-05-23 15:31:31,046 - ERROR - Erreur : 'NoneType' object is not subscriptable
2026-05-23 15:35:40,246 - INFO - ====================================================================================================
2026-05-23 15:35:40,246 - INFO -    NOUVELLE CONNEXION VERS HENRIK API
2026-05-23 15:35:40,246 - INFO - ====================================================================================================
2026-05-23 15:35:40,247 - DEBUG - Starting new HTTPS connection (1): api.henrikdev.xyz:443
2026-05-23 15:35:40,353 - DEBUG - https://api.henrikdev.xyz:443 "GET /valorant/v1/account/little%20elephant/270 HTTP/1.1" 200 None
2026-05-23 15:35:40,354 - INFO - Connexion etablit [OK]
2026-05-23 15:35:40,356 - DEBUG - Starting new HTTPS connection (1): api.henrikdev.xyz:443
2026-05-23 15:35:40,628 - DEBUG - https://api.henrikdev.xyz:443 "GET /valorant/v3/by-puuid/matches/eu/08993ff7-ffe1-58b9-b42c-b4e68b6ebd4e HTTP/1.1" 200 None
2026-05-23 15:35:40,819 - INFO - Carte inseree [OK] : Lotus
2026-05-23 15:35:40,820 - INFO - Match inseree [OK] : 072f6866-df10-4093-90cb-72372e3ea976
2026-05-23 15:35:40,822 - INFO - Joueur inseree [OK] : f6b946ea-9feb-567d-891f-fe4602f01a35
2026-05-23 15:35:40,822 - INFO - Agent inseree [OK] : Killjoy
2026-05-23 15:35:40,823 - INFO - Compose inseree [OK] : ('f6b946ea-9feb-567d-891f-fe4602f01a35', 16, 71)
2026-05-23 15:35:40,823 - INFO - Joueur inseree [OK] : 7529aba0-8e0d-58a8-9f3a-426e51bae4b3
2026-05-23 15:35:40,824 - INFO - Agent inseree [OK] : Reyna
2026-05-23 15:35:40,824 - INFO - Compose inseree [OK] : ('7529aba0-8e0d-58a8-9f3a-426e51bae4b3', 16, 72)
2026-05-23 15:35:40,824 - INFO - Joueur inseree [OK] : 08993ff7-ffe1-58b9-b42c-b4e68b6ebd4e
2026-05-23 15:35:40,824 - INFO - Agent inseree [OK] : Skye
2026-05-23 15:35:40,825 - INFO - Compose inseree [OK] : ('08993ff7-ffe1-58b9-b42c-b4e68b6ebd4e', 16, 73)
2026-05-23 15:35:40,825 - INFO - Joueur inseree [OK] : d4e5b836-81ef-540e-95d6-588e232c914d
2026-05-23 15:35:40,825 - INFO - Agent deja existant [WARN] : Reyna
2026-05-23 15:35:40,826 - INFO - Compose inseree [OK] : ('d4e5b836-81ef-540e-95d6-588e232c914d', 15, 72)
2026-05-23 15:35:40,826 - INFO - Joueur inseree [OK] : 3325632b-5375-53cf-b73f-dccbd8407f87
2026-05-23 15:35:40,827 - INFO - Agent inseree [OK] : Brimstone
2026-05-23 15:35:40,827 - INFO - Compose inseree [OK] : ('3325632b-5375-53cf-b73f-dccbd8407f87', 15, 75)
2026-05-23 15:35:40,828 - INFO - Joueur inseree [OK] : 659b9a5a-e0dc-5c9a-9425-597af59e3874
2026-05-23 15:35:40,828 - INFO - Agent inseree [OK] : Breach
2026-05-23 15:35:40,828 - INFO - Compose inseree [OK] : ('659b9a5a-e0dc-5c9a-9425-597af59e3874', 15, 76)
2026-05-23 15:35:40,829 - INFO - Joueur inseree [OK] : 12fb0f7a-d96a-5bce-90ab-2d25beab4c19
2026-05-23 15:35:40,829 - INFO - Agent inseree [OK] : Phoenix
2026-05-23 15:35:40,830 - INFO - Compose inseree [OK] : ('12fb0f7a-d96a-5bce-90ab-2d25beab4c19', 16, 77)
2026-05-23 15:35:40,830 - INFO - Joueur inseree [OK] : 87c1de8d-8365-51cf-bf54-3fbc660f55f7
2026-05-23 15:35:40,830 - INFO - Agent inseree [OK] : Chamber
2026-05-23 15:35:40,830 - INFO - Compose inseree [OK] : ('87c1de8d-8365-51cf-bf54-3fbc660f55f7', 15, 78)
2026-05-23 15:35:40,830 - INFO - Joueur inseree [OK] : db39dbed-c654-56b8-ad47-d43aec229f7c
2026-05-23 15:35:40,830 - INFO - Agent inseree [OK] : Jett
2026-05-23 15:35:40,830 - INFO - Compose inseree [OK] : ('db39dbed-c654-56b8-ad47-d43aec229f7c', 15, 79)
2026-05-23 15:35:40,831 - INFO - Joueur inseree [OK] : 8ae6755d-fba8-5e54-ac45-c4c86dd6fd69
2026-05-23 15:35:40,831 - INFO - Agent inseree [OK] : Omen
2026-05-23 15:35:40,831 - INFO - Compose inseree [OK] : ('8ae6755d-fba8-5e54-ac45-c4c86dd6fd69', 16, 80)
2026-05-23 15:35:40,831 - INFO - Round inseree [OK] : 8
2026-05-23 15:35:40,831 - INFO - Arme inseree [OK] : Ghost
2026-05-23 15:35:40,831 - INFO - Armure inseree [OK] : None
2026-05-23 15:35:40,832 - INFO - Arme deja existante [INFO] : Ghost
2026-05-23 15:35:40,833 - INFO - Armure deja existante [INFO] : None
2026-05-23 15:35:40,833 - ERROR - Erreur : 'NoneType' object is not subscriptable
2026-05-23 15:37:41,178 - INFO - ====================================================================================================
2026-05-23 15:37:41,178 - INFO -    NOUVELLE CONNEXION VERS HENRIK API
2026-05-23 15:37:41,178 - INFO - ====================================================================================================
2026-05-23 15:37:41,179 - DEBUG - Starting new HTTPS connection (1): api.henrikdev.xyz:443
2026-05-23 15:37:41,352 - DEBUG - https://api.henrikdev.xyz:443 "GET /valorant/v1/account/little%20elephant/270 HTTP/1.1" 200 None
2026-05-23 15:37:41,352 - INFO - Connexion etablit [OK]
2026-05-23 15:37:41,354 - DEBUG - Starting new HTTPS connection (1): api.henrikdev.xyz:443
2026-05-23 15:37:41,572 - DEBUG - https://api.henrikdev.xyz:443 "GET /valorant/v3/by-puuid/matches/eu/08993ff7-ffe1-58b9-b42c-b4e68b6ebd4e HTTP/1.1" 200 None
2026-05-23 15:37:41,797 - INFO - Carte inseree [OK] : Lotus
2026-05-23 15:37:41,798 - INFO - Match inseree [OK] : 072f6866-df10-4093-90cb-72372e3ea976
2026-05-23 15:37:41,800 - INFO - Joueur inseree [OK] : f6b946ea-9feb-567d-891f-fe4602f01a35
2026-05-23 15:37:41,800 - INFO - Agent inseree [OK] : Killjoy
2026-05-23 15:37:41,801 - INFO - Compose inseree [OK] : ('f6b946ea-9feb-567d-891f-fe4602f01a35', 17, 81)
2026-05-23 15:37:41,801 - INFO - Joueur inseree [OK] : 7529aba0-8e0d-58a8-9f3a-426e51bae4b3
2026-05-23 15:37:41,802 - INFO - Agent inseree [OK] : Reyna
2026-05-23 15:37:41,802 - INFO - Compose inseree [OK] : ('7529aba0-8e0d-58a8-9f3a-426e51bae4b3', 17, 82)
2026-05-23 15:37:41,802 - INFO - Joueur inseree [OK] : 08993ff7-ffe1-58b9-b42c-b4e68b6ebd4e
2026-05-23 15:37:41,803 - INFO - Agent inseree [OK] : Skye
2026-05-23 15:37:41,803 - INFO - Compose inseree [OK] : ('08993ff7-ffe1-58b9-b42c-b4e68b6ebd4e', 17, 83)
2026-05-23 15:37:41,804 - INFO - Joueur inseree [OK] : d4e5b836-81ef-540e-95d6-588e232c914d
2026-05-23 15:37:41,804 - INFO - Agent deja existant [WARN] : Reyna
2026-05-23 15:37:41,805 - INFO - Compose inseree [OK] : ('d4e5b836-81ef-540e-95d6-588e232c914d', 18, 82)
2026-05-23 15:37:41,806 - INFO - Joueur inseree [OK] : 3325632b-5375-53cf-b73f-dccbd8407f87
2026-05-23 15:37:41,806 - INFO - Agent inseree [OK] : Brimstone
2026-05-23 15:37:41,807 - INFO - Compose inseree [OK] : ('3325632b-5375-53cf-b73f-dccbd8407f87', 18, 85)
2026-05-23 15:37:41,807 - INFO - Joueur inseree [OK] : 659b9a5a-e0dc-5c9a-9425-597af59e3874
2026-05-23 15:37:41,807 - INFO - Agent inseree [OK] : Breach
2026-05-23 15:37:41,808 - INFO - Compose inseree [OK] : ('659b9a5a-e0dc-5c9a-9425-597af59e3874', 18, 86)
2026-05-23 15:37:41,808 - INFO - Joueur inseree [OK] : 12fb0f7a-d96a-5bce-90ab-2d25beab4c19
2026-05-23 15:37:41,808 - INFO - Agent inseree [OK] : Phoenix
2026-05-23 15:37:41,809 - INFO - Compose inseree [OK] : ('12fb0f7a-d96a-5bce-90ab-2d25beab4c19', 17, 87)
2026-05-23 15:37:41,809 - INFO - Joueur inseree [OK] : 87c1de8d-8365-51cf-bf54-3fbc660f55f7
2026-05-23 15:37:41,809 - INFO - Agent inseree [OK] : Chamber
2026-05-23 15:37:41,810 - INFO - Compose inseree [OK] : ('87c1de8d-8365-51cf-bf54-3fbc660f55f7', 18, 88)
2026-05-23 15:37:41,810 - INFO - Joueur inseree [OK] : db39dbed-c654-56b8-ad47-d43aec229f7c
2026-05-23 15:37:41,810 - INFO - Agent inseree [OK] : Jett
2026-05-23 15:37:41,811 - INFO - Compose inseree [OK] : ('db39dbed-c654-56b8-ad47-d43aec229f7c', 18, 89)
2026-05-23 15:37:41,811 - INFO - Joueur inseree [OK] : 8ae6755d-fba8-5e54-ac45-c4c86dd6fd69
2026-05-23 15:37:41,811 - INFO - Agent inseree [OK] : Omen
2026-05-23 15:37:41,812 - INFO - Compose inseree [OK] : ('8ae6755d-fba8-5e54-ac45-c4c86dd6fd69', 17, 90)
2026-05-23 15:37:41,812 - INFO - Round inseree [OK] : 9
2026-05-23 15:37:41,813 - INFO - Arme inseree [OK] : Ghost
2026-05-23 15:37:41,813 - INFO - Armure inseree [OK] : None
2026-05-23 15:37:41,814 - INFO - Arme deja existante [INFO] : Ghost
2026-05-23 15:37:41,815 - INFO - Armure deja existante [INFO] : None
2026-05-23 15:37:41,816 - ERROR - Erreur : 'NoneType' object is not subscriptable, trace : Traceback (most recent call last):
  File "/home/dylanm/Insync/nalyd.irsnm@gmail.com/Google Drive/DrivePC/Loisirs/val-analytics-pipeline/src/insert_db.py", line 357, in insert_data
    insert_joue(cursor, party_info, teams_id)
    ~~~~~~~~~~~^^^^^^^^^^^^^^^^^^^^^^^^^^^^^^
  File "/home/dylanm/Insync/nalyd.irsnm@gmail.com/Google Drive/DrivePC/Loisirs/val-analytics-pipeline/src/insert_db.py", line 329, in insert_joue
    armor_id = insert_armor(cursor, player_stat)
  File "/home/dylanm/Insync/nalyd.irsnm@gmail.com/Google Drive/DrivePC/Loisirs/val-analytics-pipeline/src/insert_db.py", line 289, in insert_armor
    armor_id = cursor.fetchone()[0]
               ~~~~~~~~~~~~~~~~~^^^
TypeError: 'NoneType' object is not subscriptable

2026-05-23 15:37:49,677 - INFO - ====================================================================================================
2026-05-23 15:37:49,677 - INFO -    NOUVELLE CONNEXION VERS HENRIK API
2026-05-23 15:37:49,677 - INFO - ====================================================================================================
2026-05-23 15:37:49,679 - DEBUG - Starting new HTTPS connection (1): api.henrikdev.xyz:443
2026-05-23 15:37:49,786 - DEBUG - https://api.henrikdev.xyz:443 "GET /valorant/v1/account/little%20elephant/270 HTTP/1.1" 200 None
2026-05-23 15:37:49,786 - INFO - Connexion etablit [OK]
2026-05-23 15:37:49,788 - DEBUG - Starting new HTTPS connection (1): api.henrikdev.xyz:443
2026-05-23 15:37:49,967 - DEBUG - https://api.henrikdev.xyz:443 "GET /valorant/v3/by-puuid/matches/eu/08993ff7-ffe1-58b9-b42c-b4e68b6ebd4e HTTP/1.1" 200 None
2026-05-23 15:37:50,222 - INFO - Carte inseree [OK] : Lotus
2026-05-23 15:37:50,223 - INFO - Match inseree [OK] : 072f6866-df10-4093-90cb-72372e3ea976
2026-05-23 15:37:50,225 - INFO - Joueur inseree [OK] : f6b946ea-9feb-567d-891f-fe4602f01a35
2026-05-23 15:37:50,225 - INFO - Agent inseree [OK] : Killjoy
2026-05-23 15:37:50,226 - INFO - Compose inseree [OK] : ('f6b946ea-9feb-567d-891f-fe4602f01a35', 20, 91)
2026-05-23 15:37:50,227 - INFO - Joueur inseree [OK] : 7529aba0-8e0d-58a8-9f3a-426e51bae4b3
2026-05-23 15:37:50,227 - INFO - Agent inseree [OK] : Reyna
2026-05-23 15:37:50,227 - INFO - Compose inseree [OK] : ('7529aba0-8e0d-58a8-9f3a-426e51bae4b3', 20, 92)
2026-05-23 15:37:50,228 - INFO - Joueur inseree [OK] : 08993ff7-ffe1-58b9-b42c-b4e68b6ebd4e
2026-05-23 15:37:50,228 - INFO - Agent inseree [OK] : Skye
2026-05-23 15:37:50,228 - INFO - Compose inseree [OK] : ('08993ff7-ffe1-58b9-b42c-b4e68b6ebd4e', 20, 93)
2026-05-23 15:37:50,229 - INFO - Joueur inseree [OK] : d4e5b836-81ef-540e-95d6-588e232c914d
2026-05-23 15:37:50,229 - INFO - Agent deja existant [WARN] : Reyna
2026-05-23 15:37:50,230 - INFO - Compose inseree [OK] : ('d4e5b836-81ef-540e-95d6-588e232c914d', 19, 92)
2026-05-23 15:37:50,230 - INFO - Joueur inseree [OK] : 3325632b-5375-53cf-b73f-dccbd8407f87
2026-05-23 15:37:50,230 - INFO - Agent inseree [OK] : Brimstone
2026-05-23 15:37:50,231 - INFO - Compose inseree [OK] : ('3325632b-5375-53cf-b73f-dccbd8407f87', 19, 95)
2026-05-23 15:37:50,232 - INFO - Joueur inseree [OK] : 659b9a5a-e0dc-5c9a-9425-597af59e3874
2026-05-23 15:37:50,232 - INFO - Agent inseree [OK] : Breach
2026-05-23 15:37:50,232 - INFO - Compose inseree [OK] : ('659b9a5a-e0dc-5c9a-9425-597af59e3874', 19, 96)
2026-05-23 15:37:50,232 - INFO - Joueur inseree [OK] : 12fb0f7a-d96a-5bce-90ab-2d25beab4c19
2026-05-23 15:37:50,232 - INFO - Agent inseree [OK] : Phoenix
2026-05-23 15:37:50,232 - INFO - Compose inseree [OK] : ('12fb0f7a-d96a-5bce-90ab-2d25beab4c19', 20, 97)
2026-05-23 15:37:50,232 - INFO - Joueur inseree [OK] : 87c1de8d-8365-51cf-bf54-3fbc660f55f7
2026-05-23 15:37:50,232 - INFO - Agent inseree [OK] : Chamber
2026-05-23 15:37:50,233 - INFO - Compose inseree [OK] : ('87c1de8d-8365-51cf-bf54-3fbc660f55f7', 19, 98)
2026-05-23 15:37:50,233 - INFO - Joueur inseree [OK] : db39dbed-c654-56b8-ad47-d43aec229f7c
2026-05-23 15:37:50,233 - INFO - Agent inseree [OK] : Jett
2026-05-23 15:37:50,233 - INFO - Compose inseree [OK] : ('db39dbed-c654-56b8-ad47-d43aec229f7c', 19, 99)
2026-05-23 15:37:50,233 - INFO - Joueur inseree [OK] : 8ae6755d-fba8-5e54-ac45-c4c86dd6fd69
2026-05-23 15:37:50,233 - INFO - Agent inseree [OK] : Omen
2026-05-23 15:37:50,233 - INFO - Compose inseree [OK] : ('8ae6755d-fba8-5e54-ac45-c4c86dd6fd69', 20, 100)
2026-05-23 15:37:50,233 - INFO - Round inseree [OK] : 10
2026-05-23 15:37:50,234 - INFO - Arme inseree [OK] : Ghost
2026-05-23 15:37:50,234 - INFO - Armure inseree [OK] : None
2026-05-23 15:37:50,234 - INFO - Arme deja existante [INFO] : Ghost
2026-05-23 15:37:50,234 - INFO - Armure deja existante [INFO] : None
2026-05-23 15:37:50,235 - ERROR - Erreur : 'NoneType' object is not subscriptable, trace : Traceback (most recent call last):
  File "/home/dylanm/Insync/nalyd.irsnm@gmail.com/Google Drive/DrivePC/Loisirs/val-analytics-pipeline/src/insert_db.py", line 357, in insert_data
    insert_joue(cursor, party_info, teams_id)
    ~~~~~~~~~~~^^^^^^^^^^^^^^^^^^^^^^^^^^^^^^
  File "/home/dylanm/Insync/nalyd.irsnm@gmail.com/Google Drive/DrivePC/Loisirs/val-analytics-pipeline/src/insert_db.py", line 329, in insert_joue
    armor_id = insert_armor(cursor, player_stat)
  File "/home/dylanm/Insync/nalyd.irsnm@gmail.com/Google Drive/DrivePC/Loisirs/val-analytics-pipeline/src/insert_db.py", line 289, in insert_armor
    armor_id = cursor.fetchone()[0]
               ~~~~~~~~~~~~~~~~~^^^
TypeError: 'NoneType' object is not subscriptable

2026-05-23 15:41:03,511 - INFO - ====================================================================================================
2026-05-23 15:41:03,512 - INFO -    NOUVELLE CONNEXION VERS HENRIK API
2026-05-23 15:41:03,512 - INFO - ====================================================================================================
2026-05-23 15:41:03,512 - DEBUG - Starting new HTTPS connection (1): api.henrikdev.xyz:443
2026-05-23 15:41:03,664 - DEBUG - https://api.henrikdev.xyz:443 "GET /valorant/v1/account/little%20elephant/270 HTTP/1.1" 200 None
2026-05-23 15:41:03,664 - INFO - Connexion etablit [OK]
2026-05-23 15:41:03,666 - DEBUG - Starting new HTTPS connection (1): api.henrikdev.xyz:443
2026-05-23 15:41:03,882 - DEBUG - https://api.henrikdev.xyz:443 "GET /valorant/v3/by-puuid/matches/eu/08993ff7-ffe1-58b9-b42c-b4e68b6ebd4e HTTP/1.1" 200 None
2026-05-23 15:41:04,122 - INFO - Carte inseree [OK] : Lotus
2026-05-23 15:41:04,123 - INFO - Match inseree [OK] : 072f6866-df10-4093-90cb-72372e3ea976
2026-05-23 15:41:04,124 - INFO - Joueur inseree [OK] : f6b946ea-9feb-567d-891f-fe4602f01a35
2026-05-23 15:41:04,125 - INFO - Agent inseree [OK] : Killjoy
2026-05-23 15:41:04,125 - INFO - Compose inseree [OK] : ('f6b946ea-9feb-567d-891f-fe4602f01a35', 21, 101)
2026-05-23 15:41:04,126 - INFO - Joueur inseree [OK] : 7529aba0-8e0d-58a8-9f3a-426e51bae4b3
2026-05-23 15:41:04,126 - INFO - Agent inseree [OK] : Reyna
2026-05-23 15:41:04,127 - INFO - Compose inseree [OK] : ('7529aba0-8e0d-58a8-9f3a-426e51bae4b3', 21, 102)
2026-05-23 15:41:04,127 - INFO - Joueur inseree [OK] : 08993ff7-ffe1-58b9-b42c-b4e68b6ebd4e
2026-05-23 15:41:04,127 - INFO - Agent inseree [OK] : Skye
2026-05-23 15:41:04,128 - INFO - Compose inseree [OK] : ('08993ff7-ffe1-58b9-b42c-b4e68b6ebd4e', 21, 103)
2026-05-23 15:41:04,128 - INFO - Joueur inseree [OK] : d4e5b836-81ef-540e-95d6-588e232c914d
2026-05-23 15:41:04,129 - INFO - Agent deja existant [WARN] : Reyna
2026-05-23 15:41:04,129 - INFO - Compose inseree [OK] : ('d4e5b836-81ef-540e-95d6-588e232c914d', 22, 102)
2026-05-23 15:41:04,130 - INFO - Joueur inseree [OK] : 3325632b-5375-53cf-b73f-dccbd8407f87
2026-05-23 15:41:04,130 - INFO - Agent inseree [OK] : Brimstone
2026-05-23 15:41:04,130 - INFO - Compose inseree [OK] : ('3325632b-5375-53cf-b73f-dccbd8407f87', 22, 105)
2026-05-23 15:41:04,130 - INFO - Joueur inseree [OK] : 659b9a5a-e0dc-5c9a-9425-597af59e3874
2026-05-23 15:41:04,131 - INFO - Agent inseree [OK] : Breach
2026-05-23 15:41:04,131 - INFO - Compose inseree [OK] : ('659b9a5a-e0dc-5c9a-9425-597af59e3874', 22, 106)
2026-05-23 15:41:04,131 - INFO - Joueur inseree [OK] : 12fb0f7a-d96a-5bce-90ab-2d25beab4c19
2026-05-23 15:41:04,132 - INFO - Agent inseree [OK] : Phoenix
2026-05-23 15:41:04,132 - INFO - Compose inseree [OK] : ('12fb0f7a-d96a-5bce-90ab-2d25beab4c19', 21, 107)
2026-05-23 15:41:04,133 - INFO - Joueur inseree [OK] : 87c1de8d-8365-51cf-bf54-3fbc660f55f7
2026-05-23 15:41:04,133 - INFO - Agent inseree [OK] : Chamber
2026-05-23 15:41:04,133 - INFO - Compose inseree [OK] : ('87c1de8d-8365-51cf-bf54-3fbc660f55f7', 22, 108)
2026-05-23 15:41:04,133 - INFO - Joueur inseree [OK] : db39dbed-c654-56b8-ad47-d43aec229f7c
2026-05-23 15:41:04,134 - INFO - Agent inseree [OK] : Jett
2026-05-23 15:41:04,134 - INFO - Compose inseree [OK] : ('db39dbed-c654-56b8-ad47-d43aec229f7c', 22, 109)
2026-05-23 15:41:04,134 - INFO - Joueur inseree [OK] : 8ae6755d-fba8-5e54-ac45-c4c86dd6fd69
2026-05-23 15:41:04,134 - INFO - Agent inseree [OK] : Omen
2026-05-23 15:41:04,135 - INFO - Compose inseree [OK] : ('8ae6755d-fba8-5e54-ac45-c4c86dd6fd69', 21, 110)
2026-05-23 15:41:04,136 - INFO - Round inseree [OK] : 11
2026-05-23 15:41:04,136 - INFO - Arme inseree [OK] : Ghost
2026-05-23 15:41:04,137 - INFO - Armure inseree [OK] : None
2026-05-23 15:41:04,138 - INFO - Arme deja existante [INFO] : Ghost
2026-05-23 15:41:04,138 - INFO - Armure deja existante [INFO] : None
2026-05-23 15:41:04,139 - ERROR - Erreur : 'NoneType' object is not subscriptable, trace : Traceback (most recent call last):
  File "/home/dylanm/Insync/nalyd.irsnm@gmail.com/Google Drive/DrivePC/Loisirs/val-analytics-pipeline/src/insert_db.py", line 357, in insert_data
    insert_joue(cursor, party_info, teams_id)
    ~~~~~~~~~~~^^^^^^^^^^^^^^^^^^^^^^^^^^^^^^
  File "/home/dylanm/Insync/nalyd.irsnm@gmail.com/Google Drive/DrivePC/Loisirs/val-analytics-pipeline/src/insert_db.py", line 329, in insert_joue
    armor_id = insert_armor(cursor, player_stat)
  File "/home/dylanm/Insync/nalyd.irsnm@gmail.com/Google Drive/DrivePC/Loisirs/val-analytics-pipeline/src/insert_db.py", line 289, in insert_armor
    armor_id = cursor.fetchone()[0]
               ~~~~~~~~~~~~~~~~~^^^
TypeError: 'NoneType' object is not subscriptable

2026-05-23 15:44:26,079 - INFO - ====================================================================================================
2026-05-23 15:44:26,079 - INFO -    NOUVELLE CONNEXION VERS HENRIK API
2026-05-23 15:44:26,079 - INFO - ====================================================================================================
2026-05-23 15:44:26,080 - DEBUG - Starting new HTTPS connection (1): api.henrikdev.xyz:443
2026-05-23 15:44:26,251 - DEBUG - https://api.henrikdev.xyz:443 "GET /valorant/v1/account/little%20elephant/270 HTTP/1.1" 200 None
2026-05-23 15:44:26,252 - INFO - Connexion etablit [OK]
2026-05-23 15:44:26,253 - DEBUG - Starting new HTTPS connection (1): api.henrikdev.xyz:443
2026-05-23 15:44:26,531 - DEBUG - https://api.henrikdev.xyz:443 "GET /valorant/v3/by-puuid/matches/eu/08993ff7-ffe1-58b9-b42c-b4e68b6ebd4e HTTP/1.1" 200 None
2026-05-23 15:44:26,859 - INFO - Carte inseree [OK] : Lotus
2026-05-23 15:44:26,860 - INFO - Match inseree [OK] : 072f6866-df10-4093-90cb-72372e3ea976
2026-05-23 15:44:26,861 - INFO - Joueur inseree [OK] : f6b946ea-9feb-567d-891f-fe4602f01a35
2026-05-23 15:44:26,862 - INFO - Agent inseree [OK] : Killjoy
2026-05-23 15:44:26,863 - INFO - Compose inseree [OK] : ('f6b946ea-9feb-567d-891f-fe4602f01a35', 24, 111)
2026-05-23 15:44:26,863 - INFO - Joueur inseree [OK] : 7529aba0-8e0d-58a8-9f3a-426e51bae4b3
2026-05-23 15:44:26,863 - INFO - Agent inseree [OK] : Reyna
2026-05-23 15:44:26,864 - INFO - Compose inseree [OK] : ('7529aba0-8e0d-58a8-9f3a-426e51bae4b3', 24, 112)
2026-05-23 15:44:26,864 - INFO - Joueur inseree [OK] : 08993ff7-ffe1-58b9-b42c-b4e68b6ebd4e
2026-05-23 15:44:26,864 - INFO - Agent inseree [OK] : Skye
2026-05-23 15:44:26,865 - INFO - Compose inseree [OK] : ('08993ff7-ffe1-58b9-b42c-b4e68b6ebd4e', 24, 113)
2026-05-23 15:44:26,865 - INFO - Joueur inseree [OK] : d4e5b836-81ef-540e-95d6-588e232c914d
2026-05-23 15:44:26,865 - INFO - Agent deja existant [WARN] : Reyna
2026-05-23 15:44:26,866 - INFO - Compose inseree [OK] : ('d4e5b836-81ef-540e-95d6-588e232c914d', 23, 112)
2026-05-23 15:44:26,866 - INFO - Joueur inseree [OK] : 3325632b-5375-53cf-b73f-dccbd8407f87
2026-05-23 15:44:26,867 - INFO - Agent inseree [OK] : Brimstone
2026-05-23 15:44:26,867 - INFO - Compose inseree [OK] : ('3325632b-5375-53cf-b73f-dccbd8407f87', 23, 115)
2026-05-23 15:44:26,867 - INFO - Joueur inseree [OK] : 659b9a5a-e0dc-5c9a-9425-597af59e3874
2026-05-23 15:44:26,867 - INFO - Agent inseree [OK] : Breach
2026-05-23 15:44:26,868 - INFO - Compose inseree [OK] : ('659b9a5a-e0dc-5c9a-9425-597af59e3874', 23, 116)
2026-05-23 15:44:26,868 - INFO - Joueur inseree [OK] : 12fb0f7a-d96a-5bce-90ab-2d25beab4c19
2026-05-23 15:44:26,869 - INFO - Agent inseree [OK] : Phoenix
2026-05-23 15:44:26,869 - INFO - Compose inseree [OK] : ('12fb0f7a-d96a-5bce-90ab-2d25beab4c19', 24, 117)
2026-05-23 15:44:26,869 - INFO - Joueur inseree [OK] : 87c1de8d-8365-51cf-bf54-3fbc660f55f7
2026-05-23 15:44:26,869 - INFO - Agent inseree [OK] : Chamber
2026-05-23 15:44:26,870 - INFO - Compose inseree [OK] : ('87c1de8d-8365-51cf-bf54-3fbc660f55f7', 23, 118)
2026-05-23 15:44:26,870 - INFO - Joueur inseree [OK] : db39dbed-c654-56b8-ad47-d43aec229f7c
2026-05-23 15:44:26,870 - INFO - Agent inseree [OK] : Jett
2026-05-23 15:44:26,871 - INFO - Compose inseree [OK] : ('db39dbed-c654-56b8-ad47-d43aec229f7c', 23, 119)
2026-05-23 15:44:26,871 - INFO - Joueur inseree [OK] : 8ae6755d-fba8-5e54-ac45-c4c86dd6fd69
2026-05-23 15:44:26,871 - INFO - Agent inseree [OK] : Omen
2026-05-23 15:44:26,871 - INFO - Compose inseree [OK] : ('8ae6755d-fba8-5e54-ac45-c4c86dd6fd69', 24, 120)
2026-05-23 15:44:26,872 - INFO - Round inseree [OK] : 12
2026-05-23 15:44:26,872 - INFO - Arme inseree [OK] : Ghost
2026-05-23 15:44:26,873 - INFO - Armure inseree [OK] : None
2026-05-23 15:44:26,873 - INFO - Arme deja existante [INFO] : Ghost
2026-05-23 15:44:26,874 - INFO - Armure deja existante [INFO] : None
2026-05-23 15:44:26,874 - INFO - Arme deja existante [INFO] : Ghost
2026-05-23 15:44:26,875 - INFO - Armure deja existante [INFO] : None
2026-05-23 15:44:26,876 - INFO - Arme deja existante [INFO] : Ghost
2026-05-23 15:44:26,876 - INFO - Armure deja existante [INFO] : None
2026-05-23 15:44:26,877 - INFO - Arme inseree [OK] : Classic
2026-05-23 15:44:26,877 - INFO - Armure deja existante [INFO] : None
2026-05-23 15:44:26,878 - INFO - Arme deja existante [INFO] : Ghost
2026-05-23 15:44:26,878 - INFO - Armure deja existante [INFO] : None
2026-05-23 15:44:26,879 - INFO - Arme inseree [OK] : Sheriff
2026-05-23 15:44:26,879 - INFO - Armure deja existante [INFO] : None
2026-05-23 15:44:26,880 - INFO - Arme deja existante [INFO] : Sheriff
2026-05-23 15:44:26,880 - INFO - Armure deja existante [INFO] : None
2026-05-23 15:44:26,881 - INFO - Arme deja existante [INFO] : Ghost
2026-05-23 15:44:26,881 - INFO - Armure deja existante [INFO] : None
2026-05-23 15:44:26,882 - INFO - Arme deja existante [INFO] : Classic
2026-05-23 15:44:26,882 - INFO - Armure deja existante [INFO] : None
2026-05-23 15:44:26,883 - INFO - Round inseree [OK] : 13
2026-05-23 15:44:26,883 - INFO - Arme inseree [OK] : Phantom
2026-05-23 15:44:26,884 - INFO - Armure inseree [OK] : Light Armor
2026-05-23 15:44:26,884 - INFO - Arme inseree [OK] : Shorty
2026-05-23 15:44:26,884 - INFO - Armure deja existante [INFO] : None
2026-05-23 15:44:26,885 - INFO - Arme deja existante [INFO] : Ghost
2026-05-23 15:44:26,886 - INFO - Armure deja existante [INFO] : None
2026-05-23 15:44:26,886 - INFO - Arme deja existante [INFO] : Classic
2026-05-23 15:44:26,887 - INFO - Armure deja existante [INFO] : None
2026-05-23 15:44:26,887 - INFO - Arme deja existante [INFO] : Classic
2026-05-23 15:44:26,888 - INFO - Armure deja existante [INFO] : None
2026-05-23 15:44:26,889 - INFO - Arme inseree [OK] : Outlaw
2026-05-23 15:44:26,889 - INFO - Armure inseree [OK] : Regen Shield
2026-05-23 15:44:26,889 - INFO - Arme deja existante [INFO] : Outlaw
2026-05-23 15:44:26,890 - INFO - Armure deja existante [INFO] : Light Armor
2026-05-23 15:44:26,890 - INFO - Arme deja existante [INFO] : Ghost
2026-05-23 15:44:26,891 - INFO - Armure deja existante [INFO] : Light Armor
2026-05-23 15:44:26,891 - INFO - Arme deja existante [INFO] : Classic
2026-05-23 15:44:26,892 - INFO - Armure deja existante [INFO] : None
2026-05-23 15:44:26,893 - INFO - Arme inseree [OK] : Vandal
2026-05-23 15:44:26,893 - INFO - Armure deja existante [INFO] : Light Armor
2026-05-23 15:44:26,894 - INFO - Round inseree [OK] : 14
2026-05-23 15:44:26,894 - INFO - Arme inseree [OK] : Bandit
2026-05-23 15:44:26,894 - INFO - Armure deja existante [INFO] : Light Armor
2026-05-23 15:44:26,895 - INFO - Arme deja existante [INFO] : Vandal
2026-05-23 15:44:26,895 - INFO - Armure inseree [OK] : Heavy Armor
2026-05-23 15:44:26,896 - INFO - Arme deja existante [INFO] : Outlaw
2026-05-23 15:44:26,897 - INFO - Armure deja existante [INFO] : Heavy Armor
2026-05-23 15:44:26,897 - INFO - Arme deja existante [INFO] : Phantom
2026-05-23 15:44:26,898 - INFO - Armure deja existante [INFO] : Heavy Armor
2026-05-23 15:44:26,898 - INFO - Arme deja existante [INFO] : Vandal
2026-05-23 15:44:26,899 - INFO - Armure deja existante [INFO] : Heavy Armor
2026-05-23 15:44:26,900 - INFO - Arme deja existante [INFO] : Classic
2026-05-23 15:44:26,900 - INFO - Armure deja existante [INFO] : None
2026-05-23 15:44:26,901 - INFO - Arme deja existante [INFO] : Classic
2026-05-23 15:44:26,901 - INFO - Armure deja existante [INFO] : None
2026-05-23 15:44:26,902 - INFO - Arme deja existante [INFO] : Vandal
2026-05-23 15:44:26,903 - INFO - Armure deja existante [INFO] : Heavy Armor
2026-05-23 15:44:26,903 - INFO - Arme deja existante [INFO] : Outlaw
2026-05-23 15:44:26,904 - INFO - Armure deja existante [INFO] : Heavy Armor
2026-05-23 15:44:26,904 - INFO - Arme deja existante [INFO] : Classic
2026-05-23 15:44:26,905 - INFO - Armure deja existante [INFO] : Light Armor
2026-05-23 15:44:26,906 - ERROR - Erreur : 'NoneType' object is not subscriptable, trace : Traceback (most recent call last):
  File "/home/dylanm/Insync/nalyd.irsnm@gmail.com/Google Drive/DrivePC/Loisirs/val-analytics-pipeline/src/insert_db.py", line 357, in insert_data
    insert_joue(cursor, party_info, teams_id)
    ~~~~~~~~~~~^^^^^^^^^^^^^^^^^^^^^^^^^^^^^^
  File "/home/dylanm/Insync/nalyd.irsnm@gmail.com/Google Drive/DrivePC/Loisirs/val-analytics-pipeline/src/insert_db.py", line 326, in insert_joue
    round_id = insert_round(cursor, r, num, teams_id)
  File "/home/dylanm/Insync/nalyd.irsnm@gmail.com/Google Drive/DrivePC/Loisirs/val-analytics-pipeline/src/insert_db.py", line 220, in insert_round
    plant_coord_x = round_info["plant_events"]["plant_location"]["x"]
                    ~~~~~~~~~~~~~~~~~~~~~~~~~~~~~~~~~~~~~~~~~~~~^^^^^
TypeError: 'NoneType' object is not subscriptable

2026-05-23 15:57:02,437 - INFO - ====================================================================================================
2026-05-23 15:57:02,437 - INFO -    NOUVELLE CONNEXION VERS HENRIK API
2026-05-23 15:57:02,437 - INFO - ====================================================================================================
2026-05-23 15:57:02,438 - DEBUG - Starting new HTTPS connection (1): api.henrikdev.xyz:443
2026-05-23 15:57:02,699 - DEBUG - https://api.henrikdev.xyz:443 "GET /valorant/v1/account/little%20elephant/270 HTTP/1.1" 200 None
2026-05-23 15:57:02,699 - INFO - Connexion etablit [OK]
2026-05-23 15:57:02,701 - DEBUG - Starting new HTTPS connection (1): api.henrikdev.xyz:443
2026-05-23 15:57:03,115 - DEBUG - https://api.henrikdev.xyz:443 "GET /valorant/v3/by-puuid/matches/eu/08993ff7-ffe1-58b9-b42c-b4e68b6ebd4e HTTP/1.1" 200 None
2026-05-23 15:57:03,466 - INFO - Carte inseree [OK] : Lotus
2026-05-23 15:57:03,467 - INFO - Match inseree [OK] : 072f6866-df10-4093-90cb-72372e3ea976
2026-05-23 15:57:03,468 - INFO - Joueur inseree [OK] : f6b946ea-9feb-567d-891f-fe4602f01a35
2026-05-23 15:57:03,469 - INFO - Agent inseree [OK] : Killjoy
2026-05-23 15:57:03,470 - INFO - Compose inseree [OK] : ('f6b946ea-9feb-567d-891f-fe4602f01a35', 25, 121)
2026-05-23 15:57:03,470 - INFO - Joueur inseree [OK] : 7529aba0-8e0d-58a8-9f3a-426e51bae4b3
2026-05-23 15:57:03,470 - INFO - Agent inseree [OK] : Reyna
2026-05-23 15:57:03,471 - INFO - Compose inseree [OK] : ('7529aba0-8e0d-58a8-9f3a-426e51bae4b3', 25, 122)
2026-05-23 15:57:03,471 - INFO - Joueur inseree [OK] : 08993ff7-ffe1-58b9-b42c-b4e68b6ebd4e
2026-05-23 15:57:03,471 - INFO - Agent inseree [OK] : Skye
2026-05-23 15:57:03,472 - INFO - Compose inseree [OK] : ('08993ff7-ffe1-58b9-b42c-b4e68b6ebd4e', 25, 123)
2026-05-23 15:57:03,472 - INFO - Joueur inseree [OK] : d4e5b836-81ef-540e-95d6-588e232c914d
2026-05-23 15:57:03,472 - INFO - Agent deja existant [WARN] : Reyna
2026-05-23 15:57:03,473 - INFO - Compose inseree [OK] : ('d4e5b836-81ef-540e-95d6-588e232c914d', 26, 122)
2026-05-23 15:57:03,473 - INFO - Joueur inseree [OK] : 3325632b-5375-53cf-b73f-dccbd8407f87
2026-05-23 15:57:03,473 - INFO - Agent inseree [OK] : Brimstone
2026-05-23 15:57:03,474 - INFO - Compose inseree [OK] : ('3325632b-5375-53cf-b73f-dccbd8407f87', 26, 125)
2026-05-23 15:57:03,474 - INFO - Joueur inseree [OK] : 659b9a5a-e0dc-5c9a-9425-597af59e3874
2026-05-23 15:57:03,474 - INFO - Agent inseree [OK] : Breach
2026-05-23 15:57:03,475 - INFO - Compose inseree [OK] : ('659b9a5a-e0dc-5c9a-9425-597af59e3874', 26, 126)
2026-05-23 15:57:03,475 - INFO - Joueur inseree [OK] : 12fb0f7a-d96a-5bce-90ab-2d25beab4c19
2026-05-23 15:57:03,475 - INFO - Agent inseree [OK] : Phoenix
2026-05-23 15:57:03,475 - INFO - Compose inseree [OK] : ('12fb0f7a-d96a-5bce-90ab-2d25beab4c19', 25, 127)
2026-05-23 15:57:03,476 - INFO - Joueur inseree [OK] : 87c1de8d-8365-51cf-bf54-3fbc660f55f7
2026-05-23 15:57:03,476 - INFO - Agent inseree [OK] : Chamber
2026-05-23 15:57:03,476 - INFO - Compose inseree [OK] : ('87c1de8d-8365-51cf-bf54-3fbc660f55f7', 26, 128)
2026-05-23 15:57:03,476 - INFO - Joueur inseree [OK] : db39dbed-c654-56b8-ad47-d43aec229f7c
2026-05-23 15:57:03,477 - INFO - Agent inseree [OK] : Jett
2026-05-23 15:57:03,477 - INFO - Compose inseree [OK] : ('db39dbed-c654-56b8-ad47-d43aec229f7c', 26, 129)
2026-05-23 15:57:03,477 - INFO - Joueur inseree [OK] : 8ae6755d-fba8-5e54-ac45-c4c86dd6fd69
2026-05-23 15:57:03,477 - INFO - Agent inseree [OK] : Omen
2026-05-23 15:57:03,478 - INFO - Compose inseree [OK] : ('8ae6755d-fba8-5e54-ac45-c4c86dd6fd69', 25, 130)
2026-05-23 15:57:03,478 - INFO - Round inseree [OK] : 15
2026-05-23 15:57:03,479 - INFO - Arme inseree [OK] : Ghost
2026-05-23 15:57:03,479 - INFO - Armure inseree [OK] : None
2026-05-23 15:57:03,480 - INFO - Arme deja existante [INFO] : Ghost
2026-05-23 15:57:03,480 - INFO - Armure deja existante [INFO] : None
2026-05-23 15:57:03,481 - INFO - Arme deja existante [INFO] : Ghost
2026-05-23 15:57:03,481 - INFO - Armure deja existante [INFO] : None
2026-05-23 15:57:03,482 - INFO - Arme deja existante [INFO] : Ghost
2026-05-23 15:57:03,482 - INFO - Armure deja existante [INFO] : None
2026-05-23 15:57:03,482 - INFO - Arme inseree [OK] : Classic
2026-05-23 15:57:03,482 - INFO - Armure deja existante [INFO] : None
2026-05-23 15:57:03,483 - INFO - Arme deja existante [INFO] : Ghost
2026-05-23 15:57:03,483 - INFO - Armure deja existante [INFO] : None
2026-05-23 15:57:03,483 - INFO - Arme inseree [OK] : Sheriff
2026-05-23 15:57:03,483 - INFO - Armure deja existante [INFO] : None
2026-05-23 15:57:03,484 - INFO - Arme deja existante [INFO] : Sheriff
2026-05-23 15:57:03,484 - INFO - Armure deja existante [INFO] : None
2026-05-23 15:57:03,484 - INFO - Arme deja existante [INFO] : Ghost
2026-05-23 15:57:03,484 - INFO - Armure deja existante [INFO] : None
2026-05-23 15:57:03,485 - INFO - Arme deja existante [INFO] : Classic
2026-05-23 15:57:03,485 - INFO - Armure deja existante [INFO] : None
2026-05-23 15:57:03,486 - INFO - Round inseree [OK] : 16
2026-05-23 15:57:03,486 - INFO - Arme inseree [OK] : Phantom
2026-05-23 15:57:03,487 - INFO - Armure inseree [OK] : Light Armor
2026-05-23 15:57:03,487 - INFO - Arme inseree [OK] : Shorty
2026-05-23 15:57:03,487 - INFO - Armure deja existante [INFO] : None
2026-05-23 15:57:03,488 - INFO - Arme deja existante [INFO] : Ghost
2026-05-23 15:57:03,488 - INFO - Armure deja existante [INFO] : None
2026-05-23 15:57:03,488 - INFO - Arme deja existante [INFO] : Classic
2026-05-23 15:57:03,489 - INFO - Armure deja existante [INFO] : None
2026-05-23 15:57:03,489 - INFO - Arme deja existante [INFO] : Classic
2026-05-23 15:57:03,489 - INFO - Armure deja existante [INFO] : None
2026-05-23 15:57:03,490 - INFO - Arme inseree [OK] : Outlaw
2026-05-23 15:57:03,490 - INFO - Armure inseree [OK] : Regen Shield
2026-05-23 15:57:03,490 - INFO - Arme deja existante [INFO] : Outlaw
2026-05-23 15:57:03,490 - INFO - Armure deja existante [INFO] : Light Armor
2026-05-23 15:57:03,491 - INFO - Arme deja existante [INFO] : Ghost
2026-05-23 15:57:03,491 - INFO - Armure deja existante [INFO] : Light Armor
2026-05-23 15:57:03,491 - INFO - Arme deja existante [INFO] : Classic
2026-05-23 15:57:03,492 - INFO - Armure deja existante [INFO] : None
2026-05-23 15:57:03,493 - INFO - Arme inseree [OK] : Vandal
2026-05-23 15:57:03,493 - INFO - Armure deja existante [INFO] : Light Armor
2026-05-23 15:57:03,493 - INFO - Round inseree [OK] : 17
2026-05-23 15:57:03,494 - INFO - Arme inseree [OK] : Bandit
2026-05-23 15:57:03,494 - INFO - Armure deja existante [INFO] : Light Armor
2026-05-23 15:57:03,494 - INFO - Arme deja existante [INFO] : Vandal
2026-05-23 15:57:03,495 - INFO - Armure inseree [OK] : Heavy Armor
2026-05-23 15:57:03,495 - INFO - Arme deja existante [INFO] : Outlaw
2026-05-23 15:57:03,495 - INFO - Armure deja existante [INFO] : Heavy Armor
2026-05-23 15:57:03,496 - INFO - Arme deja existante [INFO] : Phantom
2026-05-23 15:57:03,496 - INFO - Armure deja existante [INFO] : Heavy Armor
2026-05-23 15:57:03,496 - INFO - Arme deja existante [INFO] : Vandal
2026-05-23 15:57:03,497 - INFO - Armure deja existante [INFO] : Heavy Armor
2026-05-23 15:57:03,497 - INFO - Arme deja existante [INFO] : Classic
2026-05-23 15:57:03,497 - INFO - Armure deja existante [INFO] : None
2026-05-23 15:57:03,498 - INFO - Arme deja existante [INFO] : Classic
2026-05-23 15:57:03,498 - INFO - Armure deja existante [INFO] : None
2026-05-23 15:57:03,498 - INFO - Arme deja existante [INFO] : Vandal
2026-05-23 15:57:03,498 - INFO - Armure deja existante [INFO] : Heavy Armor
2026-05-23 15:57:03,499 - INFO - Arme deja existante [INFO] : Outlaw
2026-05-23 15:57:03,499 - INFO - Armure deja existante [INFO] : Heavy Armor
2026-05-23 15:57:03,499 - INFO - Arme deja existante [INFO] : Classic
2026-05-23 15:57:03,500 - INFO - Armure deja existante [INFO] : Light Armor
2026-05-23 15:57:03,501 - ERROR - Erreur : 'NoneType' object is not subscriptable, trace : Traceback (most recent call last):
  File "/home/dylanm/Insync/nalyd.irsnm@gmail.com/Google Drive/DrivePC/Loisirs/val-analytics-pipeline/src/insert_db.py", line 348, in insert_data
    insert_joue(cursor, party_info, teams_id)
    ~~~~~~~~~~~^^^^^^^^^^^^^^^^^^^^^^^^^^^^^^
  File "/home/dylanm/Insync/nalyd.irsnm@gmail.com/Google Drive/DrivePC/Loisirs/val-analytics-pipeline/src/insert_db.py", line 318, in insert_joue
    round_id = insert_round(cursor, r, num, teams_id)
  File "/home/dylanm/Insync/nalyd.irsnm@gmail.com/Google Drive/DrivePC/Loisirs/val-analytics-pipeline/src/insert_db.py", line 220, in insert_round
    plant_coord_x = round_info["plant_events"]["plant_location"]["x"]
                    ~~~~~~~~~~~~~~~~~~~~~~~~~~~~~~~~~~~~~~~~~~~~^^^^^
TypeError: 'NoneType' object is not subscriptable

2026-05-23 15:59:21,562 - INFO - ====================================================================================================
2026-05-23 15:59:21,562 - INFO -    NOUVELLE CONNEXION VERS HENRIK API
2026-05-23 15:59:21,562 - INFO - ====================================================================================================
2026-05-23 15:59:21,563 - DEBUG - Starting new HTTPS connection (1): api.henrikdev.xyz:443
2026-05-23 15:59:21,702 - DEBUG - https://api.henrikdev.xyz:443 "GET /valorant/v1/account/little%20elephant/270 HTTP/1.1" 200 None
2026-05-23 15:59:21,703 - INFO - Connexion etablit [OK]
2026-05-23 15:59:21,705 - DEBUG - Starting new HTTPS connection (1): api.henrikdev.xyz:443
2026-05-23 15:59:21,928 - DEBUG - https://api.henrikdev.xyz:443 "GET /valorant/v3/by-puuid/matches/eu/08993ff7-ffe1-58b9-b42c-b4e68b6ebd4e HTTP/1.1" 200 None
2026-05-23 15:59:22,146 - INFO - Carte inseree [OK] : Lotus
2026-05-23 15:59:22,147 - INFO - Match inseree [OK] : 072f6866-df10-4093-90cb-72372e3ea976
2026-05-23 15:59:22,148 - INFO - Joueur inseree [OK] : f6b946ea-9feb-567d-891f-fe4602f01a35
2026-05-23 15:59:22,148 - INFO - Agent inseree [OK] : Killjoy
2026-05-23 15:59:22,149 - INFO - Compose inseree [OK] : ('f6b946ea-9feb-567d-891f-fe4602f01a35', 27, 131)
2026-05-23 15:59:22,149 - INFO - Joueur inseree [OK] : 7529aba0-8e0d-58a8-9f3a-426e51bae4b3
2026-05-23 15:59:22,150 - INFO - Agent inseree [OK] : Reyna
2026-05-23 15:59:22,150 - INFO - Compose inseree [OK] : ('7529aba0-8e0d-58a8-9f3a-426e51bae4b3', 27, 132)
2026-05-23 15:59:22,150 - INFO - Joueur inseree [OK] : 08993ff7-ffe1-58b9-b42c-b4e68b6ebd4e
2026-05-23 15:59:22,151 - INFO - Agent inseree [OK] : Skye
2026-05-23 15:59:22,151 - INFO - Compose inseree [OK] : ('08993ff7-ffe1-58b9-b42c-b4e68b6ebd4e', 27, 133)
2026-05-23 15:59:22,151 - INFO - Joueur inseree [OK] : d4e5b836-81ef-540e-95d6-588e232c914d
2026-05-23 15:59:22,151 - INFO - Agent deja existant [WARN] : Reyna
2026-05-23 15:59:22,152 - INFO - Compose inseree [OK] : ('d4e5b836-81ef-540e-95d6-588e232c914d', 28, 132)
2026-05-23 15:59:22,152 - INFO - Joueur inseree [OK] : 3325632b-5375-53cf-b73f-dccbd8407f87
2026-05-23 15:59:22,153 - INFO - Agent inseree [OK] : Brimstone
2026-05-23 15:59:22,153 - INFO - Compose inseree [OK] : ('3325632b-5375-53cf-b73f-dccbd8407f87', 28, 135)
2026-05-23 15:59:22,153 - INFO - Joueur inseree [OK] : 659b9a5a-e0dc-5c9a-9425-597af59e3874
2026-05-23 15:59:22,153 - INFO - Agent inseree [OK] : Breach
2026-05-23 15:59:22,154 - INFO - Compose inseree [OK] : ('659b9a5a-e0dc-5c9a-9425-597af59e3874', 28, 136)
2026-05-23 15:59:22,154 - INFO - Joueur inseree [OK] : 12fb0f7a-d96a-5bce-90ab-2d25beab4c19
2026-05-23 15:59:22,154 - INFO - Agent inseree [OK] : Phoenix
2026-05-23 15:59:22,154 - INFO - Compose inseree [OK] : ('12fb0f7a-d96a-5bce-90ab-2d25beab4c19', 27, 137)
2026-05-23 15:59:22,154 - INFO - Joueur inseree [OK] : 87c1de8d-8365-51cf-bf54-3fbc660f55f7
2026-05-23 15:59:22,155 - INFO - Agent inseree [OK] : Chamber
2026-05-23 15:59:22,155 - INFO - Compose inseree [OK] : ('87c1de8d-8365-51cf-bf54-3fbc660f55f7', 28, 138)
2026-05-23 15:59:22,155 - INFO - Joueur inseree [OK] : db39dbed-c654-56b8-ad47-d43aec229f7c
2026-05-23 15:59:22,155 - INFO - Agent inseree [OK] : Jett
2026-05-23 15:59:22,155 - INFO - Compose inseree [OK] : ('db39dbed-c654-56b8-ad47-d43aec229f7c', 28, 139)
2026-05-23 15:59:22,155 - INFO - Joueur inseree [OK] : 8ae6755d-fba8-5e54-ac45-c4c86dd6fd69
2026-05-23 15:59:22,156 - INFO - Agent inseree [OK] : Omen
2026-05-23 15:59:22,156 - INFO - Compose inseree [OK] : ('8ae6755d-fba8-5e54-ac45-c4c86dd6fd69', 27, 140)
2026-05-23 15:59:22,156 - INFO - Round inseree [OK] : 18
2026-05-23 15:59:22,157 - INFO - Arme inseree [OK] : Ghost
2026-05-23 15:59:22,157 - INFO - Armure inseree [OK] : None
2026-05-23 15:59:22,158 - INFO - Arme deja existante [INFO] : Ghost
2026-05-23 15:59:22,158 - INFO - Armure deja existante [INFO] : None
2026-05-23 15:59:22,158 - INFO - Arme deja existante [INFO] : Ghost
2026-05-23 15:59:22,158 - INFO - Armure deja existante [INFO] : None
2026-05-23 15:59:22,159 - INFO - Arme deja existante [INFO] : Ghost
2026-05-23 15:59:22,159 - INFO - Armure deja existante [INFO] : None
2026-05-23 15:59:22,159 - INFO - Arme inseree [OK] : Classic
2026-05-23 15:59:22,159 - INFO - Armure deja existante [INFO] : None
2026-05-23 15:59:22,160 - INFO - Arme deja existante [INFO] : Ghost
2026-05-23 15:59:22,160 - INFO - Armure deja existante [INFO] : None
2026-05-23 15:59:22,160 - INFO - Arme inseree [OK] : Sheriff
2026-05-23 15:59:22,160 - INFO - Armure deja existante [INFO] : None
2026-05-23 15:59:22,161 - INFO - Arme deja existante [INFO] : Sheriff
2026-05-23 15:59:22,161 - INFO - Armure deja existante [INFO] : None
2026-05-23 15:59:22,162 - INFO - Arme deja existante [INFO] : Ghost
2026-05-23 15:59:22,162 - INFO - Armure deja existante [INFO] : None
2026-05-23 15:59:22,163 - INFO - Arme deja existante [INFO] : Classic
2026-05-23 15:59:22,163 - INFO - Armure deja existante [INFO] : None
2026-05-23 15:59:22,164 - INFO - Round inseree [OK] : 19
2026-05-23 15:59:22,164 - INFO - Arme inseree [OK] : Phantom
2026-05-23 15:59:22,164 - INFO - Armure inseree [OK] : Light Armor
2026-05-23 15:59:22,165 - INFO - Arme inseree [OK] : Shorty
2026-05-23 15:59:22,165 - INFO - Armure deja existante [INFO] : None
2026-05-23 15:59:22,166 - INFO - Arme deja existante [INFO] : Ghost
2026-05-23 15:59:22,166 - INFO - Armure deja existante [INFO] : None
2026-05-23 15:59:22,166 - INFO - Arme deja existante [INFO] : Classic
2026-05-23 15:59:22,166 - INFO - Armure deja existante [INFO] : None
2026-05-23 15:59:22,167 - INFO - Arme deja existante [INFO] : Classic
2026-05-23 15:59:22,167 - INFO - Armure deja existante [INFO] : None
2026-05-23 15:59:22,167 - INFO - Arme inseree [OK] : Outlaw
2026-05-23 15:59:22,168 - INFO - Armure inseree [OK] : Regen Shield
2026-05-23 15:59:22,168 - INFO - Arme deja existante [INFO] : Outlaw
2026-05-23 15:59:22,168 - INFO - Armure deja existante [INFO] : Light Armor
2026-05-23 15:59:22,169 - INFO - Arme deja existante [INFO] : Ghost
2026-05-23 15:59:22,169 - INFO - Armure deja existante [INFO] : Light Armor
2026-05-23 15:59:22,169 - INFO - Arme deja existante [INFO] : Classic
2026-05-23 15:59:22,169 - INFO - Armure deja existante [INFO] : None
2026-05-23 15:59:22,170 - INFO - Arme inseree [OK] : Vandal
2026-05-23 15:59:22,170 - INFO - Armure deja existante [INFO] : Light Armor
2026-05-23 15:59:22,171 - INFO - Round inseree [OK] : 20
2026-05-23 15:59:22,171 - INFO - Arme inseree [OK] : Bandit
2026-05-23 15:59:22,171 - INFO - Armure deja existante [INFO] : Light Armor
2026-05-23 15:59:22,172 - INFO - Arme deja existante [INFO] : Vandal
2026-05-23 15:59:22,172 - INFO - Armure inseree [OK] : Heavy Armor
2026-05-23 15:59:22,173 - INFO - Arme deja existante [INFO] : Outlaw
2026-05-23 15:59:22,173 - INFO - Armure deja existante [INFO] : Heavy Armor
2026-05-23 15:59:22,174 - INFO - Arme deja existante [INFO] : Phantom
2026-05-23 15:59:22,174 - INFO - Armure deja existante [INFO] : Heavy Armor
2026-05-23 15:59:22,174 - INFO - Arme deja existante [INFO] : Vandal
2026-05-23 15:59:22,175 - INFO - Armure deja existante [INFO] : Heavy Armor
2026-05-23 15:59:22,175 - INFO - Arme deja existante [INFO] : Classic
2026-05-23 15:59:22,175 - INFO - Armure deja existante [INFO] : None
2026-05-23 15:59:22,176 - INFO - Arme deja existante [INFO] : Classic
2026-05-23 15:59:22,176 - INFO - Armure deja existante [INFO] : None
2026-05-23 15:59:22,177 - INFO - Arme deja existante [INFO] : Vandal
2026-05-23 15:59:22,177 - INFO - Armure deja existante [INFO] : Heavy Armor
2026-05-23 15:59:22,177 - INFO - Arme deja existante [INFO] : Outlaw
2026-05-23 15:59:22,178 - INFO - Armure deja existante [INFO] : Heavy Armor
2026-05-23 15:59:22,178 - INFO - Arme deja existante [INFO] : Classic
2026-05-23 15:59:22,178 - INFO - Armure deja existante [INFO] : Light Armor
2026-05-23 15:59:22,180 - ERROR - Erreur : null value in column "plant_site" of relation "round" violates not-null constraint
DETAIL:  Failing row contains (21, 3, 27, eliminated, f, f, null, null, null, null).
, trace : Traceback (most recent call last):
  File "/home/dylanm/Insync/nalyd.irsnm@gmail.com/Google Drive/DrivePC/Loisirs/val-analytics-pipeline/src/insert_db.py", line 348, in insert_data
    insert_joue(cursor, party_info, teams_id)
    ~~~~~~~~~~~^^^^^^^^^^^^^^^^^^^^^^^^^^^^^^
  File "/home/dylanm/Insync/nalyd.irsnm@gmail.com/Google Drive/DrivePC/Loisirs/val-analytics-pipeline/src/insert_db.py", line 318, in insert_joue
    round_id = insert_round(cursor, r, num, teams_id)
  File "/home/dylanm/Insync/nalyd.irsnm@gmail.com/Google Drive/DrivePC/Loisirs/val-analytics-pipeline/src/insert_db.py", line 228, in insert_round
    cursor.execute("""
    ~~~~~~~~~~~~~~^^^^
        INSERT INTO Round (number, end_type, bomb_planted, plant_site, bomb_defused,
        ^^^^^^^^^^^^^^^^^^^^^^^^^^^^^^^^^^^^^^^^^^^^^^^^^^^^^^^^^^^^^^^^^^^^^^^^^^^^
    ...<2 lines>...
                   RETURNING round_id
                   ^^^^^^^^^^^^^^^^^^
                   """, (number, end_type, bomb_planted, plant_site, bomb_defused, plant_time_in_round, plant_coord_x, plant_coord_y, winning_team_id))
                   ^^^^^^^^^^^^^^^^^^^^^^^^^^^^^^^^^^^^^^^^^^^^^^^^^^^^^^^^^^^^^^^^^^^^^^^^^^^^^^^^^^^^^^^^^^^^^^^^^^^^^^^^^^^^^^^^^^^^^^^^^^^^^^^^^^^^
psycopg2.errors.NotNullViolation: null value in column "plant_site" of relation "round" violates not-null constraint
DETAIL:  Failing row contains (21, 3, 27, eliminated, f, f, null, null, null, null).


2026-05-23 16:00:23,916 - INFO - ====================================================================================================
2026-05-23 16:00:23,916 - INFO -    NOUVELLE CONNEXION VERS HENRIK API
2026-05-23 16:00:23,916 - INFO - ====================================================================================================
2026-05-23 16:00:23,917 - DEBUG - Starting new HTTPS connection (1): api.henrikdev.xyz:443
2026-05-23 16:00:24,197 - DEBUG - https://api.henrikdev.xyz:443 "GET /valorant/v1/account/little%20elephant/270 HTTP/1.1" 200 None
2026-05-23 16:00:24,197 - INFO - Connexion etablit [OK]
2026-05-23 16:00:24,199 - DEBUG - Starting new HTTPS connection (1): api.henrikdev.xyz:443
2026-05-23 16:00:24,534 - DEBUG - https://api.henrikdev.xyz:443 "GET /valorant/v3/by-puuid/matches/eu/08993ff7-ffe1-58b9-b42c-b4e68b6ebd4e HTTP/1.1" 200 None
2026-05-23 16:00:25,109 - INFO - Carte inseree [OK] : Lotus
2026-05-23 16:00:25,110 - INFO - Match inseree [OK] : 072f6866-df10-4093-90cb-72372e3ea976
2026-05-23 16:00:25,112 - INFO - Joueur inseree [OK] : f6b946ea-9feb-567d-891f-fe4602f01a35
2026-05-23 16:00:25,113 - INFO - Agent inseree [OK] : Killjoy
2026-05-23 16:00:25,114 - INFO - Compose inseree [OK] : ('f6b946ea-9feb-567d-891f-fe4602f01a35', 1, 1)
2026-05-23 16:00:25,114 - INFO - Joueur inseree [OK] : 7529aba0-8e0d-58a8-9f3a-426e51bae4b3
2026-05-23 16:00:25,114 - INFO - Agent inseree [OK] : Reyna
2026-05-23 16:00:25,115 - INFO - Compose inseree [OK] : ('7529aba0-8e0d-58a8-9f3a-426e51bae4b3', 1, 2)
2026-05-23 16:00:25,115 - INFO - Joueur inseree [OK] : 08993ff7-ffe1-58b9-b42c-b4e68b6ebd4e
2026-05-23 16:00:25,116 - INFO - Agent inseree [OK] : Skye
2026-05-23 16:00:25,116 - INFO - Compose inseree [OK] : ('08993ff7-ffe1-58b9-b42c-b4e68b6ebd4e', 1, 3)
2026-05-23 16:00:25,116 - INFO - Joueur inseree [OK] : d4e5b836-81ef-540e-95d6-588e232c914d
2026-05-23 16:00:25,116 - INFO - Agent deja existant [WARN] : Reyna
2026-05-23 16:00:25,117 - INFO - Compose inseree [OK] : ('d4e5b836-81ef-540e-95d6-588e232c914d', 2, 2)
2026-05-23 16:00:25,118 - INFO - Joueur inseree [OK] : 3325632b-5375-53cf-b73f-dccbd8407f87
2026-05-23 16:00:25,118 - INFO - Agent inseree [OK] : Brimstone
2026-05-23 16:00:25,118 - INFO - Compose inseree [OK] : ('3325632b-5375-53cf-b73f-dccbd8407f87', 2, 5)
2026-05-23 16:00:25,119 - INFO - Joueur inseree [OK] : 659b9a5a-e0dc-5c9a-9425-597af59e3874
2026-05-23 16:00:25,119 - INFO - Agent inseree [OK] : Breach
2026-05-23 16:00:25,119 - INFO - Compose inseree [OK] : ('659b9a5a-e0dc-5c9a-9425-597af59e3874', 2, 6)
2026-05-23 16:00:25,119 - INFO - Joueur inseree [OK] : 12fb0f7a-d96a-5bce-90ab-2d25beab4c19
2026-05-23 16:00:25,120 - INFO - Agent inseree [OK] : Phoenix
2026-05-23 16:00:25,120 - INFO - Compose inseree [OK] : ('12fb0f7a-d96a-5bce-90ab-2d25beab4c19', 1, 7)
2026-05-23 16:00:25,120 - INFO - Joueur inseree [OK] : 87c1de8d-8365-51cf-bf54-3fbc660f55f7
2026-05-23 16:00:25,120 - INFO - Agent inseree [OK] : Chamber
2026-05-23 16:00:25,121 - INFO - Compose inseree [OK] : ('87c1de8d-8365-51cf-bf54-3fbc660f55f7', 2, 8)
2026-05-23 16:00:25,121 - INFO - Joueur inseree [OK] : db39dbed-c654-56b8-ad47-d43aec229f7c
2026-05-23 16:00:25,121 - INFO - Agent inseree [OK] : Jett
2026-05-23 16:00:25,121 - INFO - Compose inseree [OK] : ('db39dbed-c654-56b8-ad47-d43aec229f7c', 2, 9)
2026-05-23 16:00:25,121 - INFO - Joueur inseree [OK] : 8ae6755d-fba8-5e54-ac45-c4c86dd6fd69
2026-05-23 16:00:25,122 - INFO - Agent inseree [OK] : Omen
2026-05-23 16:00:25,122 - INFO - Compose inseree [OK] : ('8ae6755d-fba8-5e54-ac45-c4c86dd6fd69', 1, 10)
2026-05-23 16:00:25,123 - INFO - Round inseree [OK] : 1
2026-05-23 16:00:25,123 - INFO - Arme inseree [OK] : Ghost
2026-05-23 16:00:25,123 - INFO - Armure inseree [OK] : None
2026-05-23 16:00:25,124 - INFO - Arme deja existante [INFO] : Ghost
2026-05-23 16:00:25,125 - INFO - Armure deja existante [INFO] : None
2026-05-23 16:00:25,125 - INFO - Arme deja existante [INFO] : Ghost
2026-05-23 16:00:25,125 - INFO - Armure deja existante [INFO] : None
2026-05-23 16:00:25,126 - INFO - Arme deja existante [INFO] : Ghost
2026-05-23 16:00:25,126 - INFO - Armure deja existante [INFO] : None
2026-05-23 16:00:25,126 - INFO - Arme inseree [OK] : Classic
2026-05-23 16:00:25,127 - INFO - Armure deja existante [INFO] : None
2026-05-23 16:00:25,127 - INFO - Arme deja existante [INFO] : Ghost
2026-05-23 16:00:25,127 - INFO - Armure deja existante [INFO] : None
2026-05-23 16:00:25,128 - INFO - Arme inseree [OK] : Sheriff
2026-05-23 16:00:25,128 - INFO - Armure deja existante [INFO] : None
2026-05-23 16:00:25,128 - INFO - Arme deja existante [INFO] : Sheriff
2026-05-23 16:00:25,128 - INFO - Armure deja existante [INFO] : None
2026-05-23 16:00:25,129 - INFO - Arme deja existante [INFO] : Ghost
2026-05-23 16:00:25,129 - INFO - Armure deja existante [INFO] : None
2026-05-23 16:00:25,129 - INFO - Arme deja existante [INFO] : Classic
2026-05-23 16:00:25,129 - INFO - Armure deja existante [INFO] : None
2026-05-23 16:00:25,130 - INFO - Round inseree [OK] : 2
2026-05-23 16:00:25,130 - INFO - Arme inseree [OK] : Phantom
2026-05-23 16:00:25,130 - INFO - Armure inseree [OK] : Light Armor
2026-05-23 16:00:25,130 - INFO - Arme inseree [OK] : Shorty
2026-05-23 16:00:25,131 - INFO - Armure deja existante [INFO] : None
2026-05-23 16:00:25,131 - INFO - Arme deja existante [INFO] : Ghost
2026-05-23 16:00:25,131 - INFO - Armure deja existante [INFO] : None
2026-05-23 16:00:25,131 - INFO - Arme deja existante [INFO] : Classic
2026-05-23 16:00:25,131 - INFO - Armure deja existante [INFO] : None
2026-05-23 16:00:25,132 - INFO - Arme deja existante [INFO] : Classic
2026-05-23 16:00:25,132 - INFO - Armure deja existante [INFO] : None
2026-05-23 16:00:25,132 - INFO - Arme inseree [OK] : Outlaw
2026-05-23 16:00:25,132 - INFO - Armure inseree [OK] : Regen Shield
2026-05-23 16:00:25,133 - INFO - Arme deja existante [INFO] : Outlaw
2026-05-23 16:00:25,133 - INFO - Armure deja existante [INFO] : Light Armor
2026-05-23 16:00:25,133 - INFO - Arme deja existante [INFO] : Ghost
2026-05-23 16:00:25,133 - INFO - Armure deja existante [INFO] : Light Armor
2026-05-23 16:00:25,133 - INFO - Arme deja existante [INFO] : Classic
2026-05-23 16:00:25,133 - INFO - Armure deja existante [INFO] : None
2026-05-23 16:00:25,134 - INFO - Arme inseree [OK] : Vandal
2026-05-23 16:00:25,134 - INFO - Armure deja existante [INFO] : Light Armor
2026-05-23 16:00:25,134 - INFO - Round inseree [OK] : 3
2026-05-23 16:00:25,134 - INFO - Arme inseree [OK] : Bandit
2026-05-23 16:00:25,135 - INFO - Armure deja existante [INFO] : Light Armor
2026-05-23 16:00:25,135 - INFO - Arme deja existante [INFO] : Vandal
2026-05-23 16:00:25,135 - INFO - Armure inseree [OK] : Heavy Armor
2026-05-23 16:00:25,135 - INFO - Arme deja existante [INFO] : Outlaw
2026-05-23 16:00:25,136 - INFO - Armure deja existante [INFO] : Heavy Armor
2026-05-23 16:00:25,136 - INFO - Arme deja existante [INFO] : Phantom
2026-05-23 16:00:25,136 - INFO - Armure deja existante [INFO] : Heavy Armor
2026-05-23 16:00:25,137 - INFO - Arme deja existante [INFO] : Vandal
2026-05-23 16:00:25,137 - INFO - Armure deja existante [INFO] : Heavy Armor
2026-05-23 16:00:25,137 - INFO - Arme deja existante [INFO] : Classic
2026-05-23 16:00:25,138 - INFO - Armure deja existante [INFO] : None
2026-05-23 16:00:25,138 - INFO - Arme deja existante [INFO] : Classic
2026-05-23 16:00:25,138 - INFO - Armure deja existante [INFO] : None
2026-05-23 16:00:25,138 - INFO - Arme deja existante [INFO] : Vandal
2026-05-23 16:00:25,138 - INFO - Armure deja existante [INFO] : Heavy Armor
2026-05-23 16:00:25,139 - INFO - Arme deja existante [INFO] : Outlaw
2026-05-23 16:00:25,139 - INFO - Armure deja existante [INFO] : Heavy Armor
2026-05-23 16:00:25,139 - INFO - Arme deja existante [INFO] : Classic
2026-05-23 16:00:25,139 - INFO - Armure deja existante [INFO] : Light Armor
2026-05-23 16:00:25,140 - INFO - Round inseree [OK] : 4
2026-05-23 16:00:25,140 - INFO - Arme deja existante [INFO] : Phantom
2026-05-23 16:00:25,140 - INFO - Armure deja existante [INFO] : Heavy Armor
2026-05-23 16:00:25,140 - INFO - Arme deja existante [INFO] : Classic
2026-05-23 16:00:25,140 - INFO - Armure deja existante [INFO] : None
2026-05-23 16:00:25,141 - INFO - Arme inseree [OK] : Guardian
2026-05-23 16:00:25,141 - INFO - Armure deja existante [INFO] : Light Armor
2026-05-23 16:00:25,141 - INFO - Arme deja existante [INFO] : Sheriff
2026-05-23 16:00:25,141 - INFO - Armure deja existante [INFO] : None
2026-05-23 16:00:25,141 - INFO - Arme deja existante [INFO] : Ghost
2026-05-23 16:00:25,142 - INFO - Armure deja existante [INFO] : None
2026-05-23 16:00:25,142 - INFO - Arme deja existante [INFO] : Phantom
2026-05-23 16:00:25,142 - INFO - Armure deja existante [INFO] : Heavy Armor
2026-05-23 16:00:25,142 - INFO - Arme deja existante [INFO] : Outlaw
2026-05-23 16:00:25,142 - INFO - Armure deja existante [INFO] : Heavy Armor
2026-05-23 16:00:25,143 - INFO - Arme deja existante [INFO] : Vandal
2026-05-23 16:00:25,143 - INFO - Armure deja existante [INFO] : Heavy Armor
2026-05-23 16:00:25,143 - INFO - Arme deja existante [INFO] : Ghost
2026-05-23 16:00:25,143 - INFO - Armure deja existante [INFO] : Light Armor
2026-05-23 16:00:25,143 - INFO - Arme deja existante [INFO] : Vandal
2026-05-23 16:00:25,144 - INFO - Armure deja existante [INFO] : Heavy Armor
2026-05-23 16:00:25,144 - INFO - Round inseree [OK] : 5
2026-05-23 16:00:25,144 - INFO - Arme deja existante [INFO] : Bandit
2026-05-23 16:00:25,144 - INFO - Armure deja existante [INFO] : Light Armor
2026-05-23 16:00:25,145 - INFO - Arme deja existante [INFO] : Vandal
2026-05-23 16:00:25,145 - INFO - Armure deja existante [INFO] : Heavy Armor
2026-05-23 16:00:25,145 - INFO - Arme deja existante [INFO] : Phantom
2026-05-23 16:00:25,145 - INFO - Armure deja existante [INFO] : Heavy Armor
2026-05-23 16:00:25,146 - INFO - Arme deja existante [INFO] : Phantom
2026-05-23 16:00:25,146 - INFO - Armure deja existante [INFO] : Heavy Armor
2026-05-23 16:00:25,146 - INFO - Arme deja existante [INFO] : Vandal
2026-05-23 16:00:25,147 - INFO - Armure deja existante [INFO] : Heavy Armor
2026-05-23 16:00:25,147 - INFO - Arme deja existante [INFO] : Vandal
2026-05-23 16:00:25,147 - INFO - Armure deja existante [INFO] : Heavy Armor
2026-05-23 16:00:25,148 - INFO - Arme deja existante [INFO] : Vandal
2026-05-23 16:00:25,148 - INFO - Armure deja existante [INFO] : Heavy Armor
2026-05-23 16:00:25,148 - INFO - Arme deja existante [INFO] : Vandal
2026-05-23 16:00:25,149 - INFO - Armure deja existante [INFO] : Heavy Armor
2026-05-23 16:00:25,149 - INFO - Arme deja existante [INFO] : Vandal
2026-05-23 16:00:25,149 - INFO - Armure deja existante [INFO] : Light Armor
2026-05-23 16:00:25,150 - INFO - Arme deja existante [INFO] : Shorty
2026-05-23 16:00:25,150 - INFO - Armure deja existante [INFO] : Light Armor
2026-05-23 16:00:25,151 - INFO - Round inseree [OK] : 6
2026-05-23 16:00:25,151 - INFO - Arme deja existante [INFO] : Phantom
2026-05-23 16:00:25,151 - INFO - Armure deja existante [INFO] : Light Armor
2026-05-23 16:00:25,151 - INFO - Arme deja existante [INFO] : Vandal
2026-05-23 16:00:25,152 - INFO - Armure deja existante [INFO] : Heavy Armor
2026-05-23 16:00:25,152 - INFO - Arme deja existante [INFO] : Vandal
2026-05-23 16:00:25,152 - INFO - Armure deja existante [INFO] : Heavy Armor
2026-05-23 16:00:25,152 - INFO - Arme deja existante [INFO] : Phantom
2026-05-23 16:00:25,152 - INFO - Armure deja existante [INFO] : Heavy Armor
2026-05-23 16:00:25,153 - INFO - Arme deja existante [INFO] : Vandal
2026-05-23 16:00:25,153 - INFO - Armure deja existante [INFO] : Heavy Armor
2026-05-23 16:00:25,153 - INFO - Arme deja existante [INFO] : Vandal
2026-05-23 16:00:25,153 - INFO - Armure deja existante [INFO] : Regen Shield
2026-05-23 16:00:25,154 - INFO - Arme deja existante [INFO] : Vandal
2026-05-23 16:00:25,154 - INFO - Armure deja existante [INFO] : Heavy Armor
2026-05-23 16:00:25,154 - INFO - Arme deja existante [INFO] : Vandal
2026-05-23 16:00:25,154 - INFO - Armure deja existante [INFO] : Light Armor
2026-05-23 16:00:25,154 - INFO - Arme deja existante [INFO] : Vandal
2026-05-23 16:00:25,155 - INFO - Armure deja existante [INFO] : Heavy Armor
2026-05-23 16:00:25,155 - INFO - Arme deja existante [INFO] : Vandal
2026-05-23 16:00:25,155 - INFO - Armure deja existante [INFO] : Heavy Armor
2026-05-23 16:00:25,163 - INFO - Round inseree [OK] : 7
2026-05-23 16:00:25,164 - INFO - Arme deja existante [INFO] : Sheriff
2026-05-23 16:00:25,164 - INFO - Armure deja existante [INFO] : Heavy Armor
2026-05-23 16:00:25,165 - INFO - Arme deja existante [INFO] : Vandal
2026-05-23 16:00:25,165 - INFO - Armure deja existante [INFO] : Heavy Armor
2026-05-23 16:00:25,166 - INFO - Arme deja existante [INFO] : Vandal
2026-05-23 16:00:25,166 - INFO - Armure deja existante [INFO] : Heavy Armor
2026-05-23 16:00:25,167 - INFO - Arme deja existante [INFO] : Phantom
2026-05-23 16:00:25,167 - INFO - Armure deja existante [INFO] : Heavy Armor
2026-05-23 16:00:25,167 - INFO - Arme deja existante [INFO] : Vandal
2026-05-23 16:00:25,168 - INFO - Armure deja existante [INFO] : Heavy Armor
2026-05-23 16:00:25,168 - INFO - Arme deja existante [INFO] : Guardian
2026-05-23 16:00:25,168 - INFO - Armure deja existante [INFO] : Regen Shield
2026-05-23 16:00:25,169 - INFO - Arme deja existante [INFO] : Classic
2026-05-23 16:00:25,169 - INFO - Armure deja existante [INFO] : Heavy Armor
2026-05-23 16:00:25,169 - INFO - Arme deja existante [INFO] : Sheriff
2026-05-23 16:00:25,169 - INFO - Armure deja existante [INFO] : Light Armor
2026-05-23 16:00:25,170 - INFO - Arme deja existante [INFO] : Vandal
2026-05-23 16:00:25,170 - INFO - Armure deja existante [INFO] : Heavy Armor
2026-05-23 16:00:25,170 - INFO - Arme deja existante [INFO] : Shorty
2026-05-23 16:00:25,171 - INFO - Armure deja existante [INFO] : Light Armor
2026-05-23 16:00:25,171 - INFO - Round inseree [OK] : 8
2026-05-23 16:00:25,171 - INFO - Arme deja existante [INFO] : Vandal
2026-05-23 16:00:25,172 - INFO - Armure deja existante [INFO] : Light Armor
2026-05-23 16:00:25,172 - INFO - Arme deja existante [INFO] : Vandal
2026-05-23 16:00:25,173 - INFO - Armure deja existante [INFO] : Heavy Armor
2026-05-23 16:00:25,173 - INFO - Arme deja existante [INFO] : Vandal
2026-05-23 16:00:25,173 - INFO - Armure deja existante [INFO] : Heavy Armor
2026-05-23 16:00:25,174 - INFO - Arme deja existante [INFO] : Phantom
2026-05-23 16:00:25,174 - INFO - Armure deja existante [INFO] : Heavy Armor
2026-05-23 16:00:25,175 - INFO - Arme deja existante [INFO] : Vandal
2026-05-23 16:00:25,175 - INFO - Armure deja existante [INFO] : Heavy Armor
2026-05-23 16:00:25,175 - INFO - Arme deja existante [INFO] : Classic
2026-05-23 16:00:25,176 - INFO - Armure deja existante [INFO] : Heavy Armor
2026-05-23 16:00:25,176 - INFO - Arme deja existante [INFO] : Vandal
2026-05-23 16:00:25,176 - INFO - Armure deja existante [INFO] : Heavy Armor
2026-05-23 16:00:25,177 - INFO - Arme deja existante [INFO] : Vandal
2026-05-23 16:00:25,177 - INFO - Armure deja existante [INFO] : Heavy Armor
2026-05-23 16:00:25,178 - INFO - Arme deja existante [INFO] : Vandal
2026-05-23 16:00:25,178 - INFO - Armure deja existante [INFO] : Heavy Armor
2026-05-23 16:00:25,179 - INFO - Arme deja existante [INFO] : Vandal
2026-05-23 16:00:25,179 - INFO - Armure deja existante [INFO] : Heavy Armor
2026-05-23 16:00:25,180 - INFO - Round inseree [OK] : 9
2026-05-23 16:00:25,180 - INFO - Arme deja existante [INFO] : Vandal
2026-05-23 16:00:25,180 - INFO - Armure deja existante [INFO] : Light Armor
2026-05-23 16:00:25,181 - INFO - Arme deja existante [INFO] : Vandal
2026-05-23 16:00:25,181 - INFO - Armure deja existante [INFO] : Heavy Armor
2026-05-23 16:00:25,181 - INFO - Arme deja existante [INFO] : Vandal
2026-05-23 16:00:25,181 - INFO - Armure deja existante [INFO] : Heavy Armor
2026-05-23 16:00:25,182 - INFO - Arme deja existante [INFO] : Phantom
2026-05-23 16:00:25,182 - INFO - Armure deja existante [INFO] : Heavy Armor
2026-05-23 16:00:25,183 - INFO - Arme deja existante [INFO] : Vandal
2026-05-23 16:00:25,183 - INFO - Armure deja existante [INFO] : Heavy Armor
2026-05-23 16:00:25,183 - INFO - Arme deja existante [INFO] : Vandal
2026-05-23 16:00:25,183 - INFO - Armure deja existante [INFO] : Heavy Armor
2026-05-23 16:00:25,184 - INFO - Arme deja existante [INFO] : Vandal
2026-05-23 16:00:25,184 - INFO - Armure deja existante [INFO] : Heavy Armor
2026-05-23 16:00:25,185 - INFO - Arme deja existante [INFO] : Vandal
2026-05-23 16:00:25,185 - INFO - Armure deja existante [INFO] : Light Armor
2026-05-23 16:00:25,185 - INFO - Arme deja existante [INFO] : Vandal
2026-05-23 16:00:25,185 - INFO - Armure deja existante [INFO] : Heavy Armor
2026-05-23 16:00:25,186 - INFO - Arme deja existante [INFO] : Vandal
2026-05-23 16:00:25,186 - INFO - Armure deja existante [INFO] : Heavy Armor
2026-05-23 16:00:25,186 - INFO - Round inseree [OK] : 10
2026-05-23 16:00:25,187 - INFO - Arme deja existante [INFO] : Guardian
2026-05-23 16:00:25,187 - INFO - Armure deja existante [INFO] : Light Armor
2026-05-23 16:00:25,187 - INFO - Arme deja existante [INFO] : Phantom
2026-05-23 16:00:25,187 - INFO - Armure deja existante [INFO] : Heavy Armor
2026-05-23 16:00:25,188 - INFO - Arme deja existante [INFO] : Vandal
2026-05-23 16:00:25,188 - INFO - Armure deja existante [INFO] : Heavy Armor
2026-05-23 16:00:25,189 - INFO - Arme deja existante [INFO] : Phantom
2026-05-23 16:00:25,189 - INFO - Armure deja existante [INFO] : Heavy Armor
2026-05-23 16:00:25,189 - INFO - Arme deja existante [INFO] : Vandal
2026-05-23 16:00:25,190 - INFO - Armure deja existante [INFO] : Heavy Armor
2026-05-23 16:00:25,190 - INFO - Arme deja existante [INFO] : Vandal
2026-05-23 16:00:25,190 - INFO - Armure deja existante [INFO] : Heavy Armor
2026-05-23 16:00:25,191 - INFO - Arme deja existante [INFO] : Vandal
2026-05-23 16:00:25,191 - INFO - Armure deja existante [INFO] : Heavy Armor
2026-05-23 16:00:25,192 - INFO - Arme deja existante [INFO] : Vandal
2026-05-23 16:00:25,192 - INFO - Armure deja existante [INFO] : Heavy Armor
2026-05-23 16:00:25,192 - INFO - Arme deja existante [INFO] : Vandal
2026-05-23 16:00:25,193 - INFO - Armure deja existante [INFO] : Heavy Armor
2026-05-23 16:00:25,193 - INFO - Arme deja existante [INFO] : Classic
2026-05-23 16:00:25,193 - INFO - Armure deja existante [INFO] : Regen Shield
2026-05-23 16:00:25,194 - INFO - Round inseree [OK] : 11
2026-05-23 16:00:25,194 - INFO - Arme inseree [OK] : Ares
2026-05-23 16:00:25,194 - INFO - Armure deja existante [INFO] : Light Armor
2026-05-23 16:00:25,195 - INFO - Arme deja existante [INFO] : Phantom
2026-05-23 16:00:25,195 - INFO - Armure deja existante [INFO] : Heavy Armor
2026-05-23 16:00:25,195 - INFO - Arme deja existante [INFO] : Vandal
2026-05-23 16:00:25,196 - INFO - Armure deja existante [INFO] : Heavy Armor
2026-05-23 16:00:25,196 - INFO - Arme deja existante [INFO] : Phantom
2026-05-23 16:00:25,197 - INFO - Armure deja existante [INFO] : Heavy Armor
2026-05-23 16:00:25,197 - INFO - Arme deja existante [INFO] : Vandal
2026-05-23 16:00:25,198 - INFO - Armure deja existante [INFO] : Heavy Armor
2026-05-23 16:00:25,198 - INFO - Arme deja existante [INFO] : Vandal
2026-05-23 16:00:25,198 - INFO - Armure deja existante [INFO] : Heavy Armor
2026-05-23 16:00:25,199 - INFO - Arme deja existante [INFO] : Classic
2026-05-23 16:00:25,199 - INFO - Armure deja existante [INFO] : Light Armor
2026-05-23 16:00:25,200 - INFO - Arme deja existante [INFO] : Vandal
2026-05-23 16:00:25,200 - INFO - Armure deja existante [INFO] : Heavy Armor
2026-05-23 16:00:25,200 - INFO - Arme deja existante [INFO] : Vandal
2026-05-23 16:00:25,200 - INFO - Armure deja existante [INFO] : Heavy Armor
2026-05-23 16:00:25,201 - INFO - Arme deja existante [INFO] : Vandal
2026-05-23 16:00:25,201 - INFO - Armure deja existante [INFO] : Heavy Armor
2026-05-23 16:00:25,202 - INFO - Round inseree [OK] : 12
2026-05-23 16:00:25,202 - INFO - Arme deja existante [INFO] : Ares
2026-05-23 16:00:25,202 - INFO - Armure deja existante [INFO] : Heavy Armor
2026-05-23 16:00:25,203 - INFO - Arme deja existante [INFO] : Phantom
2026-05-23 16:00:25,203 - INFO - Armure deja existante [INFO] : Heavy Armor
2026-05-23 16:00:25,203 - INFO - Arme deja existante [INFO] : Vandal
2026-05-23 16:00:25,203 - INFO - Armure deja existante [INFO] : Heavy Armor
2026-05-23 16:00:25,204 - INFO - Arme inseree [OK] : Operator
2026-05-23 16:00:25,204 - INFO - Armure deja existante [INFO] : Heavy Armor
2026-05-23 16:00:25,205 - INFO - Arme deja existante [INFO] : Vandal
2026-05-23 16:00:25,205 - INFO - Armure deja existante [INFO] : Heavy Armor
2026-05-23 16:00:25,205 - INFO - Arme inseree [OK] : Odin
2026-05-23 16:00:25,205 - INFO - Armure deja existante [INFO] : Heavy Armor
2026-05-23 16:00:25,206 - INFO - Arme deja existante [INFO] : Vandal
2026-05-23 16:00:25,206 - INFO - Armure deja existante [INFO] : Heavy Armor
2026-05-23 16:00:25,206 - INFO - Arme deja existante [INFO] : Vandal
2026-05-23 16:00:25,206 - INFO - Armure deja existante [INFO] : Heavy Armor
2026-05-23 16:00:25,207 - INFO - Arme deja existante [INFO] : Vandal
2026-05-23 16:00:25,207 - INFO - Armure deja existante [INFO] : Heavy Armor
2026-05-23 16:00:25,207 - INFO - Arme deja existante [INFO] : Vandal
2026-05-23 16:00:25,207 - INFO - Armure deja existante [INFO] : Regen Shield
2026-05-23 16:00:25,208 - INFO - Round inseree [OK] : 13
2026-05-23 16:00:25,208 - INFO - Arme deja existante [INFO] : Ghost
2026-05-23 16:00:25,208 - INFO - Armure deja existante [INFO] : None
2026-05-23 16:00:25,208 - INFO - Arme deja existante [INFO] : Ghost
2026-05-23 16:00:25,209 - INFO - Armure deja existante [INFO] : None
2026-05-23 16:00:25,209 - INFO - Arme deja existante [INFO] : Ghost
2026-05-23 16:00:25,209 - INFO - Armure deja existante [INFO] : None
2026-05-23 16:00:25,210 - INFO - Arme deja existante [INFO] : Ghost
2026-05-23 16:00:25,210 - INFO - Armure deja existante [INFO] : None
2026-05-23 16:00:25,210 - INFO - Arme deja existante [INFO] : Bandit
2026-05-23 16:00:25,210 - INFO - Armure deja existante [INFO] : None
2026-05-23 16:00:25,211 - INFO - Arme deja existante [INFO] : Ghost
2026-05-23 16:00:25,211 - INFO - Armure deja existante [INFO] : None
2026-05-23 16:00:25,211 - INFO - Arme deja existante [INFO] : Sheriff
2026-05-23 16:00:25,211 - INFO - Armure deja existante [INFO] : None
2026-05-23 16:00:25,212 - INFO - Arme deja existante [INFO] : Sheriff
2026-05-23 16:00:25,212 - INFO - Armure deja existante [INFO] : None
2026-05-23 16:00:25,213 - INFO - Arme deja existante [INFO] : Ghost
2026-05-23 16:00:25,213 - INFO - Armure deja existante [INFO] : None
2026-05-23 16:00:25,213 - INFO - Arme deja existante [INFO] : Classic
2026-05-23 16:00:25,214 - INFO - Armure deja existante [INFO] : None
2026-05-23 16:00:25,214 - INFO - Round inseree [OK] : 14
2026-05-23 16:00:25,214 - INFO - Arme deja existante [INFO] : Bandit
2026-05-23 16:00:25,215 - INFO - Armure deja existante [INFO] : None
2026-05-23 16:00:25,215 - INFO - Arme inseree [OK] : Spectre
2026-05-23 16:00:25,215 - INFO - Armure deja existante [INFO] : Heavy Armor
2026-05-23 16:00:25,216 - INFO - Arme deja existante [INFO] : Guardian
2026-05-23 16:00:25,216 - INFO - Armure deja existante [INFO] : Light Armor
2026-05-23 16:00:25,216 - INFO - Arme inseree [OK] : Bulldog
2026-05-23 16:00:25,216 - INFO - Armure deja existante [INFO] : Heavy Armor
2026-05-23 16:00:25,217 - INFO - Arme deja existante [INFO] : Spectre
2026-05-23 16:00:25,217 - INFO - Armure deja existante [INFO] : Regen Shield
2026-05-23 16:00:25,218 - INFO - Arme deja existante [INFO] : Classic
2026-05-23 16:00:25,218 - INFO - Armure deja existante [INFO] : None
2026-05-23 16:00:25,218 - INFO - Arme deja existante [INFO] : Classic
2026-05-23 16:00:25,219 - INFO - Armure deja existante [INFO] : None
2026-05-23 16:00:25,219 - INFO - Arme deja existante [INFO] : Ghost
2026-05-23 16:00:25,219 - INFO - Armure deja existante [INFO] : None
2026-05-23 16:00:25,220 - INFO - Arme deja existante [INFO] : Guardian
2026-05-23 16:00:25,220 - INFO - Armure deja existante [INFO] : Regen Shield
2026-05-23 16:00:25,221 - INFO - Arme deja existante [INFO] : Shorty
2026-05-23 16:00:25,221 - INFO - Armure deja existante [INFO] : Light Armor
2026-05-23 16:00:25,221 - INFO - Round inseree [OK] : 15
2026-05-23 16:00:25,221 - INFO - Arme deja existante [INFO] : Vandal
2026-05-23 16:00:25,222 - INFO - Armure deja existante [INFO] : Light Armor
2026-05-23 16:00:25,222 - INFO - Arme deja existante [INFO] : Bandit
2026-05-23 16:00:25,222 - INFO - Armure deja existante [INFO] : Regen Shield
2026-05-23 16:00:25,223 - INFO - Arme deja existante [INFO] : Guardian
2026-05-23 16:00:25,223 - INFO - Armure deja existante [INFO] : Heavy Armor
2026-05-23 16:00:25,224 - INFO - Arme deja existante [INFO] : Bulldog
2026-05-23 16:00:25,224 - INFO - Armure deja existante [INFO] : Heavy Armor
2026-05-23 16:00:25,225 - INFO - Arme deja existante [INFO] : Spectre
2026-05-23 16:00:25,225 - INFO - Armure deja existante [INFO] : Heavy Armor
2026-05-23 16:00:25,225 - INFO - Arme deja existante [INFO] : Vandal
2026-05-23 16:00:25,225 - INFO - Armure deja existante [INFO] : Regen Shield
2026-05-23 16:00:25,226 - INFO - Arme deja existante [INFO] : Vandal
2026-05-23 16:00:25,226 - INFO - Armure deja existante [INFO] : Heavy Armor
2026-05-23 16:00:25,226 - INFO - Arme deja existante [INFO] : Vandal
2026-05-23 16:00:25,226 - INFO - Armure deja existante [INFO] : Light Armor
2026-05-23 16:00:25,227 - INFO - Arme deja existante [INFO] : Guardian
2026-05-23 16:00:25,227 - INFO - Armure deja existante [INFO] : Regen Shield
2026-05-23 16:00:25,228 - INFO - Arme deja existante [INFO] : Bulldog
2026-05-23 16:00:25,228 - INFO - Armure deja existante [INFO] : Light Armor
2026-05-23 16:00:25,228 - INFO - Round inseree [OK] : 16
2026-05-23 16:00:25,229 - INFO - Arme deja existante [INFO] : Sheriff
2026-05-23 16:00:25,229 - INFO - Armure deja existante [INFO] : None
2026-05-23 16:00:25,229 - INFO - Arme deja existante [INFO] : Phantom
2026-05-23 16:00:25,230 - INFO - Armure deja existante [INFO] : Heavy Armor
2026-05-23 16:00:25,230 - INFO - Arme deja existante [INFO] : Vandal
2026-05-23 16:00:25,230 - INFO - Armure deja existante [INFO] : Heavy Armor
2026-05-23 16:00:25,231 - INFO - Arme deja existante [INFO] : Phantom
2026-05-23 16:00:25,231 - INFO - Armure deja existante [INFO] : Heavy Armor
2026-05-23 16:00:25,232 - INFO - Arme deja existante [INFO] : Vandal
2026-05-23 16:00:25,232 - INFO - Armure deja existante [INFO] : Heavy Armor
2026-05-23 16:00:25,232 - INFO - Arme deja existante [INFO] : Sheriff
2026-05-23 16:00:25,233 - INFO - Armure deja existante [INFO] : None
2026-05-23 16:00:25,233 - INFO - Arme deja existante [INFO] : Vandal
2026-05-23 16:00:25,233 - INFO - Armure deja existante [INFO] : Heavy Armor
2026-05-23 16:00:25,234 - INFO - Arme deja existante [INFO] : Vandal
2026-05-23 16:00:25,234 - INFO - Armure deja existante [INFO] : Heavy Armor
2026-05-23 16:00:25,235 - INFO - Arme deja existante [INFO] : Vandal
2026-05-23 16:00:25,235 - INFO - Armure deja existante [INFO] : Heavy Armor
2026-05-23 16:00:25,235 - INFO - Arme deja existante [INFO] : Vandal
2026-05-23 16:00:25,235 - INFO - Armure deja existante [INFO] : Regen Shield
2026-05-23 16:00:25,236 - INFO - Round inseree [OK] : 17
2026-05-23 16:00:25,236 - INFO - Arme deja existante [INFO] : Vandal
2026-05-23 16:00:25,236 - INFO - Armure deja existante [INFO] : Light Armor
2026-05-23 16:00:25,237 - INFO - Arme deja existante [INFO] : Phantom
2026-05-23 16:00:25,237 - INFO - Armure deja existante [INFO] : Heavy Armor
2026-05-23 16:00:25,237 - INFO - Arme deja existante [INFO] : Vandal
2026-05-23 16:00:25,238 - INFO - Armure deja existante [INFO] : Heavy Armor
2026-05-23 16:00:25,238 - INFO - Arme deja existante [INFO] : Phantom
2026-05-23 16:00:25,238 - INFO - Armure deja existante [INFO] : Heavy Armor
2026-05-23 16:00:25,239 - INFO - Arme deja existante [INFO] : Vandal
2026-05-23 16:00:25,239 - INFO - Armure deja existante [INFO] : Heavy Armor
2026-05-23 16:00:25,240 - INFO - Arme deja existante [INFO] : Phantom
2026-05-23 16:00:25,240 - INFO - Armure deja existante [INFO] : Heavy Armor
2026-05-23 16:00:25,240 - INFO - Arme deja existante [INFO] : Phantom
2026-05-23 16:00:25,240 - INFO - Armure deja existante [INFO] : Heavy Armor
2026-05-23 16:00:25,241 - INFO - Arme deja existante [INFO] : Vandal
2026-05-23 16:00:25,241 - INFO - Armure deja existante [INFO] : None
2026-05-23 16:00:25,241 - INFO - Arme deja existante [INFO] : Vandal
2026-05-23 16:00:25,241 - INFO - Armure deja existante [INFO] : Heavy Armor
2026-05-23 16:00:25,241 - INFO - Arme deja existante [INFO] : Shorty
2026-05-23 16:00:25,242 - INFO - Armure deja existante [INFO] : Light Armor
2026-05-23 16:00:25,242 - INFO - Round inseree [OK] : 18
2026-05-23 16:00:25,242 - INFO - Arme deja existante [INFO] : Sheriff
2026-05-23 16:00:25,242 - INFO - Armure deja existante [INFO] : Heavy Armor
2026-05-23 16:00:25,243 - INFO - Arme deja existante [INFO] : Phantom
2026-05-23 16:00:25,243 - INFO - Armure deja existante [INFO] : Heavy Armor
2026-05-23 16:00:25,243 - INFO - Arme deja existante [INFO] : Vandal
2026-05-23 16:00:25,243 - INFO - Armure deja existante [INFO] : Heavy Armor
2026-05-23 16:00:25,244 - INFO - Arme deja existante [INFO] : Phantom
2026-05-23 16:00:25,244 - INFO - Armure deja existante [INFO] : Heavy Armor
2026-05-23 16:00:25,244 - INFO - Arme deja existante [INFO] : Vandal
2026-05-23 16:00:25,245 - INFO - Armure deja existante [INFO] : Heavy Armor
2026-05-23 16:00:25,245 - INFO - Arme deja existante [INFO] : Sheriff
2026-05-23 16:00:25,245 - INFO - Armure deja existante [INFO] : Light Armor
2026-05-23 16:00:25,245 - INFO - Arme inseree [OK] : Bucky
2026-05-23 16:00:25,246 - INFO - Armure deja existante [INFO] : None
2026-05-23 16:00:25,246 - INFO - Arme deja existante [INFO] : Vandal
2026-05-23 16:00:25,246 - INFO - Armure deja existante [INFO] : Light Armor
2026-05-23 16:00:25,246 - INFO - Arme deja existante [INFO] : Vandal
2026-05-23 16:00:25,247 - INFO - Armure deja existante [INFO] : Heavy Armor
2026-05-23 16:00:25,247 - INFO - Arme deja existante [INFO] : Bulldog
2026-05-23 16:00:25,247 - INFO - Armure deja existante [INFO] : Light Armor
2026-05-23 16:00:25,248 - INFO - Round inseree [OK] : 19
2026-05-23 16:00:25,248 - INFO - Arme deja existante [INFO] : Vandal
2026-05-23 16:00:25,248 - INFO - Armure deja existante [INFO] : Light Armor
2026-05-23 16:00:25,249 - INFO - Arme deja existante [INFO] : Phantom
2026-05-23 16:00:25,249 - INFO - Armure deja existante [INFO] : Heavy Armor
2026-05-23 16:00:25,249 - INFO - Arme deja existante [INFO] : Vandal
2026-05-23 16:00:25,250 - INFO - Armure deja existante [INFO] : Heavy Armor
2026-05-23 16:00:25,250 - INFO - Arme deja existante [INFO] : Phantom
2026-05-23 16:00:25,250 - INFO - Armure deja existante [INFO] : Heavy Armor
2026-05-23 16:00:25,250 - INFO - Arme deja existante [INFO] : Vandal
2026-05-23 16:00:25,251 - INFO - Armure deja existante [INFO] : Heavy Armor
2026-05-23 16:00:25,251 - INFO - Arme deja existante [INFO] : Vandal
2026-05-23 16:00:25,251 - INFO - Armure deja existante [INFO] : Heavy Armor
2026-05-23 16:00:25,251 - INFO - Arme deja existante [INFO] : Vandal
2026-05-23 16:00:25,252 - INFO - Armure deja existante [INFO] : Heavy Armor
2026-05-23 16:00:25,252 - INFO - Arme deja existante [INFO] : Classic
2026-05-23 16:00:25,252 - INFO - Armure deja existante [INFO] : Heavy Armor
2026-05-23 16:00:25,252 - INFO - Arme deja existante [INFO] : Vandal
2026-05-23 16:00:25,252 - INFO - Armure deja existante [INFO] : Heavy Armor
2026-05-23 16:00:25,253 - INFO - Arme deja existante [INFO] : Vandal
2026-05-23 16:00:25,253 - INFO - Armure deja existante [INFO] : Light Armor
2026-05-23 16:00:25,254 - INFO - Round inseree [OK] : 20
2026-05-23 16:00:25,254 - INFO - Arme deja existante [INFO] : Phantom
2026-05-23 16:00:25,254 - INFO - Armure deja existante [INFO] : Light Armor
2026-05-23 16:00:25,255 - INFO - Arme deja existante [INFO] : Vandal
2026-05-23 16:00:25,255 - INFO - Armure deja existante [INFO] : Heavy Armor
2026-05-23 16:00:25,255 - INFO - Arme deja existante [INFO] : Vandal
2026-05-23 16:00:25,256 - INFO - Armure deja existante [INFO] : Heavy Armor
2026-05-23 16:00:25,256 - INFO - Arme deja existante [INFO] : Phantom
2026-05-23 16:00:25,256 - INFO - Armure deja existante [INFO] : Heavy Armor
2026-05-23 16:00:25,256 - INFO - Arme deja existante [INFO] : Vandal
2026-05-23 16:00:25,256 - INFO - Armure deja existante [INFO] : Regen Shield
2026-05-23 16:00:25,256 - INFO - Arme deja existante [INFO] : Guardian
2026-05-23 16:00:25,256 - INFO - Armure deja existante [INFO] : Regen Shield
2026-05-23 16:00:25,256 - INFO - Arme deja existante [INFO] : Vandal
2026-05-23 16:00:25,256 - INFO - Armure deja existante [INFO] : Heavy Armor
2026-05-23 16:00:25,257 - INFO - Arme deja existante [INFO] : Vandal
2026-05-23 16:00:25,257 - INFO - Armure deja existante [INFO] : Heavy Armor
2026-05-23 16:00:25,257 - INFO - Arme deja existante [INFO] : Vandal
2026-05-23 16:00:25,257 - INFO - Armure deja existante [INFO] : Heavy Armor
2026-05-23 16:00:25,257 - INFO - Arme deja existante [INFO] : Bulldog
2026-05-23 16:00:25,257 - INFO - Armure deja existante [INFO] : None
2026-05-23 16:00:25,257 - INFO - Round inseree [OK] : 21
2026-05-23 16:00:25,257 - INFO - Arme deja existante [INFO] : Vandal
2026-05-23 16:00:25,257 - INFO - Armure deja existante [INFO] : Light Armor
2026-05-23 16:00:25,257 - INFO - Arme deja existante [INFO] : Vandal
2026-05-23 16:00:25,257 - INFO - Armure deja existante [INFO] : Light Armor
2026-05-23 16:00:25,258 - INFO - Arme deja existante [INFO] : Guardian
2026-05-23 16:00:25,258 - INFO - Armure deja existante [INFO] : Light Armor
2026-05-23 16:00:25,258 - INFO - Arme deja existante [INFO] : Guardian
2026-05-23 16:00:25,258 - INFO - Armure deja existante [INFO] : Heavy Armor
2026-05-23 16:00:25,258 - INFO - Arme deja existante [INFO] : Spectre
2026-05-23 16:00:25,258 - INFO - Armure deja existante [INFO] : Regen Shield
2026-05-23 16:00:25,258 - INFO - Arme deja existante [INFO] : Guardian
2026-05-23 16:00:25,258 - INFO - Armure deja existante [INFO] : Regen Shield
2026-05-23 16:00:25,258 - INFO - Arme deja existante [INFO] : Operator
2026-05-23 16:00:25,258 - INFO - Armure deja existante [INFO] : Heavy Armor
2026-05-23 16:00:25,258 - INFO - Arme deja existante [INFO] : Vandal
2026-05-23 16:00:25,258 - INFO - Armure deja existante [INFO] : Heavy Armor
2026-05-23 16:00:25,258 - INFO - Arme deja existante [INFO] : Guardian
2026-05-23 16:00:25,258 - INFO - Armure deja existante [INFO] : Heavy Armor
2026-05-23 16:00:25,259 - INFO - Arme deja existante [INFO] : Vandal
2026-05-23 16:00:25,259 - INFO - Armure deja existante [INFO] : Heavy Armor
2026-05-23 16:00:25,259 - INFO - Round inseree [OK] : 22
2026-05-23 16:00:25,259 - INFO - Arme deja existante [INFO] : Vandal
2026-05-23 16:00:25,259 - INFO - Armure deja existante [INFO] : Heavy Armor
2026-05-23 16:00:25,259 - INFO - Arme deja existante [INFO] : Vandal
2026-05-23 16:00:25,259 - INFO - Armure deja existante [INFO] : Heavy Armor
2026-05-23 16:00:25,259 - INFO - Arme deja existante [INFO] : Vandal
2026-05-23 16:00:25,259 - INFO - Armure deja existante [INFO] : Heavy Armor
2026-05-23 16:00:25,259 - INFO - Arme deja existante [INFO] : Phantom
2026-05-23 16:00:25,259 - INFO - Armure deja existante [INFO] : Heavy Armor
2026-05-23 16:00:25,259 - INFO - Arme deja existante [INFO] : Vandal
2026-05-23 16:00:25,259 - INFO - Armure deja existante [INFO] : Regen Shield
2026-05-23 16:00:25,259 - INFO - Arme deja existante [INFO] : Vandal
2026-05-23 16:00:25,259 - INFO - Armure deja existante [INFO] : Heavy Armor
2026-05-23 16:00:25,260 - INFO - Arme deja existante [INFO] : Operator
2026-05-23 16:00:25,260 - INFO - Armure deja existante [INFO] : Heavy Armor
2026-05-23 16:00:25,260 - INFO - Arme deja existante [INFO] : Vandal
2026-05-23 16:00:25,260 - INFO - Armure deja existante [INFO] : Heavy Armor
2026-05-23 16:00:25,260 - INFO - Arme deja existante [INFO] : Vandal
2026-05-23 16:00:25,260 - INFO - Armure deja existante [INFO] : Heavy Armor
2026-05-23 16:00:25,260 - INFO - Arme deja existante [INFO] : Vandal
2026-05-23 16:00:25,260 - INFO - Armure deja existante [INFO] : Heavy Armor
2026-05-23 16:00:25,260 - INFO - Round inseree [OK] : 23
2026-05-23 16:00:25,260 - INFO - Arme deja existante [INFO] : Vandal
2026-05-23 16:00:25,260 - INFO - Armure deja existante [INFO] : Heavy Armor
2026-05-23 16:00:25,260 - INFO - Arme deja existante [INFO] : Spectre
2026-05-23 16:00:25,260 - INFO - Armure deja existante [INFO] : Light Armor
2026-05-23 16:00:25,261 - INFO - Arme deja existante [INFO] : Guardian
2026-05-23 16:00:25,261 - INFO - Armure deja existante [INFO] : Light Armor
2026-05-23 16:00:25,261 - INFO - Arme deja existante [INFO] : Spectre
2026-05-23 16:00:25,261 - INFO - Armure deja existante [INFO] : Light Armor
2026-05-23 16:00:25,261 - INFO - Arme inseree [OK] : Stinger
2026-05-23 16:00:25,261 - INFO - Armure deja existante [INFO] : Regen Shield
2026-05-23 16:00:25,261 - INFO - Arme deja existante [INFO] : Vandal
2026-05-23 16:00:25,261 - INFO - Armure deja existante [INFO] : Heavy Armor
2026-05-23 16:00:25,261 - INFO - Arme deja existante [INFO] : Vandal
2026-05-23 16:00:25,261 - INFO - Armure deja existante [INFO] : Heavy Armor
2026-05-23 16:00:25,261 - INFO - Arme deja existante [INFO] : Vandal
2026-05-23 16:00:25,261 - INFO - Armure deja existante [INFO] : Heavy Armor
2026-05-23 16:00:25,261 - INFO - Arme deja existante [INFO] : Outlaw
2026-05-23 16:00:25,261 - INFO - Armure deja existante [INFO] : None
2026-05-23 16:00:25,262 - INFO - Arme deja existante [INFO] : Vandal
2026-05-23 16:00:25,262 - INFO - Armure deja existante [INFO] : Heavy Armor
2026-05-23 16:00:25,262 - INFO - Round inseree [OK] : 24
2026-05-23 16:00:25,262 - INFO - Arme deja existante [INFO] : Vandal
2026-05-23 16:00:25,262 - INFO - Armure deja existante [INFO] : Heavy Armor
2026-05-23 16:00:25,262 - INFO - Arme deja existante [INFO] : Phantom
2026-05-23 16:00:25,262 - INFO - Armure deja existante [INFO] : Regen Shield
2026-05-23 16:00:25,262 - INFO - Arme deja existante [INFO] : Vandal
2026-05-23 16:00:25,262 - INFO - Armure deja existante [INFO] : Heavy Armor
2026-05-23 16:00:25,262 - INFO - Arme deja existante [INFO] : Phantom
2026-05-23 16:00:25,262 - INFO - Armure deja existante [INFO] : Heavy Armor
2026-05-23 16:00:25,262 - INFO - Arme deja existante [INFO] : Vandal
2026-05-23 16:00:25,262 - INFO - Armure deja existante [INFO] : Heavy Armor
2026-05-23 16:00:25,262 - INFO - Arme deja existante [INFO] : Odin
2026-05-23 16:00:25,262 - INFO - Armure deja existante [INFO] : Heavy Armor
2026-05-23 16:00:25,263 - INFO - Arme deja existante [INFO] : Vandal
2026-05-23 16:00:25,263 - INFO - Armure deja existante [INFO] : Heavy Armor
2026-05-23 16:00:25,263 - INFO - Arme deja existante [INFO] : Vandal
2026-05-23 16:00:25,263 - INFO - Armure deja existante [INFO] : Heavy Armor
2026-05-23 16:00:25,263 - INFO - Arme deja existante [INFO] : Vandal
2026-05-23 16:00:25,263 - INFO - Armure deja existante [INFO] : Heavy Armor
2026-05-23 16:00:25,263 - INFO - Arme deja existante [INFO] : Vandal
2026-05-23 16:00:25,263 - INFO - Armure deja existante [INFO] : Heavy Armor
2026-05-23 16:00:25,263 - INFO - Round inseree [OK] : 25
2026-05-23 16:00:25,263 - INFO - Arme deja existante [INFO] : Vandal
2026-05-23 16:00:25,263 - INFO - Armure deja existante [INFO] : Heavy Armor
2026-05-23 16:00:25,263 - INFO - Arme deja existante [INFO] : Phantom
2026-05-23 16:00:25,263 - INFO - Armure deja existante [INFO] : Heavy Armor
2026-05-23 16:00:25,263 - INFO - Arme deja existante [INFO] : Vandal
2026-05-23 16:00:25,264 - INFO - Armure deja existante [INFO] : Heavy Armor
2026-05-23 16:00:25,264 - INFO - Arme deja existante [INFO] : Phantom
2026-05-23 16:00:25,264 - INFO - Armure deja existante [INFO] : Heavy Armor
2026-05-23 16:00:25,264 - INFO - Arme deja existante [INFO] : Vandal
2026-05-23 16:00:25,264 - INFO - Armure deja existante [INFO] : Heavy Armor
2026-05-23 16:00:25,264 - INFO - Arme deja existante [INFO] : Vandal
2026-05-23 16:00:25,264 - INFO - Armure deja existante [INFO] : Heavy Armor
2026-05-23 16:00:25,264 - INFO - Arme deja existante [INFO] : Vandal
2026-05-23 16:00:25,264 - INFO - Armure deja existante [INFO] : Heavy Armor
2026-05-23 16:00:25,264 - INFO - Arme deja existante [INFO] : Vandal
2026-05-23 16:00:25,264 - INFO - Armure deja existante [INFO] : Heavy Armor
2026-05-23 16:00:25,264 - INFO - Arme deja existante [INFO] : Vandal
2026-05-23 16:00:25,264 - INFO - Armure deja existante [INFO] : Heavy Armor
2026-05-23 16:00:25,264 - INFO - Arme deja existante [INFO] : Vandal
2026-05-23 16:00:25,264 - INFO - Armure deja existante [INFO] : Heavy Armor
2026-05-23 16:00:25,265 - INFO - Round inseree [OK] : 26
2026-05-23 16:00:25,265 - INFO - Arme deja existante [INFO] : Vandal
2026-05-23 16:00:25,265 - INFO - Armure deja existante [INFO] : Heavy Armor
2026-05-23 16:00:25,265 - INFO - Arme deja existante [INFO] : Phantom
2026-05-23 16:00:25,265 - INFO - Armure deja existante [INFO] : Heavy Armor
2026-05-23 16:00:25,265 - INFO - Arme deja existante [INFO] : Vandal
2026-05-23 16:00:25,265 - INFO - Armure deja existante [INFO] : Heavy Armor
2026-05-23 16:00:25,265 - INFO - Arme deja existante [INFO] : Phantom
2026-05-23 16:00:25,265 - INFO - Armure deja existante [INFO] : Heavy Armor
2026-05-23 16:00:25,265 - INFO - Arme deja existante [INFO] : Phantom
2026-05-23 16:00:25,265 - INFO - Armure deja existante [INFO] : Heavy Armor
2026-05-23 16:00:25,265 - INFO - Arme deja existante [INFO] : Odin
2026-05-23 16:00:25,265 - INFO - Armure deja existante [INFO] : Heavy Armor
2026-05-23 16:00:25,265 - INFO - Arme deja existante [INFO] : Vandal
2026-05-23 16:00:25,265 - INFO - Armure deja existante [INFO] : Heavy Armor
2026-05-23 16:00:25,266 - INFO - Arme deja existante [INFO] : Vandal
2026-05-23 16:00:25,266 - INFO - Armure deja existante [INFO] : Heavy Armor
2026-05-23 16:00:25,266 - INFO - Arme deja existante [INFO] : Phantom
2026-05-23 16:00:25,266 - INFO - Armure deja existante [INFO] : Heavy Armor
2026-05-23 16:00:25,266 - INFO - Arme deja existante [INFO] : Vandal
2026-05-23 16:00:25,266 - INFO - Armure deja existante [INFO] : Heavy Armor
2026-05-23 16:00:25,266 - INFO - Carte deja existante [WARN] : Lotus
2026-05-23 16:00:25,266 - INFO - Match inseree [OK] : 1656dcee-e7c1-4d53-856f-8c5ae1a6359c
2026-05-23 16:00:25,266 - INFO - Joueur inseree [OK] : 48a82f6c-52cc-5803-b662-2fb6c7d936c0
2026-05-23 16:00:25,267 - INFO - Agent inseree [OK] : Neon
2026-05-23 16:00:25,267 - INFO - Compose inseree [OK] : ('48a82f6c-52cc-5803-b662-2fb6c7d936c0', 3, 11)
2026-05-23 16:00:25,267 - INFO - Joueur inseree [OK] : da3944a8-dcd5-599e-a1e7-5c9de9fb9bc0
2026-05-23 16:00:25,267 - INFO - Agent deja existant [WARN] : Reyna
2026-05-23 16:00:25,267 - INFO - Compose inseree [OK] : ('da3944a8-dcd5-599e-a1e7-5c9de9fb9bc0', 3, 2)
2026-05-23 16:00:25,267 - INFO - Joueur inseree [OK] : 76529659-6cd4-59b9-bd3e-a89af24f570c
2026-05-23 16:00:25,267 - INFO - Agent inseree [OK] : Raze
2026-05-23 16:00:25,267 - INFO - Compose inseree [OK] : ('76529659-6cd4-59b9-bd3e-a89af24f570c', 3, 13)
2026-05-23 16:00:25,267 - INFO - Joueur inseree [OK] : 35645155-288c-58e8-bfc2-b27067a9a560
2026-05-23 16:00:25,267 - INFO - Agent deja existant [WARN] : Omen
2026-05-23 16:00:25,267 - INFO - Compose inseree [OK] : ('35645155-288c-58e8-bfc2-b27067a9a560', 4, 10)
2026-05-23 16:00:25,275 - INFO - Joueur inseree [OK] : 022b53cb-e8a9-57d6-a4ae-3b0361a25bef
2026-05-23 16:00:25,275 - INFO - Agent deja existant [WARN] : Chamber
2026-05-23 16:00:25,276 - INFO - Compose inseree [OK] : ('022b53cb-e8a9-57d6-a4ae-3b0361a25bef', 4, 8)
2026-05-23 16:00:25,276 - INFO - Joueur inseree [OK] : 08993ff7-ffe1-58b9-b42c-b4e68b6ebd4e
2026-05-23 16:00:25,276 - INFO - Agent deja existant [WARN] : Killjoy
2026-05-23 16:00:25,277 - INFO - Compose inseree [OK] : ('08993ff7-ffe1-58b9-b42c-b4e68b6ebd4e', 4, 1)
2026-05-23 16:00:25,277 - INFO - Joueur inseree [OK] : 0c750fcd-aea3-55b1-844b-50e0a757c5bf
2026-05-23 16:00:25,277 - INFO - Agent deja existant [WARN] : Jett
2026-05-23 16:00:25,278 - INFO - Compose inseree [OK] : ('0c750fcd-aea3-55b1-844b-50e0a757c5bf', 3, 9)
2026-05-23 16:00:25,278 - INFO - Joueur inseree [OK] : 8c43069f-5c94-5068-acb7-7ee2997bad44
2026-05-23 16:00:25,279 - INFO - Agent deja existant [WARN] : Omen
2026-05-23 16:00:25,279 - INFO - Compose inseree [OK] : ('8c43069f-5c94-5068-acb7-7ee2997bad44', 3, 10)
2026-05-23 16:00:25,279 - INFO - Joueur inseree [OK] : 92171384-193c-5520-8a59-e1aed70986ce
2026-05-23 16:00:25,280 - INFO - Agent inseree [OK] : Yoru
2026-05-23 16:00:25,280 - INFO - Compose inseree [OK] : ('92171384-193c-5520-8a59-e1aed70986ce', 4, 19)
2026-05-23 16:00:25,280 - INFO - Joueur inseree [OK] : 12fb0f7a-d96a-5bce-90ab-2d25beab4c19
2026-05-23 16:00:25,281 - INFO - Agent deja existant [WARN] : Brimstone
2026-05-23 16:00:25,281 - INFO - Compose inseree [OK] : ('12fb0f7a-d96a-5bce-90ab-2d25beab4c19', 4, 5)
2026-05-23 16:00:25,282 - INFO - Round inseree [OK] : 27
2026-05-23 16:00:25,282 - INFO - Arme deja existante [INFO] : Ghost
2026-05-23 16:00:25,282 - INFO - Armure deja existante [INFO] : None
2026-05-23 16:00:25,283 - INFO - Arme deja existante [INFO] : Ghost
2026-05-23 16:00:25,283 - INFO - Armure deja existante [INFO] : None
2026-05-23 16:00:25,284 - INFO - Arme deja existante [INFO] : Sheriff
2026-05-23 16:00:25,284 - INFO - Armure deja existante [INFO] : None
2026-05-23 16:00:25,284 - INFO - Arme deja existante [INFO] : Classic
2026-05-23 16:00:25,285 - INFO - Armure deja existante [INFO] : None
2026-05-23 16:00:25,285 - INFO - Arme deja existante [INFO] : Sheriff
2026-05-23 16:00:25,285 - INFO - Armure deja existante [INFO] : None
2026-05-23 16:00:25,286 - INFO - Arme deja existante [INFO] : Ghost
2026-05-23 16:00:25,286 - INFO - Armure deja existante [INFO] : None
2026-05-23 16:00:25,286 - INFO - Arme deja existante [INFO] : Classic
2026-05-23 16:00:25,286 - INFO - Armure deja existante [INFO] : Light Armor
2026-05-23 16:00:25,287 - INFO - Arme deja existante [INFO] : Ghost
2026-05-23 16:00:25,287 - INFO - Armure deja existante [INFO] : None
2026-05-23 16:00:25,287 - INFO - Arme deja existante [INFO] : Ghost
2026-05-23 16:00:25,288 - INFO - Armure deja existante [INFO] : None
2026-05-23 16:00:25,288 - INFO - Arme deja existante [INFO] : Classic
2026-05-23 16:00:25,288 - INFO - Armure deja existante [INFO] : None
2026-05-23 16:00:25,289 - INFO - Round inseree [OK] : 28
2026-05-23 16:00:25,289 - INFO - Arme deja existante [INFO] : Ghost
2026-05-23 16:00:25,290 - INFO - Armure deja existante [INFO] : Light Armor
2026-05-23 16:00:25,290 - INFO - Arme deja existante [INFO] : Spectre
2026-05-23 16:00:25,290 - INFO - Armure deja existante [INFO] : Heavy Armor
2026-05-23 16:00:25,291 - INFO - Arme deja existante [INFO] : Classic
2026-05-23 16:00:25,291 - INFO - Armure deja existante [INFO] : None
2026-05-23 16:00:25,291 - INFO - Arme deja existante [INFO] : Guardian
2026-05-23 16:00:25,292 - INFO - Armure deja existante [INFO] : Heavy Armor
2026-05-23 16:00:25,292 - INFO - Arme deja existante [INFO] : Sheriff
2026-05-23 16:00:25,292 - INFO - Armure deja existante [INFO] : Heavy Armor
2026-05-23 16:00:25,293 - INFO - Arme deja existante [INFO] : Spectre
2026-05-23 16:00:25,293 - INFO - Armure deja existante [INFO] : Heavy Armor
2026-05-23 16:00:25,293 - INFO - Arme inseree [OK] : Judge
2026-05-23 16:00:25,294 - INFO - Armure deja existante [INFO] : Heavy Armor
2026-05-23 16:00:25,294 - INFO - Arme deja existante [INFO] : Classic
2026-05-23 16:00:25,294 - INFO - Armure deja existante [INFO] : None
2026-05-23 16:00:25,296 - ERROR - Erreur : null value in column "weapon_id" of relation "arme" violates not-null constraint
DETAIL:  Failing row contains (null, null, null).
, trace : Traceback (most recent call last):
  File "/home/dylanm/Insync/nalyd.irsnm@gmail.com/Google Drive/DrivePC/Loisirs/val-analytics-pipeline/src/insert_db.py", line 348, in insert_data
    insert_joue(cursor, party_info, teams_id)
    ~~~~~~~~~~~^^^^^^^^^^^^^^^^^^^^^^^^^^^^^^
  File "/home/dylanm/Insync/nalyd.irsnm@gmail.com/Google Drive/DrivePC/Loisirs/val-analytics-pipeline/src/insert_db.py", line 320, in insert_joue
    weapon_id = insert_arme(cursor, player_stat)
  File "/home/dylanm/Insync/nalyd.irsnm@gmail.com/Google Drive/DrivePC/Loisirs/val-analytics-pipeline/src/insert_db.py", line 252, in insert_arme
    cursor.execute("""
    ~~~~~~~~~~~~~~^^^^
        INSERT INTO Arme (weapon_id, weapon_name, asset_weapon)
        ^^^^^^^^^^^^^^^^^^^^^^^^^^^^^^^^^^^^^^^^^^^^^^^^^^^^^^^
            VALUES (%s, %s, %s)
            ^^^^^^^^^^^^^^^^^^^
            ON CONFLICT (weapon_id) DO NOTHING
            ^^^^^^^^^^^^^^^^^^^^^^^^^^^^^^^^^^
                   """, (weapon_id, weapon_name, asset_weapon))
                   ^^^^^^^^^^^^^^^^^^^^^^^^^^^^^^^^^^^^^^^^^^^^
psycopg2.errors.NotNullViolation: null value in column "weapon_id" of relation "arme" violates not-null constraint
DETAIL:  Failing row contains (null, null, null).


2026-05-23 16:08:33,537 - INFO - ====================================================================================================
2026-05-23 16:08:33,537 - INFO -    NOUVELLE CONNEXION VERS HENRIK API
2026-05-23 16:08:33,537 - INFO - ====================================================================================================
2026-05-23 16:08:33,539 - DEBUG - Starting new HTTPS connection (1): api.henrikdev.xyz:443
2026-05-23 16:08:33,650 - DEBUG - https://api.henrikdev.xyz:443 "GET /valorant/v1/account/little%20elephant/270 HTTP/1.1" 200 None
2026-05-23 16:08:33,651 - INFO - Connexion etablit [OK]
2026-05-23 16:08:33,654 - DEBUG - Starting new HTTPS connection (1): api.henrikdev.xyz:443
2026-05-23 16:08:33,899 - DEBUG - https://api.henrikdev.xyz:443 "GET /valorant/v3/by-puuid/matches/eu/08993ff7-ffe1-58b9-b42c-b4e68b6ebd4e HTTP/1.1" 200 None
2026-05-23 16:08:34,148 - INFO - Carte inseree [OK] : Lotus
2026-05-23 16:08:34,150 - INFO - Match inseree [OK] : 072f6866-df10-4093-90cb-72372e3ea976
2026-05-23 16:08:34,152 - INFO - Joueur inseree [OK] : f6b946ea-9feb-567d-891f-fe4602f01a35
2026-05-23 16:08:34,153 - INFO - Agent inseree [OK] : Killjoy
2026-05-23 16:08:34,154 - INFO - Compose inseree [OK] : ('f6b946ea-9feb-567d-891f-fe4602f01a35', 5, 21)
2026-05-23 16:08:34,155 - INFO - Joueur inseree [OK] : 7529aba0-8e0d-58a8-9f3a-426e51bae4b3
2026-05-23 16:08:34,156 - INFO - Agent inseree [OK] : Reyna
2026-05-23 16:08:34,157 - INFO - Compose inseree [OK] : ('7529aba0-8e0d-58a8-9f3a-426e51bae4b3', 5, 22)
2026-05-23 16:08:34,157 - INFO - Joueur inseree [OK] : 08993ff7-ffe1-58b9-b42c-b4e68b6ebd4e
2026-05-23 16:08:34,158 - INFO - Agent inseree [OK] : Skye
2026-05-23 16:08:34,159 - INFO - Compose inseree [OK] : ('08993ff7-ffe1-58b9-b42c-b4e68b6ebd4e', 5, 23)
2026-05-23 16:08:34,159 - INFO - Joueur inseree [OK] : d4e5b836-81ef-540e-95d6-588e232c914d
2026-05-23 16:08:34,160 - INFO - Agent deja existant [WARN] : Reyna
2026-05-23 16:08:34,161 - INFO - Compose inseree [OK] : ('d4e5b836-81ef-540e-95d6-588e232c914d', 6, 22)
2026-05-23 16:08:34,162 - INFO - Joueur inseree [OK] : 3325632b-5375-53cf-b73f-dccbd8407f87
2026-05-23 16:08:34,162 - INFO - Agent inseree [OK] : Brimstone
2026-05-23 16:08:34,163 - INFO - Compose inseree [OK] : ('3325632b-5375-53cf-b73f-dccbd8407f87', 6, 25)
2026-05-23 16:08:34,164 - INFO - Joueur inseree [OK] : 659b9a5a-e0dc-5c9a-9425-597af59e3874
2026-05-23 16:08:34,164 - INFO - Agent inseree [OK] : Breach
2026-05-23 16:08:34,165 - INFO - Compose inseree [OK] : ('659b9a5a-e0dc-5c9a-9425-597af59e3874', 6, 26)
2026-05-23 16:08:34,166 - INFO - Joueur inseree [OK] : 12fb0f7a-d96a-5bce-90ab-2d25beab4c19
2026-05-23 16:08:34,166 - INFO - Agent inseree [OK] : Phoenix
2026-05-23 16:08:34,167 - INFO - Compose inseree [OK] : ('12fb0f7a-d96a-5bce-90ab-2d25beab4c19', 5, 27)
2026-05-23 16:08:34,167 - INFO - Joueur inseree [OK] : 87c1de8d-8365-51cf-bf54-3fbc660f55f7
2026-05-23 16:08:34,167 - INFO - Agent inseree [OK] : Chamber
2026-05-23 16:08:34,168 - INFO - Compose inseree [OK] : ('87c1de8d-8365-51cf-bf54-3fbc660f55f7', 6, 28)
2026-05-23 16:08:34,168 - INFO - Joueur inseree [OK] : db39dbed-c654-56b8-ad47-d43aec229f7c
2026-05-23 16:08:34,169 - INFO - Agent inseree [OK] : Jett
2026-05-23 16:08:34,169 - INFO - Compose inseree [OK] : ('db39dbed-c654-56b8-ad47-d43aec229f7c', 6, 29)
2026-05-23 16:08:34,170 - INFO - Joueur inseree [OK] : 8ae6755d-fba8-5e54-ac45-c4c86dd6fd69
2026-05-23 16:08:34,170 - INFO - Agent inseree [OK] : Omen
2026-05-23 16:08:34,171 - INFO - Compose inseree [OK] : ('8ae6755d-fba8-5e54-ac45-c4c86dd6fd69', 5, 30)
2026-05-23 16:08:34,172 - INFO - Round inseree [OK] : 29
2026-05-23 16:08:34,172 - INFO - Arme inseree [OK] : Ghost
2026-05-23 16:08:34,173 - INFO - Armure inseree [OK] : None
2026-05-23 16:08:34,175 - INFO - Arme deja existante [INFO] : Ghost
2026-05-23 16:08:34,176 - INFO - Armure deja existante [INFO] : None
2026-05-23 16:08:34,177 - INFO - Arme deja existante [INFO] : Ghost
2026-05-23 16:08:34,177 - INFO - Armure deja existante [INFO] : None
2026-05-23 16:08:34,178 - INFO - Arme deja existante [INFO] : Ghost
2026-05-23 16:08:34,179 - INFO - Armure deja existante [INFO] : None
2026-05-23 16:08:34,180 - INFO - Arme inseree [OK] : Classic
2026-05-23 16:08:34,180 - INFO - Armure deja existante [INFO] : None
2026-05-23 16:08:34,181 - INFO - Arme deja existante [INFO] : Ghost
2026-05-23 16:08:34,182 - INFO - Armure deja existante [INFO] : None
2026-05-23 16:08:34,183 - INFO - Arme inseree [OK] : Sheriff
2026-05-23 16:08:34,183 - INFO - Armure deja existante [INFO] : None
2026-05-23 16:08:34,184 - INFO - Arme deja existante [INFO] : Sheriff
2026-05-23 16:08:34,185 - INFO - Armure deja existante [INFO] : None
2026-05-23 16:08:34,186 - INFO - Arme deja existante [INFO] : Ghost
2026-05-23 16:08:34,186 - INFO - Armure deja existante [INFO] : None
2026-05-23 16:08:34,187 - INFO - Arme deja existante [INFO] : Classic
2026-05-23 16:08:34,187 - INFO - Armure deja existante [INFO] : None
2026-05-23 16:08:34,188 - INFO - Round inseree [OK] : 30
2026-05-23 16:08:34,189 - INFO - Arme inseree [OK] : Phantom
2026-05-23 16:08:34,189 - INFO - Armure inseree [OK] : Light Armor
2026-05-23 16:08:34,190 - INFO - Arme inseree [OK] : Shorty
2026-05-23 16:08:34,191 - INFO - Armure deja existante [INFO] : None
2026-05-23 16:08:34,191 - INFO - Arme deja existante [INFO] : Ghost
2026-05-23 16:08:34,192 - INFO - Armure deja existante [INFO] : None
2026-05-23 16:08:34,192 - INFO - Arme deja existante [INFO] : Classic
2026-05-23 16:08:34,192 - INFO - Armure deja existante [INFO] : None
2026-05-23 16:08:34,193 - INFO - Arme deja existante [INFO] : Classic
2026-05-23 16:08:34,194 - INFO - Armure deja existante [INFO] : None
2026-05-23 16:08:34,194 - INFO - Arme inseree [OK] : Outlaw
2026-05-23 16:08:34,195 - INFO - Armure inseree [OK] : Regen Shield
2026-05-23 16:08:34,196 - INFO - Arme deja existante [INFO] : Outlaw
2026-05-23 16:08:34,196 - INFO - Armure deja existante [INFO] : Light Armor
2026-05-23 16:08:34,197 - INFO - Arme deja existante [INFO] : Ghost
2026-05-23 16:08:34,197 - INFO - Armure deja existante [INFO] : Light Armor
2026-05-23 16:08:34,198 - INFO - Arme deja existante [INFO] : Classic
2026-05-23 16:08:34,199 - INFO - Armure deja existante [INFO] : None
2026-05-23 16:08:34,200 - INFO - Arme inseree [OK] : Vandal
2026-05-23 16:08:34,200 - INFO - Armure deja existante [INFO] : Light Armor
2026-05-23 16:08:34,201 - INFO - Round inseree [OK] : 31
2026-05-23 16:08:34,201 - INFO - Arme inseree [OK] : Bandit
2026-05-23 16:08:34,202 - INFO - Armure deja existante [INFO] : Light Armor
2026-05-23 16:08:34,203 - INFO - Arme deja existante [INFO] : Vandal
2026-05-23 16:08:34,203 - INFO - Armure inseree [OK] : Heavy Armor
2026-05-23 16:08:34,204 - INFO - Arme deja existante [INFO] : Outlaw
2026-05-23 16:08:34,204 - INFO - Armure deja existante [INFO] : Heavy Armor
2026-05-23 16:08:34,205 - INFO - Arme deja existante [INFO] : Phantom
2026-05-23 16:08:34,205 - INFO - Armure deja existante [INFO] : Heavy Armor
2026-05-23 16:08:34,206 - INFO - Arme deja existante [INFO] : Vandal
2026-05-23 16:08:34,207 - INFO - Armure deja existante [INFO] : Heavy Armor
2026-05-23 16:08:34,207 - INFO - Arme deja existante [INFO] : Classic
2026-05-23 16:08:34,208 - INFO - Armure deja existante [INFO] : None
2026-05-23 16:08:34,209 - INFO - Arme deja existante [INFO] : Classic
2026-05-23 16:08:34,210 - INFO - Armure deja existante [INFO] : None
2026-05-23 16:08:34,211 - INFO - Arme deja existante [INFO] : Vandal
2026-05-23 16:08:34,211 - INFO - Armure deja existante [INFO] : Heavy Armor
2026-05-23 16:08:34,212 - INFO - Arme deja existante [INFO] : Outlaw
2026-05-23 16:08:34,212 - INFO - Armure deja existante [INFO] : Heavy Armor
2026-05-23 16:08:34,213 - INFO - Arme deja existante [INFO] : Classic
2026-05-23 16:08:34,214 - INFO - Armure deja existante [INFO] : Light Armor
2026-05-23 16:08:34,215 - INFO - Round inseree [OK] : 32
2026-05-23 16:08:34,215 - INFO - Arme deja existante [INFO] : Phantom
2026-05-23 16:08:34,216 - INFO - Armure deja existante [INFO] : Heavy Armor
2026-05-23 16:08:34,217 - INFO - Arme deja existante [INFO] : Classic
2026-05-23 16:08:34,217 - INFO - Armure deja existante [INFO] : None
2026-05-23 16:08:34,218 - INFO - Arme inseree [OK] : Guardian
2026-05-23 16:08:34,218 - INFO - Armure deja existante [INFO] : Light Armor
2026-05-23 16:08:34,219 - INFO - Arme deja existante [INFO] : Sheriff
2026-05-23 16:08:34,219 - INFO - Armure deja existante [INFO] : None
2026-05-23 16:08:34,220 - INFO - Arme deja existante [INFO] : Ghost
2026-05-23 16:08:34,220 - INFO - Armure deja existante [INFO] : None
2026-05-23 16:08:34,221 - INFO - Arme deja existante [INFO] : Phantom
2026-05-23 16:08:34,222 - INFO - Armure deja existante [INFO] : Heavy Armor
2026-05-23 16:08:34,223 - INFO - Arme deja existante [INFO] : Outlaw
2026-05-23 16:08:34,223 - INFO - Armure deja existante [INFO] : Heavy Armor
2026-05-23 16:08:34,224 - INFO - Arme deja existante [INFO] : Vandal
2026-05-23 16:08:34,224 - INFO - Armure deja existante [INFO] : Heavy Armor
2026-05-23 16:08:34,225 - INFO - Arme deja existante [INFO] : Ghost
2026-05-23 16:08:34,226 - INFO - Armure deja existante [INFO] : Light Armor
2026-05-23 16:08:34,227 - INFO - Arme deja existante [INFO] : Vandal
2026-05-23 16:08:34,227 - INFO - Armure deja existante [INFO] : Heavy Armor
2026-05-23 16:08:34,228 - INFO - Round inseree [OK] : 33
2026-05-23 16:08:34,228 - INFO - Arme deja existante [INFO] : Bandit
2026-05-23 16:08:34,229 - INFO - Armure deja existante [INFO] : Light Armor
2026-05-23 16:08:34,230 - INFO - Arme deja existante [INFO] : Vandal
2026-05-23 16:08:34,230 - INFO - Armure deja existante [INFO] : Heavy Armor
2026-05-23 16:08:34,231 - INFO - Arme deja existante [INFO] : Phantom
2026-05-23 16:08:34,231 - INFO - Armure deja existante [INFO] : Heavy Armor
2026-05-23 16:08:34,232 - INFO - Arme deja existante [INFO] : Phantom
2026-05-23 16:08:34,232 - INFO - Armure deja existante [INFO] : Heavy Armor
2026-05-23 16:08:34,233 - INFO - Arme deja existante [INFO] : Vandal
2026-05-23 16:08:34,234 - INFO - Armure deja existante [INFO] : Heavy Armor
2026-05-23 16:08:34,235 - INFO - Arme deja existante [INFO] : Vandal
2026-05-23 16:08:34,235 - INFO - Armure deja existante [INFO] : Heavy Armor
2026-05-23 16:08:34,236 - INFO - Arme deja existante [INFO] : Vandal
2026-05-23 16:08:34,236 - INFO - Armure deja existante [INFO] : Heavy Armor
2026-05-23 16:08:34,237 - INFO - Arme deja existante [INFO] : Vandal
2026-05-23 16:08:34,238 - INFO - Armure deja existante [INFO] : Heavy Armor
2026-05-23 16:08:34,239 - INFO - Arme deja existante [INFO] : Vandal
2026-05-23 16:08:34,239 - INFO - Armure deja existante [INFO] : Light Armor
2026-05-23 16:08:34,240 - INFO - Arme deja existante [INFO] : Shorty
2026-05-23 16:08:34,240 - INFO - Armure deja existante [INFO] : Light Armor
2026-05-23 16:08:34,241 - INFO - Round inseree [OK] : 34
2026-05-23 16:08:34,242 - INFO - Arme deja existante [INFO] : Phantom
2026-05-23 16:08:34,242 - INFO - Armure deja existante [INFO] : Light Armor
2026-05-23 16:08:34,243 - INFO - Arme deja existante [INFO] : Vandal
2026-05-23 16:08:34,244 - INFO - Armure deja existante [INFO] : Heavy Armor
2026-05-23 16:08:34,245 - INFO - Arme deja existante [INFO] : Vandal
2026-05-23 16:08:34,245 - INFO - Armure deja existante [INFO] : Heavy Armor
2026-05-23 16:08:34,246 - INFO - Arme deja existante [INFO] : Phantom
2026-05-23 16:08:34,246 - INFO - Armure deja existante [INFO] : Heavy Armor
2026-05-23 16:08:34,247 - INFO - Arme deja existante [INFO] : Vandal
2026-05-23 16:08:34,248 - INFO - Armure deja existante [INFO] : Heavy Armor
2026-05-23 16:08:34,249 - INFO - Arme deja existante [INFO] : Vandal
2026-05-23 16:08:34,249 - INFO - Armure deja existante [INFO] : Regen Shield
2026-05-23 16:08:34,250 - INFO - Arme deja existante [INFO] : Vandal
2026-05-23 16:08:34,250 - INFO - Armure deja existante [INFO] : Heavy Armor
2026-05-23 16:08:34,251 - INFO - Arme deja existante [INFO] : Vandal
2026-05-23 16:08:34,252 - INFO - Armure deja existante [INFO] : Light Armor
2026-05-23 16:08:34,252 - INFO - Arme deja existante [INFO] : Vandal
2026-05-23 16:08:34,253 - INFO - Armure deja existante [INFO] : Heavy Armor
2026-05-23 16:08:34,254 - INFO - Arme deja existante [INFO] : Vandal
2026-05-23 16:08:34,254 - INFO - Armure deja existante [INFO] : Heavy Armor
2026-05-23 16:08:34,256 - INFO - Round inseree [OK] : 35
2026-05-23 16:08:34,256 - INFO - Arme deja existante [INFO] : Sheriff
2026-05-23 16:08:34,257 - INFO - Armure deja existante [INFO] : Heavy Armor
2026-05-23 16:08:34,257 - INFO - Arme deja existante [INFO] : Vandal
2026-05-23 16:08:34,258 - INFO - Armure deja existante [INFO] : Heavy Armor
2026-05-23 16:08:34,260 - INFO - Arme deja existante [INFO] : Vandal
2026-05-23 16:08:34,260 - INFO - Armure deja existante [INFO] : Heavy Armor
2026-05-23 16:08:34,261 - INFO - Arme deja existante [INFO] : Phantom
2026-05-23 16:08:34,262 - INFO - Armure deja existante [INFO] : Heavy Armor
2026-05-23 16:08:34,263 - INFO - Arme deja existante [INFO] : Vandal
2026-05-23 16:08:34,263 - INFO - Armure deja existante [INFO] : Heavy Armor
2026-05-23 16:08:34,264 - INFO - Arme deja existante [INFO] : Guardian
2026-05-23 16:08:34,265 - INFO - Armure deja existante [INFO] : Regen Shield
2026-05-23 16:08:34,266 - INFO - Arme deja existante [INFO] : Classic
2026-05-23 16:08:34,266 - INFO - Armure deja existante [INFO] : Heavy Armor
2026-05-23 16:08:34,267 - INFO - Arme deja existante [INFO] : Sheriff
2026-05-23 16:08:34,267 - INFO - Armure deja existante [INFO] : Light Armor
2026-05-23 16:08:34,268 - INFO - Arme deja existante [INFO] : Vandal
2026-05-23 16:08:34,269 - INFO - Armure deja existante [INFO] : Heavy Armor
2026-05-23 16:08:34,270 - INFO - Arme deja existante [INFO] : Shorty
2026-05-23 16:08:34,270 - INFO - Armure deja existante [INFO] : Light Armor
2026-05-23 16:08:34,271 - INFO - Round inseree [OK] : 36
2026-05-23 16:08:34,271 - INFO - Arme deja existante [INFO] : Vandal
2026-05-23 16:08:34,272 - INFO - Armure deja existante [INFO] : Light Armor
2026-05-23 16:08:34,273 - INFO - Arme deja existante [INFO] : Vandal
2026-05-23 16:08:34,273 - INFO - Armure deja existante [INFO] : Heavy Armor
2026-05-23 16:08:34,274 - INFO - Arme deja existante [INFO] : Vandal
2026-05-23 16:08:34,275 - INFO - Armure deja existante [INFO] : Heavy Armor
2026-05-23 16:08:34,275 - INFO - Arme deja existante [INFO] : Phantom
2026-05-23 16:08:34,276 - INFO - Armure deja existante [INFO] : Heavy Armor
2026-05-23 16:08:34,277 - INFO - Arme deja existante [INFO] : Vandal
2026-05-23 16:08:34,277 - INFO - Armure deja existante [INFO] : Heavy Armor
2026-05-23 16:08:34,278 - INFO - Arme deja existante [INFO] : Classic
2026-05-23 16:08:34,278 - INFO - Armure deja existante [INFO] : Heavy Armor
2026-05-23 16:08:34,279 - INFO - Arme deja existante [INFO] : Vandal
2026-05-23 16:08:34,280 - INFO - Armure deja existante [INFO] : Heavy Armor
2026-05-23 16:08:34,281 - INFO - Arme deja existante [INFO] : Vandal
2026-05-23 16:08:34,281 - INFO - Armure deja existante [INFO] : Heavy Armor
2026-05-23 16:08:34,282 - INFO - Arme deja existante [INFO] : Vandal
2026-05-23 16:08:34,283 - INFO - Armure deja existante [INFO] : Heavy Armor
2026-05-23 16:08:34,283 - INFO - Arme deja existante [INFO] : Vandal
2026-05-23 16:08:34,284 - INFO - Armure deja existante [INFO] : Heavy Armor
2026-05-23 16:08:34,284 - INFO - Round inseree [OK] : 37
2026-05-23 16:08:34,285 - INFO - Arme deja existante [INFO] : Vandal
2026-05-23 16:08:34,285 - INFO - Armure deja existante [INFO] : Light Armor
2026-05-23 16:08:34,286 - INFO - Arme deja existante [INFO] : Vandal
2026-05-23 16:08:34,286 - INFO - Armure deja existante [INFO] : Heavy Armor
2026-05-23 16:08:34,287 - INFO - Arme deja existante [INFO] : Vandal
2026-05-23 16:08:34,288 - INFO - Armure deja existante [INFO] : Heavy Armor
2026-05-23 16:08:34,288 - INFO - Arme deja existante [INFO] : Phantom
2026-05-23 16:08:34,289 - INFO - Armure deja existante [INFO] : Heavy Armor
2026-05-23 16:08:34,290 - INFO - Arme deja existante [INFO] : Vandal
2026-05-23 16:08:34,290 - INFO - Armure deja existante [INFO] : Heavy Armor
2026-05-23 16:08:34,291 - INFO - Arme deja existante [INFO] : Vandal
2026-05-23 16:08:34,291 - INFO - Armure deja existante [INFO] : Heavy Armor
2026-05-23 16:08:34,292 - INFO - Arme deja existante [INFO] : Vandal
2026-05-23 16:08:34,293 - INFO - Armure deja existante [INFO] : Heavy Armor
2026-05-23 16:08:34,294 - INFO - Arme deja existante [INFO] : Vandal
2026-05-23 16:08:34,295 - INFO - Armure deja existante [INFO] : Light Armor
2026-05-23 16:08:34,295 - INFO - Arme deja existante [INFO] : Vandal
2026-05-23 16:08:34,296 - INFO - Armure deja existante [INFO] : Heavy Armor
2026-05-23 16:08:34,297 - INFO - Arme deja existante [INFO] : Vandal
2026-05-23 16:08:34,297 - INFO - Armure deja existante [INFO] : Heavy Armor
2026-05-23 16:08:34,298 - INFO - Round inseree [OK] : 38
2026-05-23 16:08:34,298 - INFO - Arme deja existante [INFO] : Guardian
2026-05-23 16:08:34,299 - INFO - Armure deja existante [INFO] : Light Armor
2026-05-23 16:08:34,300 - INFO - Arme deja existante [INFO] : Phantom
2026-05-23 16:08:34,300 - INFO - Armure deja existante [INFO] : Heavy Armor
2026-05-23 16:08:34,301 - INFO - Arme deja existante [INFO] : Vandal
2026-05-23 16:08:34,301 - INFO - Armure deja existante [INFO] : Heavy Armor
2026-05-23 16:08:34,302 - INFO - Arme deja existante [INFO] : Phantom
2026-05-23 16:08:34,303 - INFO - Armure deja existante [INFO] : Heavy Armor
2026-05-23 16:08:34,303 - INFO - Arme deja existante [INFO] : Vandal
2026-05-23 16:08:34,304 - INFO - Armure deja existante [INFO] : Heavy Armor
2026-05-23 16:08:34,305 - INFO - Arme deja existante [INFO] : Vandal
2026-05-23 16:08:34,305 - INFO - Armure deja existante [INFO] : Heavy Armor
2026-05-23 16:08:34,306 - INFO - Arme deja existante [INFO] : Vandal
2026-05-23 16:08:34,307 - INFO - Armure deja existante [INFO] : Heavy Armor
2026-05-23 16:08:34,307 - INFO - Arme deja existante [INFO] : Vandal
2026-05-23 16:08:34,308 - INFO - Armure deja existante [INFO] : Heavy Armor
2026-05-23 16:08:34,309 - INFO - Arme deja existante [INFO] : Vandal
2026-05-23 16:08:34,309 - INFO - Armure deja existante [INFO] : Heavy Armor
2026-05-23 16:08:34,310 - INFO - Arme deja existante [INFO] : Classic
2026-05-23 16:08:34,311 - INFO - Armure deja existante [INFO] : Regen Shield
2026-05-23 16:08:34,312 - INFO - Round inseree [OK] : 39
2026-05-23 16:08:34,312 - INFO - Arme inseree [OK] : Ares
2026-05-23 16:08:34,313 - INFO - Armure deja existante [INFO] : Light Armor
2026-05-23 16:08:34,314 - INFO - Arme deja existante [INFO] : Phantom
2026-05-23 16:08:34,314 - INFO - Armure deja existante [INFO] : Heavy Armor
2026-05-23 16:08:34,315 - INFO - Arme deja existante [INFO] : Vandal
2026-05-23 16:08:34,315 - INFO - Armure deja existante [INFO] : Heavy Armor
2026-05-23 16:08:34,316 - INFO - Arme deja existante [INFO] : Phantom
2026-05-23 16:08:34,316 - INFO - Armure deja existante [INFO] : Heavy Armor
2026-05-23 16:08:34,317 - INFO - Arme deja existante [INFO] : Vandal
2026-05-23 16:08:34,317 - INFO - Armure deja existante [INFO] : Heavy Armor
2026-05-23 16:08:34,318 - INFO - Arme deja existante [INFO] : Vandal
2026-05-23 16:08:34,319 - INFO - Armure deja existante [INFO] : Heavy Armor
2026-05-23 16:08:34,320 - INFO - Arme deja existante [INFO] : Classic
2026-05-23 16:08:34,320 - INFO - Armure deja existante [INFO] : Light Armor
2026-05-23 16:08:34,321 - INFO - Arme deja existante [INFO] : Vandal
2026-05-23 16:08:34,321 - INFO - Armure deja existante [INFO] : Heavy Armor
2026-05-23 16:08:34,322 - INFO - Arme deja existante [INFO] : Vandal
2026-05-23 16:08:34,323 - INFO - Armure deja existante [INFO] : Heavy Armor
2026-05-23 16:08:34,323 - INFO - Arme deja existante [INFO] : Vandal
2026-05-23 16:08:34,324 - INFO - Armure deja existante [INFO] : Heavy Armor
2026-05-23 16:08:34,325 - INFO - Round inseree [OK] : 40
2026-05-23 16:08:34,325 - INFO - Arme deja existante [INFO] : Ares
2026-05-23 16:08:34,325 - INFO - Armure deja existante [INFO] : Heavy Armor
2026-05-23 16:08:34,326 - INFO - Arme deja existante [INFO] : Phantom
2026-05-23 16:08:34,326 - INFO - Armure deja existante [INFO] : Heavy Armor
2026-05-23 16:08:34,327 - INFO - Arme deja existante [INFO] : Vandal
2026-05-23 16:08:34,328 - INFO - Armure deja existante [INFO] : Heavy Armor
2026-05-23 16:08:34,328 - INFO - Arme inseree [OK] : Operator
2026-05-23 16:08:34,329 - INFO - Armure deja existante [INFO] : Heavy Armor
2026-05-23 16:08:34,330 - INFO - Arme deja existante [INFO] : Vandal
2026-05-23 16:08:34,330 - INFO - Armure deja existante [INFO] : Heavy Armor
2026-05-23 16:08:34,331 - INFO - Arme inseree [OK] : Odin
2026-05-23 16:08:34,332 - INFO - Armure deja existante [INFO] : Heavy Armor
2026-05-23 16:08:34,333 - INFO - Arme deja existante [INFO] : Vandal
2026-05-23 16:08:34,333 - INFO - Armure deja existante [INFO] : Heavy Armor
2026-05-23 16:08:34,334 - INFO - Arme deja existante [INFO] : Vandal
2026-05-23 16:08:34,334 - INFO - Armure deja existante [INFO] : Heavy Armor
2026-05-23 16:08:34,335 - INFO - Arme deja existante [INFO] : Vandal
2026-05-23 16:08:34,336 - INFO - Armure deja existante [INFO] : Heavy Armor
2026-05-23 16:08:34,336 - INFO - Arme deja existante [INFO] : Vandal
2026-05-23 16:08:34,337 - INFO - Armure deja existante [INFO] : Regen Shield
2026-05-23 16:08:34,338 - INFO - Round inseree [OK] : 41
2026-05-23 16:08:34,338 - INFO - Arme deja existante [INFO] : Ghost
2026-05-23 16:08:34,339 - INFO - Armure deja existante [INFO] : None
2026-05-23 16:08:34,340 - INFO - Arme deja existante [INFO] : Ghost
2026-05-23 16:08:34,340 - INFO - Armure deja existante [INFO] : None
2026-05-23 16:08:34,341 - INFO - Arme deja existante [INFO] : Ghost
2026-05-23 16:08:34,341 - INFO - Armure deja existante [INFO] : None
2026-05-23 16:08:34,343 - INFO - Arme deja existante [INFO] : Ghost
2026-05-23 16:08:34,343 - INFO - Armure deja existante [INFO] : None
2026-05-23 16:08:34,344 - INFO - Arme deja existante [INFO] : Bandit
2026-05-23 16:08:34,344 - INFO - Armure deja existante [INFO] : None
2026-05-23 16:08:34,345 - INFO - Arme deja existante [INFO] : Ghost
2026-05-23 16:08:34,345 - INFO - Armure deja existante [INFO] : None
2026-05-23 16:08:34,346 - INFO - Arme deja existante [INFO] : Sheriff
2026-05-23 16:08:34,346 - INFO - Armure deja existante [INFO] : None
2026-05-23 16:08:34,347 - INFO - Arme deja existante [INFO] : Sheriff
2026-05-23 16:08:34,347 - INFO - Armure deja existante [INFO] : None
2026-05-23 16:08:34,348 - INFO - Arme deja existante [INFO] : Ghost
2026-05-23 16:08:34,348 - INFO - Armure deja existante [INFO] : None
2026-05-23 16:08:34,349 - INFO - Arme deja existante [INFO] : Classic
2026-05-23 16:08:34,349 - INFO - Armure deja existante [INFO] : None
2026-05-23 16:08:34,350 - INFO - Round inseree [OK] : 42
2026-05-23 16:08:34,351 - INFO - Arme deja existante [INFO] : Bandit
2026-05-23 16:08:34,351 - INFO - Armure deja existante [INFO] : None
2026-05-23 16:08:34,352 - INFO - Arme inseree [OK] : Spectre
2026-05-23 16:08:34,353 - INFO - Armure deja existante [INFO] : Heavy Armor
2026-05-23 16:08:34,353 - INFO - Arme deja existante [INFO] : Guardian
2026-05-23 16:08:34,354 - INFO - Armure deja existante [INFO] : Light Armor
2026-05-23 16:08:34,355 - INFO - Arme inseree [OK] : Bulldog
2026-05-23 16:08:34,355 - INFO - Armure deja existante [INFO] : Heavy Armor
2026-05-23 16:08:34,356 - INFO - Arme deja existante [INFO] : Spectre
2026-05-23 16:08:34,357 - INFO - Armure deja existante [INFO] : Regen Shield
2026-05-23 16:08:34,358 - INFO - Arme deja existante [INFO] : Classic
2026-05-23 16:08:34,358 - INFO - Armure deja existante [INFO] : None
2026-05-23 16:08:34,359 - INFO - Arme deja existante [INFO] : Classic
2026-05-23 16:08:34,359 - INFO - Armure deja existante [INFO] : None
2026-05-23 16:08:34,360 - INFO - Arme deja existante [INFO] : Ghost
2026-05-23 16:08:34,360 - INFO - Armure deja existante [INFO] : None
2026-05-23 16:08:34,361 - INFO - Arme deja existante [INFO] : Guardian
2026-05-23 16:08:34,361 - INFO - Armure deja existante [INFO] : Regen Shield
2026-05-23 16:08:34,362 - INFO - Arme deja existante [INFO] : Shorty
2026-05-23 16:08:34,363 - INFO - Armure deja existante [INFO] : Light Armor
2026-05-23 16:08:34,364 - INFO - Round inseree [OK] : 43
2026-05-23 16:08:34,364 - INFO - Arme deja existante [INFO] : Vandal
2026-05-23 16:08:34,365 - INFO - Armure deja existante [INFO] : Light Armor
2026-05-23 16:08:34,365 - INFO - Arme deja existante [INFO] : Bandit
2026-05-23 16:08:34,366 - INFO - Armure deja existante [INFO] : Regen Shield
2026-05-23 16:08:34,367 - INFO - Arme deja existante [INFO] : Guardian
2026-05-23 16:08:34,367 - INFO - Armure deja existante [INFO] : Heavy Armor
2026-05-23 16:08:34,368 - INFO - Arme deja existante [INFO] : Bulldog
2026-05-23 16:08:34,369 - INFO - Armure deja existante [INFO] : Heavy Armor
2026-05-23 16:08:34,370 - INFO - Arme deja existante [INFO] : Spectre
2026-05-23 16:08:34,370 - INFO - Armure deja existante [INFO] : Heavy Armor
2026-05-23 16:08:34,371 - INFO - Arme deja existante [INFO] : Vandal
2026-05-23 16:08:34,371 - INFO - Armure deja existante [INFO] : Regen Shield
2026-05-23 16:08:34,372 - INFO - Arme deja existante [INFO] : Vandal
2026-05-23 16:08:34,373 - INFO - Armure deja existante [INFO] : Heavy Armor
2026-05-23 16:08:34,373 - INFO - Arme deja existante [INFO] : Vandal
2026-05-23 16:08:34,374 - INFO - Armure deja existante [INFO] : Light Armor
2026-05-23 16:08:34,375 - INFO - Arme deja existante [INFO] : Guardian
2026-05-23 16:08:34,375 - INFO - Armure deja existante [INFO] : Regen Shield
2026-05-23 16:08:34,376 - INFO - Arme deja existante [INFO] : Bulldog
2026-05-23 16:08:34,376 - INFO - Armure deja existante [INFO] : Light Armor
2026-05-23 16:08:34,377 - INFO - Round inseree [OK] : 44
2026-05-23 16:08:34,378 - INFO - Arme deja existante [INFO] : Sheriff
2026-05-23 16:08:34,378 - INFO - Armure deja existante [INFO] : None
2026-05-23 16:08:34,379 - INFO - Arme deja existante [INFO] : Phantom
2026-05-23 16:08:34,379 - INFO - Armure deja existante [INFO] : Heavy Armor
2026-05-23 16:08:34,380 - INFO - Arme deja existante [INFO] : Vandal
2026-05-23 16:08:34,380 - INFO - Armure deja existante [INFO] : Heavy Armor
2026-05-23 16:08:34,382 - INFO - Arme deja existante [INFO] : Phantom
2026-05-23 16:08:34,383 - INFO - Armure deja existante [INFO] : Heavy Armor
2026-05-23 16:08:34,384 - INFO - Arme deja existante [INFO] : Vandal
2026-05-23 16:08:34,384 - INFO - Armure deja existante [INFO] : Heavy Armor
2026-05-23 16:08:34,385 - INFO - Arme deja existante [INFO] : Sheriff
2026-05-23 16:08:34,385 - INFO - Armure deja existante [INFO] : None
2026-05-23 16:08:34,386 - INFO - Arme deja existante [INFO] : Vandal
2026-05-23 16:08:34,387 - INFO - Armure deja existante [INFO] : Heavy Armor
2026-05-23 16:08:34,387 - INFO - Arme deja existante [INFO] : Vandal
2026-05-23 16:08:34,388 - INFO - Armure deja existante [INFO] : Heavy Armor
2026-05-23 16:08:34,388 - INFO - Arme deja existante [INFO] : Vandal
2026-05-23 16:08:34,389 - INFO - Armure deja existante [INFO] : Heavy Armor
2026-05-23 16:08:34,390 - INFO - Arme deja existante [INFO] : Vandal
2026-05-23 16:08:34,390 - INFO - Armure deja existante [INFO] : Regen Shield
2026-05-23 16:08:34,392 - INFO - Round inseree [OK] : 45
2026-05-23 16:08:34,392 - INFO - Arme deja existante [INFO] : Vandal
2026-05-23 16:08:34,393 - INFO - Armure deja existante [INFO] : Light Armor
2026-05-23 16:08:34,394 - INFO - Arme deja existante [INFO] : Phantom
2026-05-23 16:08:34,394 - INFO - Armure deja existante [INFO] : Heavy Armor
2026-05-23 16:08:34,395 - INFO - Arme deja existante [INFO] : Vandal
2026-05-23 16:08:34,396 - INFO - Armure deja existante [INFO] : Heavy Armor
2026-05-23 16:08:34,397 - INFO - Arme deja existante [INFO] : Phantom
2026-05-23 16:08:34,397 - INFO - Armure deja existante [INFO] : Heavy Armor
2026-05-23 16:08:34,398 - INFO - Arme deja existante [INFO] : Vandal
2026-05-23 16:08:34,399 - INFO - Armure deja existante [INFO] : Heavy Armor
2026-05-23 16:08:34,400 - INFO - Arme deja existante [INFO] : Phantom
2026-05-23 16:08:34,401 - INFO - Armure deja existante [INFO] : Heavy Armor
2026-05-23 16:08:34,402 - INFO - Arme deja existante [INFO] : Phantom
2026-05-23 16:08:34,402 - INFO - Armure deja existante [INFO] : Heavy Armor
2026-05-23 16:08:34,403 - INFO - Arme deja existante [INFO] : Vandal
2026-05-23 16:08:34,403 - INFO - Armure deja existante [INFO] : None
2026-05-23 16:08:34,404 - INFO - Arme deja existante [INFO] : Vandal
2026-05-23 16:08:34,405 - INFO - Armure deja existante [INFO] : Heavy Armor
2026-05-23 16:08:34,406 - INFO - Arme deja existante [INFO] : Shorty
2026-05-23 16:08:34,406 - INFO - Armure deja existante [INFO] : Light Armor
2026-05-23 16:08:34,408 - INFO - Round inseree [OK] : 46
2026-05-23 16:08:34,408 - INFO - Arme deja existante [INFO] : Sheriff
2026-05-23 16:08:34,409 - INFO - Armure deja existante [INFO] : Heavy Armor
2026-05-23 16:08:34,410 - INFO - Arme deja existante [INFO] : Phantom
2026-05-23 16:08:34,411 - INFO - Armure deja existante [INFO] : Heavy Armor
2026-05-23 16:08:34,412 - INFO - Arme deja existante [INFO] : Vandal
2026-05-23 16:08:34,412 - INFO - Armure deja existante [INFO] : Heavy Armor
2026-05-23 16:08:34,413 - INFO - Arme deja existante [INFO] : Phantom
2026-05-23 16:08:34,414 - INFO - Armure deja existante [INFO] : Heavy Armor
2026-05-23 16:08:34,414 - INFO - Arme deja existante [INFO] : Vandal
2026-05-23 16:08:34,415 - INFO - Armure deja existante [INFO] : Heavy Armor
2026-05-23 16:08:34,416 - INFO - Arme deja existante [INFO] : Sheriff
2026-05-23 16:08:34,416 - INFO - Armure deja existante [INFO] : Light Armor
2026-05-23 16:08:34,417 - INFO - Arme inseree [OK] : Bucky
2026-05-23 16:08:34,418 - INFO - Armure deja existante [INFO] : None
2026-05-23 16:08:34,418 - INFO - Arme deja existante [INFO] : Vandal
2026-05-23 16:08:34,419 - INFO - Armure deja existante [INFO] : Light Armor
2026-05-23 16:08:34,420 - INFO - Arme deja existante [INFO] : Vandal
2026-05-23 16:08:34,420 - INFO - Armure deja existante [INFO] : Heavy Armor
2026-05-23 16:08:34,421 - INFO - Arme deja existante [INFO] : Bulldog
2026-05-23 16:08:34,421 - INFO - Armure deja existante [INFO] : Light Armor
2026-05-23 16:08:34,422 - INFO - Round inseree [OK] : 47
2026-05-23 16:08:34,423 - INFO - Arme deja existante [INFO] : Vandal
2026-05-23 16:08:34,423 - INFO - Armure deja existante [INFO] : Light Armor
2026-05-23 16:08:34,424 - INFO - Arme deja existante [INFO] : Phantom
2026-05-23 16:08:34,424 - INFO - Armure deja existante [INFO] : Heavy Armor
2026-05-23 16:08:34,425 - INFO - Arme deja existante [INFO] : Vandal
2026-05-23 16:08:34,425 - INFO - Armure deja existante [INFO] : Heavy Armor
2026-05-23 16:08:34,426 - INFO - Arme deja existante [INFO] : Phantom
2026-05-23 16:08:34,427 - INFO - Armure deja existante [INFO] : Heavy Armor
2026-05-23 16:08:34,427 - INFO - Arme deja existante [INFO] : Vandal
2026-05-23 16:08:34,428 - INFO - Armure deja existante [INFO] : Heavy Armor
2026-05-23 16:08:34,429 - INFO - Arme deja existante [INFO] : Vandal
2026-05-23 16:08:34,429 - INFO - Armure deja existante [INFO] : Heavy Armor
2026-05-23 16:08:34,430 - INFO - Arme deja existante [INFO] : Vandal
2026-05-23 16:08:34,430 - INFO - Armure deja existante [INFO] : Heavy Armor
2026-05-23 16:08:34,431 - INFO - Arme deja existante [INFO] : Classic
2026-05-23 16:08:34,432 - INFO - Armure deja existante [INFO] : Heavy Armor
2026-05-23 16:08:34,432 - INFO - Arme deja existante [INFO] : Vandal
2026-05-23 16:08:34,433 - INFO - Armure deja existante [INFO] : Heavy Armor
2026-05-23 16:08:34,434 - INFO - Arme deja existante [INFO] : Vandal
2026-05-23 16:08:34,434 - INFO - Armure deja existante [INFO] : Light Armor
2026-05-23 16:08:34,435 - INFO - Round inseree [OK] : 48
2026-05-23 16:08:34,436 - INFO - Arme deja existante [INFO] : Phantom
2026-05-23 16:08:34,436 - INFO - Armure deja existante [INFO] : Light Armor
2026-05-23 16:08:34,437 - INFO - Arme deja existante [INFO] : Vandal
2026-05-23 16:08:34,438 - INFO - Armure deja existante [INFO] : Heavy Armor
2026-05-23 16:08:34,439 - INFO - Arme deja existante [INFO] : Vandal
2026-05-23 16:08:34,439 - INFO - Armure deja existante [INFO] : Heavy Armor
2026-05-23 16:08:34,439 - INFO - Arme deja existante [INFO] : Phantom
2026-05-23 16:08:34,440 - INFO - Armure deja existante [INFO] : Heavy Armor
2026-05-23 16:08:34,441 - INFO - Arme deja existante [INFO] : Vandal
2026-05-23 16:08:34,441 - INFO - Armure deja existante [INFO] : Regen Shield
2026-05-23 16:08:34,442 - INFO - Arme deja existante [INFO] : Guardian
2026-05-23 16:08:34,443 - INFO - Armure deja existante [INFO] : Regen Shield
2026-05-23 16:08:34,444 - INFO - Arme deja existante [INFO] : Vandal
2026-05-23 16:08:34,444 - INFO - Armure deja existante [INFO] : Heavy Armor
2026-05-23 16:08:34,445 - INFO - Arme deja existante [INFO] : Vandal
2026-05-23 16:08:34,445 - INFO - Armure deja existante [INFO] : Heavy Armor
2026-05-23 16:08:34,446 - INFO - Arme deja existante [INFO] : Vandal
2026-05-23 16:08:34,447 - INFO - Armure deja existante [INFO] : Heavy Armor
2026-05-23 16:08:34,448 - INFO - Arme deja existante [INFO] : Bulldog
2026-05-23 16:08:34,448 - INFO - Armure deja existante [INFO] : None
2026-05-23 16:08:34,449 - INFO - Round inseree [OK] : 49
2026-05-23 16:08:34,450 - INFO - Arme deja existante [INFO] : Vandal
2026-05-23 16:08:34,450 - INFO - Armure deja existante [INFO] : Light Armor
2026-05-23 16:08:34,451 - INFO - Arme deja existante [INFO] : Vandal
2026-05-23 16:08:34,452 - INFO - Armure deja existante [INFO] : Light Armor
2026-05-23 16:08:34,453 - INFO - Arme deja existante [INFO] : Guardian
2026-05-23 16:08:34,453 - INFO - Armure deja existante [INFO] : Light Armor
2026-05-23 16:08:34,454 - INFO - Arme deja existante [INFO] : Guardian
2026-05-23 16:08:34,454 - INFO - Armure deja existante [INFO] : Heavy Armor
2026-05-23 16:08:34,455 - INFO - Arme deja existante [INFO] : Spectre
2026-05-23 16:08:34,456 - INFO - Armure deja existante [INFO] : Regen Shield
2026-05-23 16:08:34,457 - INFO - Arme deja existante [INFO] : Guardian
2026-05-23 16:08:34,457 - INFO - Armure deja existante [INFO] : Regen Shield
2026-05-23 16:08:34,458 - INFO - Arme deja existante [INFO] : Operator
2026-05-23 16:08:34,459 - INFO - Armure deja existante [INFO] : Heavy Armor
2026-05-23 16:08:34,460 - INFO - Arme deja existante [INFO] : Vandal
2026-05-23 16:08:34,460 - INFO - Armure deja existante [INFO] : Heavy Armor
2026-05-23 16:08:34,461 - INFO - Arme deja existante [INFO] : Guardian
2026-05-23 16:08:34,461 - INFO - Armure deja existante [INFO] : Heavy Armor
2026-05-23 16:08:34,462 - INFO - Arme deja existante [INFO] : Vandal
2026-05-23 16:08:34,463 - INFO - Armure deja existante [INFO] : Heavy Armor
2026-05-23 16:08:34,464 - INFO - Round inseree [OK] : 50
2026-05-23 16:08:34,464 - INFO - Arme deja existante [INFO] : Vandal
2026-05-23 16:08:34,465 - INFO - Armure deja existante [INFO] : Heavy Armor
2026-05-23 16:08:34,466 - INFO - Arme deja existante [INFO] : Vandal
2026-05-23 16:08:34,466 - INFO - Armure deja existante [INFO] : Heavy Armor
2026-05-23 16:08:34,467 - INFO - Arme deja existante [INFO] : Vandal
2026-05-23 16:08:34,468 - INFO - Armure deja existante [INFO] : Heavy Armor
2026-05-23 16:08:34,468 - INFO - Arme deja existante [INFO] : Phantom
2026-05-23 16:08:34,469 - INFO - Armure deja existante [INFO] : Heavy Armor
2026-05-23 16:08:34,470 - INFO - Arme deja existante [INFO] : Vandal
2026-05-23 16:08:34,470 - INFO - Armure deja existante [INFO] : Regen Shield
2026-05-23 16:08:34,471 - INFO - Arme deja existante [INFO] : Vandal
2026-05-23 16:08:34,472 - INFO - Armure deja existante [INFO] : Heavy Armor
2026-05-23 16:08:34,473 - INFO - Arme deja existante [INFO] : Operator
2026-05-23 16:08:34,473 - INFO - Armure deja existante [INFO] : Heavy Armor
2026-05-23 16:08:34,474 - INFO - Arme deja existante [INFO] : Vandal
2026-05-23 16:08:34,475 - INFO - Armure deja existante [INFO] : Heavy Armor
2026-05-23 16:08:34,476 - INFO - Arme deja existante [INFO] : Vandal
2026-05-23 16:08:34,476 - INFO - Armure deja existante [INFO] : Heavy Armor
2026-05-23 16:08:34,477 - INFO - Arme deja existante [INFO] : Vandal
2026-05-23 16:08:34,477 - INFO - Armure deja existante [INFO] : Heavy Armor
2026-05-23 16:08:34,479 - INFO - Round inseree [OK] : 51
2026-05-23 16:08:34,479 - INFO - Arme deja existante [INFO] : Vandal
2026-05-23 16:08:34,479 - INFO - Armure deja existante [INFO] : Heavy Armor
2026-05-23 16:08:34,480 - INFO - Arme deja existante [INFO] : Spectre
2026-05-23 16:08:34,481 - INFO - Armure deja existante [INFO] : Light Armor
2026-05-23 16:08:34,482 - INFO - Arme deja existante [INFO] : Guardian
2026-05-23 16:08:34,482 - INFO - Armure deja existante [INFO] : Light Armor
2026-05-23 16:08:34,483 - INFO - Arme deja existante [INFO] : Spectre
2026-05-23 16:08:34,484 - INFO - Armure deja existante [INFO] : Light Armor
2026-05-23 16:08:34,485 - INFO - Arme inseree [OK] : Stinger
2026-05-23 16:08:34,486 - INFO - Armure deja existante [INFO] : Regen Shield
2026-05-23 16:08:34,487 - INFO - Arme deja existante [INFO] : Vandal
2026-05-23 16:08:34,487 - INFO - Armure deja existante [INFO] : Heavy Armor
2026-05-23 16:08:34,488 - INFO - Arme deja existante [INFO] : Vandal
2026-05-23 16:08:34,488 - INFO - Armure deja existante [INFO] : Heavy Armor
2026-05-23 16:08:34,489 - INFO - Arme deja existante [INFO] : Vandal
2026-05-23 16:08:34,490 - INFO - Armure deja existante [INFO] : Heavy Armor
2026-05-23 16:08:34,491 - INFO - Arme deja existante [INFO] : Outlaw
2026-05-23 16:08:34,491 - INFO - Armure deja existante [INFO] : None
2026-05-23 16:08:34,492 - INFO - Arme deja existante [INFO] : Vandal
2026-05-23 16:08:34,493 - INFO - Armure deja existante [INFO] : Heavy Armor
2026-05-23 16:08:34,494 - INFO - Round inseree [OK] : 52
2026-05-23 16:08:34,494 - INFO - Arme deja existante [INFO] : Vandal
2026-05-23 16:08:34,495 - INFO - Armure deja existante [INFO] : Heavy Armor
2026-05-23 16:08:34,496 - INFO - Arme deja existante [INFO] : Phantom
2026-05-23 16:08:34,497 - INFO - Armure deja existante [INFO] : Regen Shield
2026-05-23 16:08:34,498 - INFO - Arme deja existante [INFO] : Vandal
2026-05-23 16:08:34,498 - INFO - Armure deja existante [INFO] : Heavy Armor
2026-05-23 16:08:34,499 - INFO - Arme deja existante [INFO] : Phantom
2026-05-23 16:08:34,499 - INFO - Armure deja existante [INFO] : Heavy Armor
2026-05-23 16:08:34,500 - INFO - Arme deja existante [INFO] : Vandal
2026-05-23 16:08:34,500 - INFO - Armure deja existante [INFO] : Heavy Armor
2026-05-23 16:08:34,501 - INFO - Arme deja existante [INFO] : Odin
2026-05-23 16:08:34,502 - INFO - Armure deja existante [INFO] : Heavy Armor
2026-05-23 16:08:34,503 - INFO - Arme deja existante [INFO] : Vandal
2026-05-23 16:08:34,503 - INFO - Armure deja existante [INFO] : Heavy Armor
2026-05-23 16:08:34,504 - INFO - Arme deja existante [INFO] : Vandal
2026-05-23 16:08:34,505 - INFO - Armure deja existante [INFO] : Heavy Armor
2026-05-23 16:08:34,506 - INFO - Arme deja existante [INFO] : Vandal
2026-05-23 16:08:34,506 - INFO - Armure deja existante [INFO] : Heavy Armor
2026-05-23 16:08:34,507 - INFO - Arme deja existante [INFO] : Vandal
2026-05-23 16:08:34,508 - INFO - Armure deja existante [INFO] : Heavy Armor
2026-05-23 16:08:34,509 - INFO - Round inseree [OK] : 53
2026-05-23 16:08:34,509 - INFO - Arme deja existante [INFO] : Vandal
2026-05-23 16:08:34,509 - INFO - Armure deja existante [INFO] : Heavy Armor
2026-05-23 16:08:34,510 - INFO - Arme deja existante [INFO] : Phantom
2026-05-23 16:08:34,511 - INFO - Armure deja existante [INFO] : Heavy Armor
2026-05-23 16:08:34,512 - INFO - Arme deja existante [INFO] : Vandal
2026-05-23 16:08:34,512 - INFO - Armure deja existante [INFO] : Heavy Armor
2026-05-23 16:08:34,513 - INFO - Arme deja existante [INFO] : Phantom
2026-05-23 16:08:34,513 - INFO - Armure deja existante [INFO] : Heavy Armor
2026-05-23 16:08:34,514 - INFO - Arme deja existante [INFO] : Vandal
2026-05-23 16:08:34,515 - INFO - Armure deja existante [INFO] : Heavy Armor
2026-05-23 16:08:34,516 - INFO - Arme deja existante [INFO] : Vandal
2026-05-23 16:08:34,516 - INFO - Armure deja existante [INFO] : Heavy Armor
2026-05-23 16:08:34,517 - INFO - Arme deja existante [INFO] : Vandal
2026-05-23 16:08:34,518 - INFO - Armure deja existante [INFO] : Heavy Armor
2026-05-23 16:08:34,519 - INFO - Arme deja existante [INFO] : Vandal
2026-05-23 16:08:34,519 - INFO - Armure deja existante [INFO] : Heavy Armor
2026-05-23 16:08:34,520 - INFO - Arme deja existante [INFO] : Vandal
2026-05-23 16:08:34,521 - INFO - Armure deja existante [INFO] : Heavy Armor
2026-05-23 16:08:34,522 - INFO - Arme deja existante [INFO] : Vandal
2026-05-23 16:08:34,522 - INFO - Armure deja existante [INFO] : Heavy Armor
2026-05-23 16:08:34,523 - INFO - Round inseree [OK] : 54
2026-05-23 16:08:34,523 - INFO - Arme deja existante [INFO] : Vandal
2026-05-23 16:08:34,524 - INFO - Armure deja existante [INFO] : Heavy Armor
2026-05-23 16:08:34,525 - INFO - Arme deja existante [INFO] : Phantom
2026-05-23 16:08:34,525 - INFO - Armure deja existante [INFO] : Heavy Armor
2026-05-23 16:08:34,526 - INFO - Arme deja existante [INFO] : Vandal
2026-05-23 16:08:34,526 - INFO - Armure deja existante [INFO] : Heavy Armor
2026-05-23 16:08:34,527 - INFO - Arme deja existante [INFO] : Phantom
2026-05-23 16:08:34,528 - INFO - Armure deja existante [INFO] : Heavy Armor
2026-05-23 16:08:34,528 - INFO - Arme deja existante [INFO] : Phantom
2026-05-23 16:08:34,529 - INFO - Armure deja existante [INFO] : Heavy Armor
2026-05-23 16:08:34,530 - INFO - Arme deja existante [INFO] : Odin
2026-05-23 16:08:34,530 - INFO - Armure deja existante [INFO] : Heavy Armor
2026-05-23 16:08:34,531 - INFO - Arme deja existante [INFO] : Vandal
2026-05-23 16:08:34,531 - INFO - Armure deja existante [INFO] : Heavy Armor
2026-05-23 16:08:34,532 - INFO - Arme deja existante [INFO] : Vandal
2026-05-23 16:08:34,533 - INFO - Armure deja existante [INFO] : Heavy Armor
2026-05-23 16:08:34,533 - INFO - Arme deja existante [INFO] : Phantom
2026-05-23 16:08:34,534 - INFO - Armure deja existante [INFO] : Heavy Armor
2026-05-23 16:08:34,535 - INFO - Arme deja existante [INFO] : Vandal
2026-05-23 16:08:34,535 - INFO - Armure deja existante [INFO] : Heavy Armor
2026-05-23 16:08:34,536 - INFO - Carte deja existante [WARN] : Lotus
2026-05-23 16:08:34,537 - INFO - Match inseree [OK] : 1656dcee-e7c1-4d53-856f-8c5ae1a6359c
2026-05-23 16:08:34,539 - INFO - Joueur inseree [OK] : 48a82f6c-52cc-5803-b662-2fb6c7d936c0
2026-05-23 16:08:34,539 - INFO - Agent inseree [OK] : Neon
2026-05-23 16:08:34,540 - INFO - Compose inseree [OK] : ('48a82f6c-52cc-5803-b662-2fb6c7d936c0', 7, 31)
2026-05-23 16:08:34,540 - INFO - Joueur inseree [OK] : da3944a8-dcd5-599e-a1e7-5c9de9fb9bc0
2026-05-23 16:08:34,541 - INFO - Agent deja existant [WARN] : Reyna
2026-05-23 16:08:34,541 - INFO - Compose inseree [OK] : ('da3944a8-dcd5-599e-a1e7-5c9de9fb9bc0', 7, 22)
2026-05-23 16:08:34,542 - INFO - Joueur inseree [OK] : 76529659-6cd4-59b9-bd3e-a89af24f570c
2026-05-23 16:08:34,542 - INFO - Agent inseree [OK] : Raze
2026-05-23 16:08:34,543 - INFO - Compose inseree [OK] : ('76529659-6cd4-59b9-bd3e-a89af24f570c', 7, 33)
2026-05-23 16:08:34,543 - INFO - Joueur inseree [OK] : 35645155-288c-58e8-bfc2-b27067a9a560
2026-05-23 16:08:34,544 - INFO - Agent deja existant [WARN] : Omen
2026-05-23 16:08:34,544 - INFO - Compose inseree [OK] : ('35645155-288c-58e8-bfc2-b27067a9a560', 8, 30)
2026-05-23 16:08:34,545 - INFO - Joueur inseree [OK] : 022b53cb-e8a9-57d6-a4ae-3b0361a25bef
2026-05-23 16:08:34,545 - INFO - Agent deja existant [WARN] : Chamber
2026-05-23 16:08:34,546 - INFO - Compose inseree [OK] : ('022b53cb-e8a9-57d6-a4ae-3b0361a25bef', 8, 28)
2026-05-23 16:08:34,547 - INFO - Joueur inseree [OK] : 08993ff7-ffe1-58b9-b42c-b4e68b6ebd4e
2026-05-23 16:08:34,547 - INFO - Agent deja existant [WARN] : Killjoy
2026-05-23 16:08:34,548 - INFO - Compose inseree [OK] : ('08993ff7-ffe1-58b9-b42c-b4e68b6ebd4e', 8, 21)
2026-05-23 16:08:34,548 - INFO - Joueur inseree [OK] : 0c750fcd-aea3-55b1-844b-50e0a757c5bf
2026-05-23 16:08:34,549 - INFO - Agent deja existant [WARN] : Jett
2026-05-23 16:08:34,549 - INFO - Compose inseree [OK] : ('0c750fcd-aea3-55b1-844b-50e0a757c5bf', 7, 29)
2026-05-23 16:08:34,550 - INFO - Joueur inseree [OK] : 8c43069f-5c94-5068-acb7-7ee2997bad44
2026-05-23 16:08:34,550 - INFO - Agent deja existant [WARN] : Omen
2026-05-23 16:08:34,551 - INFO - Compose inseree [OK] : ('8c43069f-5c94-5068-acb7-7ee2997bad44', 7, 30)
2026-05-23 16:08:34,552 - INFO - Joueur inseree [OK] : 92171384-193c-5520-8a59-e1aed70986ce
2026-05-23 16:08:34,552 - INFO - Agent inseree [OK] : Yoru
2026-05-23 16:08:34,553 - INFO - Compose inseree [OK] : ('92171384-193c-5520-8a59-e1aed70986ce', 8, 39)
2026-05-23 16:08:34,553 - INFO - Joueur inseree [OK] : 12fb0f7a-d96a-5bce-90ab-2d25beab4c19
2026-05-23 16:08:34,554 - INFO - Agent deja existant [WARN] : Brimstone
2026-05-23 16:08:34,554 - INFO - Compose inseree [OK] : ('12fb0f7a-d96a-5bce-90ab-2d25beab4c19', 8, 25)
2026-05-23 16:08:34,555 - INFO - Round inseree [OK] : 55
2026-05-23 16:08:34,555 - INFO - Arme deja existante [INFO] : Ghost
2026-05-23 16:08:34,556 - INFO - Armure deja existante [INFO] : None
2026-05-23 16:08:34,557 - INFO - Arme deja existante [INFO] : Ghost
2026-05-23 16:08:34,557 - INFO - Armure deja existante [INFO] : None
2026-05-23 16:08:34,558 - INFO - Arme deja existante [INFO] : Sheriff
2026-05-23 16:08:34,559 - INFO - Armure deja existante [INFO] : None
2026-05-23 16:08:34,559 - INFO - Arme deja existante [INFO] : Classic
2026-05-23 16:08:34,560 - INFO - Armure deja existante [INFO] : None
2026-05-23 16:08:34,561 - INFO - Arme deja existante [INFO] : Sheriff
2026-05-23 16:08:34,561 - INFO - Armure deja existante [INFO] : None
2026-05-23 16:08:34,562 - INFO - Arme deja existante [INFO] : Ghost
2026-05-23 16:08:34,562 - INFO - Armure deja existante [INFO] : None
2026-05-23 16:08:34,563 - INFO - Arme deja existante [INFO] : Classic
2026-05-23 16:08:34,564 - INFO - Armure deja existante [INFO] : Light Armor
2026-05-23 16:08:34,565 - INFO - Arme deja existante [INFO] : Ghost
2026-05-23 16:08:34,565 - INFO - Armure deja existante [INFO] : None
2026-05-23 16:08:34,566 - INFO - Arme deja existante [INFO] : Ghost
2026-05-23 16:08:34,566 - INFO - Armure deja existante [INFO] : None
2026-05-23 16:08:34,567 - INFO - Arme deja existante [INFO] : Classic
2026-05-23 16:08:34,567 - INFO - Armure deja existante [INFO] : None
2026-05-23 16:08:34,568 - INFO - Round inseree [OK] : 56
2026-05-23 16:08:34,569 - INFO - Arme deja existante [INFO] : Ghost
2026-05-23 16:08:34,569 - INFO - Armure deja existante [INFO] : Light Armor
2026-05-23 16:08:34,570 - INFO - Arme deja existante [INFO] : Spectre
2026-05-23 16:08:34,570 - INFO - Armure deja existante [INFO] : Heavy Armor
2026-05-23 16:08:34,571 - INFO - Arme deja existante [INFO] : Classic
2026-05-23 16:08:34,572 - INFO - Armure deja existante [INFO] : None
2026-05-23 16:08:34,572 - INFO - Arme deja existante [INFO] : Guardian
2026-05-23 16:08:34,573 - INFO - Armure deja existante [INFO] : Heavy Armor
2026-05-23 16:08:34,574 - INFO - Arme deja existante [INFO] : Sheriff
2026-05-23 16:08:34,574 - INFO - Armure deja existante [INFO] : Heavy Armor
2026-05-23 16:08:34,575 - INFO - Arme deja existante [INFO] : Spectre
2026-05-23 16:08:34,575 - INFO - Armure deja existante [INFO] : Heavy Armor
2026-05-23 16:08:34,576 - INFO - Arme inseree [OK] : Judge
2026-05-23 16:08:34,576 - INFO - Armure deja existante [INFO] : Heavy Armor
2026-05-23 16:08:34,577 - INFO - Arme deja existante [INFO] : Classic
2026-05-23 16:08:34,578 - INFO - Armure deja existante [INFO] : None
2026-05-23 16:08:34,580 - ERROR - Erreur : null value in column "weapon_id" of relation "arme" violates not-null constraint
DETAIL:  Failing row contains (null, null, null).
, trace : Traceback (most recent call last):
  File "/home/dylanm/Insync/nalyd.irsnm@gmail.com/Google Drive/DrivePC/Loisirs/val-analytics-pipeline/src/insert_db.py", line 349, in insert_data
    insert_joue(cursor, party_info, teams_id)
    ~~~~~~~~~~~^^^^^^^^^^^^^^^^^^^^^^^^^^^^^^
  File "/home/dylanm/Insync/nalyd.irsnm@gmail.com/Google Drive/DrivePC/Loisirs/val-analytics-pipeline/src/insert_db.py", line 321, in insert_joue
    weapon_id = insert_arme(cursor, player_stat)
  File "/home/dylanm/Insync/nalyd.irsnm@gmail.com/Google Drive/DrivePC/Loisirs/val-analytics-pipeline/src/insert_db.py", line 253, in insert_arme
    cursor.execute("""
    ~~~~~~~~~~~~~~^^^^
        INSERT INTO Arme (weapon_id, weapon_name, asset_weapon)
        ^^^^^^^^^^^^^^^^^^^^^^^^^^^^^^^^^^^^^^^^^^^^^^^^^^^^^^^
            VALUES (%s, %s, %s)
            ^^^^^^^^^^^^^^^^^^^
            ON CONFLICT (weapon_id) DO NOTHING
            ^^^^^^^^^^^^^^^^^^^^^^^^^^^^^^^^^^
                   """, (weapon_id, weapon_name, asset_weapon))
                   ^^^^^^^^^^^^^^^^^^^^^^^^^^^^^^^^^^^^^^^^^^^^
psycopg2.errors.NotNullViolation: null value in column "weapon_id" of relation "arme" violates not-null constraint
DETAIL:  Failing row contains (null, null, null).


2026-05-23 16:09:31,043 - INFO - ====================================================================================================
2026-05-23 16:09:31,043 - INFO -    NOUVELLE CONNEXION VERS HENRIK API
2026-05-23 16:09:31,043 - INFO - ====================================================================================================
2026-05-23 16:09:31,046 - DEBUG - Starting new HTTPS connection (1): api.henrikdev.xyz:443
2026-05-23 16:09:31,151 - DEBUG - https://api.henrikdev.xyz:443 "GET /valorant/v1/account/little%20elephant/270 HTTP/1.1" 200 None
2026-05-23 16:09:31,152 - INFO - Connexion etablit [OK]
2026-05-23 16:09:31,154 - DEBUG - Starting new HTTPS connection (1): api.henrikdev.xyz:443
2026-05-23 16:09:31,395 - DEBUG - https://api.henrikdev.xyz:443 "GET /valorant/v3/by-puuid/matches/eu/08993ff7-ffe1-58b9-b42c-b4e68b6ebd4e HTTP/1.1" 200 None
2026-05-23 16:09:31,662 - INFO - Carte inseree [OK] : Lotus
2026-05-23 16:09:31,664 - INFO - Match inseree [OK] : 072f6866-df10-4093-90cb-72372e3ea976
2026-05-23 16:09:31,666 - INFO - Joueur inseree [OK] : f6b946ea-9feb-567d-891f-fe4602f01a35
2026-05-23 16:09:31,667 - INFO - Agent inseree [OK] : Killjoy
2026-05-23 16:09:31,669 - INFO - Compose inseree [OK] : ('f6b946ea-9feb-567d-891f-fe4602f01a35', 10, 41)
2026-05-23 16:09:31,669 - INFO - Joueur inseree [OK] : 7529aba0-8e0d-58a8-9f3a-426e51bae4b3
2026-05-23 16:09:31,670 - INFO - Agent inseree [OK] : Reyna
2026-05-23 16:09:31,670 - INFO - Compose inseree [OK] : ('7529aba0-8e0d-58a8-9f3a-426e51bae4b3', 10, 42)
2026-05-23 16:09:31,671 - INFO - Joueur inseree [OK] : 08993ff7-ffe1-58b9-b42c-b4e68b6ebd4e
2026-05-23 16:09:31,671 - INFO - Agent inseree [OK] : Skye
2026-05-23 16:09:31,672 - INFO - Compose inseree [OK] : ('08993ff7-ffe1-58b9-b42c-b4e68b6ebd4e', 10, 43)
2026-05-23 16:09:31,672 - INFO - Joueur inseree [OK] : d4e5b836-81ef-540e-95d6-588e232c914d
2026-05-23 16:09:31,673 - INFO - Agent deja existant [WARN] : Reyna
2026-05-23 16:09:31,674 - INFO - Compose inseree [OK] : ('d4e5b836-81ef-540e-95d6-588e232c914d', 9, 42)
2026-05-23 16:09:31,675 - INFO - Joueur inseree [OK] : 3325632b-5375-53cf-b73f-dccbd8407f87
2026-05-23 16:09:31,675 - INFO - Agent inseree [OK] : Brimstone
2026-05-23 16:09:31,676 - INFO - Compose inseree [OK] : ('3325632b-5375-53cf-b73f-dccbd8407f87', 9, 45)
2026-05-23 16:09:31,676 - INFO - Joueur inseree [OK] : 659b9a5a-e0dc-5c9a-9425-597af59e3874
2026-05-23 16:09:31,677 - INFO - Agent inseree [OK] : Breach
2026-05-23 16:09:31,677 - INFO - Compose inseree [OK] : ('659b9a5a-e0dc-5c9a-9425-597af59e3874', 9, 46)
2026-05-23 16:09:31,678 - INFO - Joueur inseree [OK] : 12fb0f7a-d96a-5bce-90ab-2d25beab4c19
2026-05-23 16:09:31,678 - INFO - Agent inseree [OK] : Phoenix
2026-05-23 16:09:31,678 - INFO - Compose inseree [OK] : ('12fb0f7a-d96a-5bce-90ab-2d25beab4c19', 10, 47)
2026-05-23 16:09:31,679 - INFO - Joueur inseree [OK] : 87c1de8d-8365-51cf-bf54-3fbc660f55f7
2026-05-23 16:09:31,679 - INFO - Agent inseree [OK] : Chamber
2026-05-23 16:09:31,680 - INFO - Compose inseree [OK] : ('87c1de8d-8365-51cf-bf54-3fbc660f55f7', 9, 48)
2026-05-23 16:09:31,680 - INFO - Joueur inseree [OK] : db39dbed-c654-56b8-ad47-d43aec229f7c
2026-05-23 16:09:31,681 - INFO - Agent inseree [OK] : Jett
2026-05-23 16:09:31,681 - INFO - Compose inseree [OK] : ('db39dbed-c654-56b8-ad47-d43aec229f7c', 9, 49)
2026-05-23 16:09:31,681 - INFO - Joueur inseree [OK] : 8ae6755d-fba8-5e54-ac45-c4c86dd6fd69
2026-05-23 16:09:31,682 - INFO - Agent inseree [OK] : Omen
2026-05-23 16:09:31,682 - INFO - Compose inseree [OK] : ('8ae6755d-fba8-5e54-ac45-c4c86dd6fd69', 10, 50)
2026-05-23 16:09:31,683 - INFO - Round inseree [OK] : 57
2026-05-23 16:09:31,684 - INFO - Arme inseree [OK] : Ghost
2026-05-23 16:09:31,685 - INFO - Armure inseree [OK] : None
2026-05-23 16:09:31,686 - INFO - Arme deja existante [INFO] : Ghost
2026-05-23 16:09:31,687 - INFO - Armure deja existante [INFO] : None
2026-05-23 16:09:31,688 - INFO - Arme deja existante [INFO] : Ghost
2026-05-23 16:09:31,688 - INFO - Armure deja existante [INFO] : None
2026-05-23 16:09:31,689 - INFO - Arme deja existante [INFO] : Ghost
2026-05-23 16:09:31,690 - INFO - Armure deja existante [INFO] : None
2026-05-23 16:09:31,691 - INFO - Arme inseree [OK] : Classic
2026-05-23 16:09:31,691 - INFO - Armure deja existante [INFO] : None
2026-05-23 16:09:31,692 - INFO - Arme deja existante [INFO] : Ghost
2026-05-23 16:09:31,692 - INFO - Armure deja existante [INFO] : None
2026-05-23 16:09:31,693 - INFO - Arme inseree [OK] : Sheriff
2026-05-23 16:09:31,694 - INFO - Armure deja existante [INFO] : None
2026-05-23 16:09:31,694 - INFO - Arme deja existante [INFO] : Sheriff
2026-05-23 16:09:31,695 - INFO - Armure deja existante [INFO] : None
2026-05-23 16:09:31,696 - INFO - Arme deja existante [INFO] : Ghost
2026-05-23 16:09:31,696 - INFO - Armure deja existante [INFO] : None
2026-05-23 16:09:31,697 - INFO - Arme deja existante [INFO] : Classic
2026-05-23 16:09:31,697 - INFO - Armure deja existante [INFO] : None
2026-05-23 16:09:31,698 - INFO - Round inseree [OK] : 58
2026-05-23 16:09:31,699 - INFO - Arme inseree [OK] : Phantom
2026-05-23 16:09:31,699 - INFO - Armure inseree [OK] : Light Armor
2026-05-23 16:09:31,700 - INFO - Arme inseree [OK] : Shorty
2026-05-23 16:09:31,700 - INFO - Armure deja existante [INFO] : None
2026-05-23 16:09:31,701 - INFO - Arme deja existante [INFO] : Ghost
2026-05-23 16:09:31,701 - INFO - Armure deja existante [INFO] : None
2026-05-23 16:09:31,702 - INFO - Arme deja existante [INFO] : Classic
2026-05-23 16:09:31,703 - INFO - Armure deja existante [INFO] : None
2026-05-23 16:09:31,704 - INFO - Arme deja existante [INFO] : Classic
2026-05-23 16:09:31,704 - INFO - Armure deja existante [INFO] : None
2026-05-23 16:09:31,705 - INFO - Arme inseree [OK] : Outlaw
2026-05-23 16:09:31,706 - INFO - Armure inseree [OK] : Regen Shield
2026-05-23 16:09:31,707 - INFO - Arme deja existante [INFO] : Outlaw
2026-05-23 16:09:31,707 - INFO - Armure deja existante [INFO] : Light Armor
2026-05-23 16:09:31,708 - INFO - Arme deja existante [INFO] : Ghost
2026-05-23 16:09:31,709 - INFO - Armure deja existante [INFO] : Light Armor
2026-05-23 16:09:31,710 - INFO - Arme deja existante [INFO] : Classic
2026-05-23 16:09:31,710 - INFO - Armure deja existante [INFO] : None
2026-05-23 16:09:31,711 - INFO - Arme inseree [OK] : Vandal
2026-05-23 16:09:31,711 - INFO - Armure deja existante [INFO] : Light Armor
2026-05-23 16:09:31,712 - INFO - Round inseree [OK] : 59
2026-05-23 16:09:31,713 - INFO - Arme inseree [OK] : Bandit
2026-05-23 16:09:31,713 - INFO - Armure deja existante [INFO] : Light Armor
2026-05-23 16:09:31,714 - INFO - Arme deja existante [INFO] : Vandal
2026-05-23 16:09:31,715 - INFO - Armure inseree [OK] : Heavy Armor
2026-05-23 16:09:31,715 - INFO - Arme deja existante [INFO] : Outlaw
2026-05-23 16:09:31,716 - INFO - Armure deja existante [INFO] : Heavy Armor
2026-05-23 16:09:31,717 - INFO - Arme deja existante [INFO] : Phantom
2026-05-23 16:09:31,718 - INFO - Armure deja existante [INFO] : Heavy Armor
2026-05-23 16:09:31,718 - INFO - Arme deja existante [INFO] : Vandal
2026-05-23 16:09:31,719 - INFO - Armure deja existante [INFO] : Heavy Armor
2026-05-23 16:09:31,720 - INFO - Arme deja existante [INFO] : Classic
2026-05-23 16:09:31,720 - INFO - Armure deja existante [INFO] : None
2026-05-23 16:09:31,721 - INFO - Arme deja existante [INFO] : Classic
2026-05-23 16:09:31,721 - INFO - Armure deja existante [INFO] : None
2026-05-23 16:09:31,722 - INFO - Arme deja existante [INFO] : Vandal
2026-05-23 16:09:31,723 - INFO - Armure deja existante [INFO] : Heavy Armor
2026-05-23 16:09:31,723 - INFO - Arme deja existante [INFO] : Outlaw
2026-05-23 16:09:31,724 - INFO - Armure deja existante [INFO] : Heavy Armor
2026-05-23 16:09:31,725 - INFO - Arme deja existante [INFO] : Classic
2026-05-23 16:09:31,725 - INFO - Armure deja existante [INFO] : Light Armor
2026-05-23 16:09:31,726 - INFO - Round inseree [OK] : 60
2026-05-23 16:09:31,727 - INFO - Arme deja existante [INFO] : Phantom
2026-05-23 16:09:31,727 - INFO - Armure deja existante [INFO] : Heavy Armor
2026-05-23 16:09:31,728 - INFO - Arme deja existante [INFO] : Classic
2026-05-23 16:09:31,728 - INFO - Armure deja existante [INFO] : None
2026-05-23 16:09:31,729 - INFO - Arme inseree [OK] : Guardian
2026-05-23 16:09:31,730 - INFO - Armure deja existante [INFO] : Light Armor
2026-05-23 16:09:31,730 - INFO - Arme deja existante [INFO] : Sheriff
2026-05-23 16:09:31,731 - INFO - Armure deja existante [INFO] : None
2026-05-23 16:09:31,732 - INFO - Arme deja existante [INFO] : Ghost
2026-05-23 16:09:31,732 - INFO - Armure deja existante [INFO] : None
2026-05-23 16:09:31,733 - INFO - Arme deja existante [INFO] : Phantom
2026-05-23 16:09:31,733 - INFO - Armure deja existante [INFO] : Heavy Armor
2026-05-23 16:09:31,734 - INFO - Arme deja existante [INFO] : Outlaw
2026-05-23 16:09:31,735 - INFO - Armure deja existante [INFO] : Heavy Armor
2026-05-23 16:09:31,735 - INFO - Arme deja existante [INFO] : Vandal
2026-05-23 16:09:31,736 - INFO - Armure deja existante [INFO] : Heavy Armor
2026-05-23 16:09:31,737 - INFO - Arme deja existante [INFO] : Ghost
2026-05-23 16:09:31,737 - INFO - Armure deja existante [INFO] : Light Armor
2026-05-23 16:09:31,738 - INFO - Arme deja existante [INFO] : Vandal
2026-05-23 16:09:31,738 - INFO - Armure deja existante [INFO] : Heavy Armor
2026-05-23 16:09:31,739 - INFO - Round inseree [OK] : 61
2026-05-23 16:09:31,740 - INFO - Arme deja existante [INFO] : Bandit
2026-05-23 16:09:31,740 - INFO - Armure deja existante [INFO] : Light Armor
2026-05-23 16:09:31,741 - INFO - Arme deja existante [INFO] : Vandal
2026-05-23 16:09:31,742 - INFO - Armure deja existante [INFO] : Heavy Armor
2026-05-23 16:09:31,742 - INFO - Arme deja existante [INFO] : Phantom
2026-05-23 16:09:31,743 - INFO - Armure deja existante [INFO] : Heavy Armor
2026-05-23 16:09:31,744 - INFO - Arme deja existante [INFO] : Phantom
2026-05-23 16:09:31,744 - INFO - Armure deja existante [INFO] : Heavy Armor
2026-05-23 16:09:31,745 - INFO - Arme deja existante [INFO] : Vandal
2026-05-23 16:09:31,745 - INFO - Armure deja existante [INFO] : Heavy Armor
2026-05-23 16:09:31,746 - INFO - Arme deja existante [INFO] : Vandal
2026-05-23 16:09:31,746 - INFO - Armure deja existante [INFO] : Heavy Armor
2026-05-23 16:09:31,747 - INFO - Arme deja existante [INFO] : Vandal
2026-05-23 16:09:31,748 - INFO - Armure deja existante [INFO] : Heavy Armor
2026-05-23 16:09:31,748 - INFO - Arme deja existante [INFO] : Vandal
2026-05-23 16:09:31,749 - INFO - Armure deja existante [INFO] : Heavy Armor
2026-05-23 16:09:31,750 - INFO - Arme deja existante [INFO] : Vandal
2026-05-23 16:09:31,750 - INFO - Armure deja existante [INFO] : Light Armor
2026-05-23 16:09:31,751 - INFO - Arme deja existante [INFO] : Shorty
2026-05-23 16:09:31,751 - INFO - Armure deja existante [INFO] : Light Armor
2026-05-23 16:09:31,752 - INFO - Round inseree [OK] : 62
2026-05-23 16:09:31,753 - INFO - Arme deja existante [INFO] : Phantom
2026-05-23 16:09:31,753 - INFO - Armure deja existante [INFO] : Light Armor
2026-05-23 16:09:31,754 - INFO - Arme deja existante [INFO] : Vandal
2026-05-23 16:09:31,754 - INFO - Armure deja existante [INFO] : Heavy Armor
2026-05-23 16:09:31,755 - INFO - Arme deja existante [INFO] : Vandal
2026-05-23 16:09:31,755 - INFO - Armure deja existante [INFO] : Heavy Armor
2026-05-23 16:09:31,756 - INFO - Arme deja existante [INFO] : Phantom
2026-05-23 16:09:31,756 - INFO - Armure deja existante [INFO] : Heavy Armor
2026-05-23 16:09:31,757 - INFO - Arme deja existante [INFO] : Vandal
2026-05-23 16:09:31,757 - INFO - Armure deja existante [INFO] : Heavy Armor
2026-05-23 16:09:31,758 - INFO - Arme deja existante [INFO] : Vandal
2026-05-23 16:09:31,759 - INFO - Armure deja existante [INFO] : Regen Shield
2026-05-23 16:09:31,759 - INFO - Arme deja existante [INFO] : Vandal
2026-05-23 16:09:31,760 - INFO - Armure deja existante [INFO] : Heavy Armor
2026-05-23 16:09:31,761 - INFO - Arme deja existante [INFO] : Vandal
2026-05-23 16:09:31,761 - INFO - Armure deja existante [INFO] : Light Armor
2026-05-23 16:09:31,762 - INFO - Arme deja existante [INFO] : Vandal
2026-05-23 16:09:31,762 - INFO - Armure deja existante [INFO] : Heavy Armor
2026-05-23 16:09:31,763 - INFO - Arme deja existante [INFO] : Vandal
2026-05-23 16:09:31,763 - INFO - Armure deja existante [INFO] : Heavy Armor
2026-05-23 16:09:31,765 - INFO - Round inseree [OK] : 63
2026-05-23 16:09:31,765 - INFO - Arme deja existante [INFO] : Sheriff
2026-05-23 16:09:31,765 - INFO - Armure deja existante [INFO] : Heavy Armor
2026-05-23 16:09:31,766 - INFO - Arme deja existante [INFO] : Vandal
2026-05-23 16:09:31,767 - INFO - Armure deja existante [INFO] : Heavy Armor
2026-05-23 16:09:31,767 - INFO - Arme deja existante [INFO] : Vandal
2026-05-23 16:09:31,768 - INFO - Armure deja existante [INFO] : Heavy Armor
2026-05-23 16:09:31,769 - INFO - Arme deja existante [INFO] : Phantom
2026-05-23 16:09:31,769 - INFO - Armure deja existante [INFO] : Heavy Armor
2026-05-23 16:09:31,770 - INFO - Arme deja existante [INFO] : Vandal
2026-05-23 16:09:31,770 - INFO - Armure deja existante [INFO] : Heavy Armor
2026-05-23 16:09:31,771 - INFO - Arme deja existante [INFO] : Guardian
2026-05-23 16:09:31,771 - INFO - Armure deja existante [INFO] : Regen Shield
2026-05-23 16:09:31,772 - INFO - Arme deja existante [INFO] : Classic
2026-05-23 16:09:31,772 - INFO - Armure deja existante [INFO] : Heavy Armor
2026-05-23 16:09:31,773 - INFO - Arme deja existante [INFO] : Sheriff
2026-05-23 16:09:31,773 - INFO - Armure deja existante [INFO] : Light Armor
2026-05-23 16:09:31,774 - INFO - Arme deja existante [INFO] : Vandal
2026-05-23 16:09:31,774 - INFO - Armure deja existante [INFO] : Heavy Armor
2026-05-23 16:09:31,775 - INFO - Arme deja existante [INFO] : Shorty
2026-05-23 16:09:31,776 - INFO - Armure deja existante [INFO] : Light Armor
2026-05-23 16:09:31,776 - INFO - Round inseree [OK] : 64
2026-05-23 16:09:31,777 - INFO - Arme deja existante [INFO] : Vandal
2026-05-23 16:09:31,777 - INFO - Armure deja existante [INFO] : Light Armor
2026-05-23 16:09:31,778 - INFO - Arme deja existante [INFO] : Vandal
2026-05-23 16:09:31,778 - INFO - Armure deja existante [INFO] : Heavy Armor
2026-05-23 16:09:31,779 - INFO - Arme deja existante [INFO] : Vandal
2026-05-23 16:09:31,780 - INFO - Armure deja existante [INFO] : Heavy Armor
2026-05-23 16:09:31,780 - INFO - Arme deja existante [INFO] : Phantom
2026-05-23 16:09:31,781 - INFO - Armure deja existante [INFO] : Heavy Armor
2026-05-23 16:09:31,781 - INFO - Arme deja existante [INFO] : Vandal
2026-05-23 16:09:31,782 - INFO - Armure deja existante [INFO] : Heavy Armor
2026-05-23 16:09:31,783 - INFO - Arme deja existante [INFO] : Classic
2026-05-23 16:09:31,783 - INFO - Armure deja existante [INFO] : Heavy Armor
2026-05-23 16:09:31,784 - INFO - Arme deja existante [INFO] : Vandal
2026-05-23 16:09:31,785 - INFO - Armure deja existante [INFO] : Heavy Armor
2026-05-23 16:09:31,785 - INFO - Arme deja existante [INFO] : Vandal
2026-05-23 16:09:31,786 - INFO - Armure deja existante [INFO] : Heavy Armor
2026-05-23 16:09:31,787 - INFO - Arme deja existante [INFO] : Vandal
2026-05-23 16:09:31,787 - INFO - Armure deja existante [INFO] : Heavy Armor
2026-05-23 16:09:31,788 - INFO - Arme deja existante [INFO] : Vandal
2026-05-23 16:09:31,789 - INFO - Armure deja existante [INFO] : Heavy Armor
2026-05-23 16:09:31,790 - INFO - Round inseree [OK] : 65
2026-05-23 16:09:31,790 - INFO - Arme deja existante [INFO] : Vandal
2026-05-23 16:09:31,791 - INFO - Armure deja existante [INFO] : Light Armor
2026-05-23 16:09:31,791 - INFO - Arme deja existante [INFO] : Vandal
2026-05-23 16:09:31,792 - INFO - Armure deja existante [INFO] : Heavy Armor
2026-05-23 16:09:31,793 - INFO - Arme deja existante [INFO] : Vandal
2026-05-23 16:09:31,793 - INFO - Armure deja existante [INFO] : Heavy Armor
2026-05-23 16:09:31,794 - INFO - Arme deja existante [INFO] : Phantom
2026-05-23 16:09:31,794 - INFO - Armure deja existante [INFO] : Heavy Armor
2026-05-23 16:09:31,795 - INFO - Arme deja existante [INFO] : Vandal
2026-05-23 16:09:31,796 - INFO - Armure deja existante [INFO] : Heavy Armor
2026-05-23 16:09:31,797 - INFO - Arme deja existante [INFO] : Vandal
2026-05-23 16:09:31,797 - INFO - Armure deja existante [INFO] : Heavy Armor
2026-05-23 16:09:31,798 - INFO - Arme deja existante [INFO] : Vandal
2026-05-23 16:09:31,799 - INFO - Armure deja existante [INFO] : Heavy Armor
2026-05-23 16:09:31,799 - INFO - Arme deja existante [INFO] : Vandal
2026-05-23 16:09:31,800 - INFO - Armure deja existante [INFO] : Light Armor
2026-05-23 16:09:31,801 - INFO - Arme deja existante [INFO] : Vandal
2026-05-23 16:09:31,802 - INFO - Armure deja existante [INFO] : Heavy Armor
2026-05-23 16:09:31,803 - INFO - Arme deja existante [INFO] : Vandal
2026-05-23 16:09:31,803 - INFO - Armure deja existante [INFO] : Heavy Armor
2026-05-23 16:09:31,804 - INFO - Round inseree [OK] : 66
2026-05-23 16:09:31,805 - INFO - Arme deja existante [INFO] : Guardian
2026-05-23 16:09:31,805 - INFO - Armure deja existante [INFO] : Light Armor
2026-05-23 16:09:31,806 - INFO - Arme deja existante [INFO] : Phantom
2026-05-23 16:09:31,806 - INFO - Armure deja existante [INFO] : Heavy Armor
2026-05-23 16:09:31,807 - INFO - Arme deja existante [INFO] : Vandal
2026-05-23 16:09:31,807 - INFO - Armure deja existante [INFO] : Heavy Armor
2026-05-23 16:09:31,808 - INFO - Arme deja existante [INFO] : Phantom
2026-05-23 16:09:31,808 - INFO - Armure deja existante [INFO] : Heavy Armor
2026-05-23 16:09:31,809 - INFO - Arme deja existante [INFO] : Vandal
2026-05-23 16:09:31,809 - INFO - Armure deja existante [INFO] : Heavy Armor
2026-05-23 16:09:31,810 - INFO - Arme deja existante [INFO] : Vandal
2026-05-23 16:09:31,811 - INFO - Armure deja existante [INFO] : Heavy Armor
2026-05-23 16:09:31,812 - INFO - Arme deja existante [INFO] : Vandal
2026-05-23 16:09:31,812 - INFO - Armure deja existante [INFO] : Heavy Armor
2026-05-23 16:09:31,813 - INFO - Arme deja existante [INFO] : Vandal
2026-05-23 16:09:31,814 - INFO - Armure deja existante [INFO] : Heavy Armor
2026-05-23 16:09:31,814 - INFO - Arme deja existante [INFO] : Vandal
2026-05-23 16:09:31,815 - INFO - Armure deja existante [INFO] : Heavy Armor
2026-05-23 16:09:31,816 - INFO - Arme deja existante [INFO] : Classic
2026-05-23 16:09:31,816 - INFO - Armure deja existante [INFO] : Regen Shield
2026-05-23 16:09:31,817 - INFO - Round inseree [OK] : 67
2026-05-23 16:09:31,818 - INFO - Arme inseree [OK] : Ares
2026-05-23 16:09:31,818 - INFO - Armure deja existante [INFO] : Light Armor
2026-05-23 16:09:31,819 - INFO - Arme deja existante [INFO] : Phantom
2026-05-23 16:09:31,819 - INFO - Armure deja existante [INFO] : Heavy Armor
2026-05-23 16:09:31,820 - INFO - Arme deja existante [INFO] : Vandal
2026-05-23 16:09:31,820 - INFO - Armure deja existante [INFO] : Heavy Armor
2026-05-23 16:09:31,822 - INFO - Arme deja existante [INFO] : Phantom
2026-05-23 16:09:31,822 - INFO - Armure deja existante [INFO] : Heavy Armor
2026-05-23 16:09:31,823 - INFO - Arme deja existante [INFO] : Vandal
2026-05-23 16:09:31,823 - INFO - Armure deja existante [INFO] : Heavy Armor
2026-05-23 16:09:31,824 - INFO - Arme deja existante [INFO] : Vandal
2026-05-23 16:09:31,825 - INFO - Armure deja existante [INFO] : Heavy Armor
2026-05-23 16:09:31,826 - INFO - Arme deja existante [INFO] : Classic
2026-05-23 16:09:31,826 - INFO - Armure deja existante [INFO] : Light Armor
2026-05-23 16:09:31,827 - INFO - Arme deja existante [INFO] : Vandal
2026-05-23 16:09:31,827 - INFO - Armure deja existante [INFO] : Heavy Armor
2026-05-23 16:09:31,828 - INFO - Arme deja existante [INFO] : Vandal
2026-05-23 16:09:31,829 - INFO - Armure deja existante [INFO] : Heavy Armor
2026-05-23 16:09:31,829 - INFO - Arme deja existante [INFO] : Vandal
2026-05-23 16:09:31,830 - INFO - Armure deja existante [INFO] : Heavy Armor
2026-05-23 16:09:31,831 - INFO - Round inseree [OK] : 68
2026-05-23 16:09:31,832 - INFO - Arme deja existante [INFO] : Ares
2026-05-23 16:09:31,832 - INFO - Armure deja existante [INFO] : Heavy Armor
2026-05-23 16:09:31,833 - INFO - Arme deja existante [INFO] : Phantom
2026-05-23 16:09:31,833 - INFO - Armure deja existante [INFO] : Heavy Armor
2026-05-23 16:09:31,834 - INFO - Arme deja existante [INFO] : Vandal
2026-05-23 16:09:31,835 - INFO - Armure deja existante [INFO] : Heavy Armor
2026-05-23 16:09:31,836 - INFO - Arme inseree [OK] : Operator
2026-05-23 16:09:31,836 - INFO - Armure deja existante [INFO] : Heavy Armor
2026-05-23 16:09:31,837 - INFO - Arme deja existante [INFO] : Vandal
2026-05-23 16:09:31,838 - INFO - Armure deja existante [INFO] : Heavy Armor
2026-05-23 16:09:31,839 - INFO - Arme inseree [OK] : Odin
2026-05-23 16:09:31,839 - INFO - Armure deja existante [INFO] : Heavy Armor
2026-05-23 16:09:31,840 - INFO - Arme deja existante [INFO] : Vandal
2026-05-23 16:09:31,840 - INFO - Armure deja existante [INFO] : Heavy Armor
2026-05-23 16:09:31,841 - INFO - Arme deja existante [INFO] : Vandal
2026-05-23 16:09:31,842 - INFO - Armure deja existante [INFO] : Heavy Armor
2026-05-23 16:09:31,843 - INFO - Arme deja existante [INFO] : Vandal
2026-05-23 16:09:31,843 - INFO - Armure deja existante [INFO] : Heavy Armor
2026-05-23 16:09:31,844 - INFO - Arme deja existante [INFO] : Vandal
2026-05-23 16:09:31,844 - INFO - Armure deja existante [INFO] : Regen Shield
2026-05-23 16:09:31,845 - INFO - Round inseree [OK] : 69
2026-05-23 16:09:31,846 - INFO - Arme deja existante [INFO] : Ghost
2026-05-23 16:09:31,846 - INFO - Armure deja existante [INFO] : None
2026-05-23 16:09:31,847 - INFO - Arme deja existante [INFO] : Ghost
2026-05-23 16:09:31,847 - INFO - Armure deja existante [INFO] : None
2026-05-23 16:09:31,848 - INFO - Arme deja existante [INFO] : Ghost
2026-05-23 16:09:31,849 - INFO - Armure deja existante [INFO] : None
2026-05-23 16:09:31,850 - INFO - Arme deja existante [INFO] : Ghost
2026-05-23 16:09:31,850 - INFO - Armure deja existante [INFO] : None
2026-05-23 16:09:31,851 - INFO - Arme deja existante [INFO] : Bandit
2026-05-23 16:09:31,851 - INFO - Armure deja existante [INFO] : None
2026-05-23 16:09:31,852 - INFO - Arme deja existante [INFO] : Ghost
2026-05-23 16:09:31,853 - INFO - Armure deja existante [INFO] : None
2026-05-23 16:09:31,854 - INFO - Arme deja existante [INFO] : Sheriff
2026-05-23 16:09:31,854 - INFO - Armure deja existante [INFO] : None
2026-05-23 16:09:31,855 - INFO - Arme deja existante [INFO] : Sheriff
2026-05-23 16:09:31,855 - INFO - Armure deja existante [INFO] : None
2026-05-23 16:09:31,856 - INFO - Arme deja existante [INFO] : Ghost
2026-05-23 16:09:31,857 - INFO - Armure deja existante [INFO] : None
2026-05-23 16:09:31,858 - INFO - Arme deja existante [INFO] : Classic
2026-05-23 16:09:31,858 - INFO - Armure deja existante [INFO] : None
2026-05-23 16:09:31,859 - INFO - Round inseree [OK] : 70
2026-05-23 16:09:31,859 - INFO - Arme deja existante [INFO] : Bandit
2026-05-23 16:09:31,860 - INFO - Armure deja existante [INFO] : None
2026-05-23 16:09:31,861 - INFO - Arme inseree [OK] : Spectre
2026-05-23 16:09:31,861 - INFO - Armure deja existante [INFO] : Heavy Armor
2026-05-23 16:09:31,862 - INFO - Arme deja existante [INFO] : Guardian
2026-05-23 16:09:31,862 - INFO - Armure deja existante [INFO] : Light Armor
2026-05-23 16:09:31,863 - INFO - Arme inseree [OK] : Bulldog
2026-05-23 16:09:31,864 - INFO - Armure deja existante [INFO] : Heavy Armor
2026-05-23 16:09:31,865 - INFO - Arme deja existante [INFO] : Spectre
2026-05-23 16:09:31,865 - INFO - Armure deja existante [INFO] : Regen Shield
2026-05-23 16:09:31,866 - INFO - Arme deja existante [INFO] : Classic
2026-05-23 16:09:31,866 - INFO - Armure deja existante [INFO] : None
2026-05-23 16:09:31,867 - INFO - Arme deja existante [INFO] : Classic
2026-05-23 16:09:31,867 - INFO - Armure deja existante [INFO] : None
2026-05-23 16:09:31,868 - INFO - Arme deja existante [INFO] : Ghost
2026-05-23 16:09:31,869 - INFO - Armure deja existante [INFO] : None
2026-05-23 16:09:31,870 - INFO - Arme deja existante [INFO] : Guardian
2026-05-23 16:09:31,870 - INFO - Armure deja existante [INFO] : Regen Shield
2026-05-23 16:09:31,871 - INFO - Arme deja existante [INFO] : Shorty
2026-05-23 16:09:31,871 - INFO - Armure deja existante [INFO] : Light Armor
2026-05-23 16:09:31,873 - INFO - Round inseree [OK] : 71
2026-05-23 16:09:31,873 - INFO - Arme deja existante [INFO] : Vandal
2026-05-23 16:09:31,874 - INFO - Armure deja existante [INFO] : Light Armor
2026-05-23 16:09:31,875 - INFO - Arme deja existante [INFO] : Bandit
2026-05-23 16:09:31,875 - INFO - Armure deja existante [INFO] : Regen Shield
2026-05-23 16:09:31,876 - INFO - Arme deja existante [INFO] : Guardian
2026-05-23 16:09:31,877 - INFO - Armure deja existante [INFO] : Heavy Armor
2026-05-23 16:09:31,878 - INFO - Arme deja existante [INFO] : Bulldog
2026-05-23 16:09:31,878 - INFO - Armure deja existante [INFO] : Heavy Armor
2026-05-23 16:09:31,879 - INFO - Arme deja existante [INFO] : Spectre
2026-05-23 16:09:31,879 - INFO - Armure deja existante [INFO] : Heavy Armor
2026-05-23 16:09:31,880 - INFO - Arme deja existante [INFO] : Vandal
2026-05-23 16:09:31,880 - INFO - Armure deja existante [INFO] : Regen Shield
2026-05-23 16:09:31,881 - INFO - Arme deja existante [INFO] : Vandal
2026-05-23 16:09:31,882 - INFO - Armure deja existante [INFO] : Heavy Armor
2026-05-23 16:09:31,883 - INFO - Arme deja existante [INFO] : Vandal
2026-05-23 16:09:31,883 - INFO - Armure deja existante [INFO] : Light Armor
2026-05-23 16:09:31,884 - INFO - Arme deja existante [INFO] : Guardian
2026-05-23 16:09:31,884 - INFO - Armure deja existante [INFO] : Regen Shield
2026-05-23 16:09:31,885 - INFO - Arme deja existante [INFO] : Bulldog
2026-05-23 16:09:31,886 - INFO - Armure deja existante [INFO] : Light Armor
2026-05-23 16:09:31,887 - INFO - Round inseree [OK] : 72
2026-05-23 16:09:31,887 - INFO - Arme deja existante [INFO] : Sheriff
2026-05-23 16:09:31,888 - INFO - Armure deja existante [INFO] : None
2026-05-23 16:09:31,888 - INFO - Arme deja existante [INFO] : Phantom
2026-05-23 16:09:31,889 - INFO - Armure deja existante [INFO] : Heavy Armor
2026-05-23 16:09:31,890 - INFO - Arme deja existante [INFO] : Vandal
2026-05-23 16:09:31,890 - INFO - Armure deja existante [INFO] : Heavy Armor
2026-05-23 16:09:31,891 - INFO - Arme deja existante [INFO] : Phantom
2026-05-23 16:09:31,891 - INFO - Armure deja existante [INFO] : Heavy Armor
2026-05-23 16:09:31,892 - INFO - Arme deja existante [INFO] : Vandal
2026-05-23 16:09:31,893 - INFO - Armure deja existante [INFO] : Heavy Armor
2026-05-23 16:09:31,894 - INFO - Arme deja existante [INFO] : Sheriff
2026-05-23 16:09:31,894 - INFO - Armure deja existante [INFO] : None
2026-05-23 16:09:31,895 - INFO - Arme deja existante [INFO] : Vandal
2026-05-23 16:09:31,895 - INFO - Armure deja existante [INFO] : Heavy Armor
2026-05-23 16:09:31,896 - INFO - Arme deja existante [INFO] : Vandal
2026-05-23 16:09:31,897 - INFO - Armure deja existante [INFO] : Heavy Armor
2026-05-23 16:09:31,898 - INFO - Arme deja existante [INFO] : Vandal
2026-05-23 16:09:31,898 - INFO - Armure deja existante [INFO] : Heavy Armor
2026-05-23 16:09:31,899 - INFO - Arme deja existante [INFO] : Vandal
2026-05-23 16:09:31,899 - INFO - Armure deja existante [INFO] : Regen Shield
2026-05-23 16:09:31,900 - INFO - Round inseree [OK] : 73
2026-05-23 16:09:31,901 - INFO - Arme deja existante [INFO] : Vandal
2026-05-23 16:09:31,901 - INFO - Armure deja existante [INFO] : Light Armor
2026-05-23 16:09:31,902 - INFO - Arme deja existante [INFO] : Phantom
2026-05-23 16:09:31,903 - INFO - Armure deja existante [INFO] : Heavy Armor
2026-05-23 16:09:31,906 - INFO - Arme deja existante [INFO] : Vandal
2026-05-23 16:09:31,906 - INFO - Armure deja existante [INFO] : Heavy Armor
2026-05-23 16:09:31,907 - INFO - Arme deja existante [INFO] : Phantom
2026-05-23 16:09:31,908 - INFO - Armure deja existante [INFO] : Heavy Armor
2026-05-23 16:09:31,909 - INFO - Arme deja existante [INFO] : Vandal
2026-05-23 16:09:31,910 - INFO - Armure deja existante [INFO] : Heavy Armor
2026-05-23 16:09:31,911 - INFO - Arme deja existante [INFO] : Phantom
2026-05-23 16:09:31,911 - INFO - Armure deja existante [INFO] : Heavy Armor
2026-05-23 16:09:31,912 - INFO - Arme deja existante [INFO] : Phantom
2026-05-23 16:09:31,913 - INFO - Armure deja existante [INFO] : Heavy Armor
2026-05-23 16:09:31,914 - INFO - Arme deja existante [INFO] : Vandal
2026-05-23 16:09:31,914 - INFO - Armure deja existante [INFO] : None
2026-05-23 16:09:31,915 - INFO - Arme deja existante [INFO] : Vandal
2026-05-23 16:09:31,916 - INFO - Armure deja existante [INFO] : Heavy Armor
2026-05-23 16:09:31,916 - INFO - Arme deja existante [INFO] : Shorty
2026-05-23 16:09:31,917 - INFO - Armure deja existante [INFO] : Light Armor
2026-05-23 16:09:31,918 - INFO - Round inseree [OK] : 74
2026-05-23 16:09:31,918 - INFO - Arme deja existante [INFO] : Sheriff
2026-05-23 16:09:31,918 - INFO - Armure deja existante [INFO] : Heavy Armor
2026-05-23 16:09:31,919 - INFO - Arme deja existante [INFO] : Phantom
2026-05-23 16:09:31,920 - INFO - Armure deja existante [INFO] : Heavy Armor
2026-05-23 16:09:31,921 - INFO - Arme deja existante [INFO] : Vandal
2026-05-23 16:09:31,921 - INFO - Armure deja existante [INFO] : Heavy Armor
2026-05-23 16:09:31,922 - INFO - Arme deja existante [INFO] : Phantom
2026-05-23 16:09:31,922 - INFO - Armure deja existante [INFO] : Heavy Armor
2026-05-23 16:09:31,923 - INFO - Arme deja existante [INFO] : Vandal
2026-05-23 16:09:31,924 - INFO - Armure deja existante [INFO] : Heavy Armor
2026-05-23 16:09:31,925 - INFO - Arme deja existante [INFO] : Sheriff
2026-05-23 16:09:31,925 - INFO - Armure deja existante [INFO] : Light Armor
2026-05-23 16:09:31,927 - INFO - Arme inseree [OK] : Bucky
2026-05-23 16:09:31,927 - INFO - Armure deja existante [INFO] : None
2026-05-23 16:09:31,928 - INFO - Arme deja existante [INFO] : Vandal
2026-05-23 16:09:31,928 - INFO - Armure deja existante [INFO] : Light Armor
2026-05-23 16:09:31,929 - INFO - Arme deja existante [INFO] : Vandal
2026-05-23 16:09:31,930 - INFO - Armure deja existante [INFO] : Heavy Armor
2026-05-23 16:09:31,931 - INFO - Arme deja existante [INFO] : Bulldog
2026-05-23 16:09:31,931 - INFO - Armure deja existante [INFO] : Light Armor
2026-05-23 16:09:31,932 - INFO - Round inseree [OK] : 75
2026-05-23 16:09:31,932 - INFO - Arme deja existante [INFO] : Vandal
2026-05-23 16:09:31,932 - INFO - Armure deja existante [INFO] : Light Armor
2026-05-23 16:09:31,933 - INFO - Arme deja existante [INFO] : Phantom
2026-05-23 16:09:31,933 - INFO - Armure deja existante [INFO] : Heavy Armor
2026-05-23 16:09:31,934 - INFO - Arme deja existante [INFO] : Vandal
2026-05-23 16:09:31,934 - INFO - Armure deja existante [INFO] : Heavy Armor
2026-05-23 16:09:31,935 - INFO - Arme deja existante [INFO] : Phantom
2026-05-23 16:09:31,935 - INFO - Armure deja existante [INFO] : Heavy Armor
2026-05-23 16:09:31,936 - INFO - Arme deja existante [INFO] : Vandal
2026-05-23 16:09:31,937 - INFO - Armure deja existante [INFO] : Heavy Armor
2026-05-23 16:09:31,938 - INFO - Arme deja existante [INFO] : Vandal
2026-05-23 16:09:31,938 - INFO - Armure deja existante [INFO] : Heavy Armor
2026-05-23 16:09:31,939 - INFO - Arme deja existante [INFO] : Vandal
2026-05-23 16:09:31,940 - INFO - Armure deja existante [INFO] : Heavy Armor
2026-05-23 16:09:31,941 - INFO - Arme deja existante [INFO] : Classic
2026-05-23 16:09:31,941 - INFO - Armure deja existante [INFO] : Heavy Armor
2026-05-23 16:09:31,942 - INFO - Arme deja existante [INFO] : Vandal
2026-05-23 16:09:31,942 - INFO - Armure deja existante [INFO] : Heavy Armor
2026-05-23 16:09:31,943 - INFO - Arme deja existante [INFO] : Vandal
2026-05-23 16:09:31,944 - INFO - Armure deja existante [INFO] : Light Armor
2026-05-23 16:09:31,945 - INFO - Round inseree [OK] : 76
2026-05-23 16:09:31,946 - INFO - Arme deja existante [INFO] : Phantom
2026-05-23 16:09:31,946 - INFO - Armure deja existante [INFO] : Light Armor
2026-05-23 16:09:31,947 - INFO - Arme deja existante [INFO] : Vandal
2026-05-23 16:09:31,948 - INFO - Armure deja existante [INFO] : Heavy Armor
2026-05-23 16:09:31,949 - INFO - Arme deja existante [INFO] : Vandal
2026-05-23 16:09:31,949 - INFO - Armure deja existante [INFO] : Heavy Armor
2026-05-23 16:09:31,950 - INFO - Arme deja existante [INFO] : Phantom
2026-05-23 16:09:31,950 - INFO - Armure deja existante [INFO] : Heavy Armor
2026-05-23 16:09:31,951 - INFO - Arme deja existante [INFO] : Vandal
2026-05-23 16:09:31,952 - INFO - Armure deja existante [INFO] : Regen Shield
2026-05-23 16:09:31,953 - INFO - Arme deja existante [INFO] : Guardian
2026-05-23 16:09:31,953 - INFO - Armure deja existante [INFO] : Regen Shield
2026-05-23 16:09:31,954 - INFO - Arme deja existante [INFO] : Vandal
2026-05-23 16:09:31,955 - INFO - Armure deja existante [INFO] : Heavy Armor
2026-05-23 16:09:31,956 - INFO - Arme deja existante [INFO] : Vandal
2026-05-23 16:09:31,956 - INFO - Armure deja existante [INFO] : Heavy Armor
2026-05-23 16:09:31,957 - INFO - Arme deja existante [INFO] : Vandal
2026-05-23 16:09:31,957 - INFO - Armure deja existante [INFO] : Heavy Armor
2026-05-23 16:09:31,958 - INFO - Arme deja existante [INFO] : Bulldog
2026-05-23 16:09:31,958 - INFO - Armure deja existante [INFO] : None
2026-05-23 16:09:31,959 - INFO - Round inseree [OK] : 77
2026-05-23 16:09:31,960 - INFO - Arme deja existante [INFO] : Vandal
2026-05-23 16:09:31,960 - INFO - Armure deja existante [INFO] : Light Armor
2026-05-23 16:09:31,962 - INFO - Arme deja existante [INFO] : Vandal
2026-05-23 16:09:31,962 - INFO - Armure deja existante [INFO] : Light Armor
2026-05-23 16:09:31,963 - INFO - Arme deja existante [INFO] : Guardian
2026-05-23 16:09:31,963 - INFO - Armure deja existante [INFO] : Light Armor
2026-05-23 16:09:31,965 - INFO - Arme deja existante [INFO] : Guardian
2026-05-23 16:09:31,965 - INFO - Armure deja existante [INFO] : Heavy Armor
2026-05-23 16:09:31,966 - INFO - Arme deja existante [INFO] : Spectre
2026-05-23 16:09:31,967 - INFO - Armure deja existante [INFO] : Regen Shield
2026-05-23 16:09:31,968 - INFO - Arme deja existante [INFO] : Guardian
2026-05-23 16:09:31,968 - INFO - Armure deja existante [INFO] : Regen Shield
2026-05-23 16:09:31,969 - INFO - Arme deja existante [INFO] : Operator
2026-05-23 16:09:31,973 - INFO - Armure deja existante [INFO] : Heavy Armor
2026-05-23 16:09:31,974 - INFO - Arme deja existante [INFO] : Vandal
2026-05-23 16:09:31,975 - INFO - Armure deja existante [INFO] : Heavy Armor
2026-05-23 16:09:31,976 - INFO - Arme deja existante [INFO] : Guardian
2026-05-23 16:09:31,977 - INFO - Armure deja existante [INFO] : Heavy Armor
2026-05-23 16:09:31,978 - INFO - Arme deja existante [INFO] : Vandal
2026-05-23 16:09:31,978 - INFO - Armure deja existante [INFO] : Heavy Armor
2026-05-23 16:09:31,979 - INFO - Round inseree [OK] : 78
2026-05-23 16:09:31,980 - INFO - Arme deja existante [INFO] : Vandal
2026-05-23 16:09:31,980 - INFO - Armure deja existante [INFO] : Heavy Armor
2026-05-23 16:09:31,981 - INFO - Arme deja existante [INFO] : Vandal
2026-05-23 16:09:31,981 - INFO - Armure deja existante [INFO] : Heavy Armor
2026-05-23 16:09:31,982 - INFO - Arme deja existante [INFO] : Vandal
2026-05-23 16:09:31,983 - INFO - Armure deja existante [INFO] : Heavy Armor
2026-05-23 16:09:31,984 - INFO - Arme deja existante [INFO] : Phantom
2026-05-23 16:09:31,985 - INFO - Armure deja existante [INFO] : Heavy Armor
2026-05-23 16:09:31,986 - INFO - Arme deja existante [INFO] : Vandal
2026-05-23 16:09:31,987 - INFO - Armure deja existante [INFO] : Regen Shield
2026-05-23 16:09:31,988 - INFO - Arme deja existante [INFO] : Vandal
2026-05-23 16:09:31,988 - INFO - Armure deja existante [INFO] : Heavy Armor
2026-05-23 16:09:31,990 - INFO - Arme deja existante [INFO] : Operator
2026-05-23 16:09:31,990 - INFO - Armure deja existante [INFO] : Heavy Armor
2026-05-23 16:09:31,991 - INFO - Arme deja existante [INFO] : Vandal
2026-05-23 16:09:31,992 - INFO - Armure deja existante [INFO] : Heavy Armor
2026-05-23 16:09:31,993 - INFO - Arme deja existante [INFO] : Vandal
2026-05-23 16:09:31,993 - INFO - Armure deja existante [INFO] : Heavy Armor
2026-05-23 16:09:31,994 - INFO - Arme deja existante [INFO] : Vandal
2026-05-23 16:09:31,995 - INFO - Armure deja existante [INFO] : Heavy Armor
2026-05-23 16:09:31,996 - INFO - Round inseree [OK] : 79
2026-05-23 16:09:31,997 - INFO - Arme deja existante [INFO] : Vandal
2026-05-23 16:09:31,997 - INFO - Armure deja existante [INFO] : Heavy Armor
2026-05-23 16:09:31,998 - INFO - Arme deja existante [INFO] : Spectre
2026-05-23 16:09:31,998 - INFO - Armure deja existante [INFO] : Light Armor
2026-05-23 16:09:32,000 - INFO - Arme deja existante [INFO] : Guardian
2026-05-23 16:09:32,000 - INFO - Armure deja existante [INFO] : Light Armor
2026-05-23 16:09:32,001 - INFO - Arme deja existante [INFO] : Spectre
2026-05-23 16:09:32,002 - INFO - Armure deja existante [INFO] : Light Armor
2026-05-23 16:09:32,003 - INFO - Arme inseree [OK] : Stinger
2026-05-23 16:09:32,003 - INFO - Armure deja existante [INFO] : Regen Shield
2026-05-23 16:09:32,004 - INFO - Arme deja existante [INFO] : Vandal
2026-05-23 16:09:32,005 - INFO - Armure deja existante [INFO] : Heavy Armor
2026-05-23 16:09:32,006 - INFO - Arme deja existante [INFO] : Vandal
2026-05-23 16:09:32,006 - INFO - Armure deja existante [INFO] : Heavy Armor
2026-05-23 16:09:32,008 - INFO - Arme deja existante [INFO] : Vandal
2026-05-23 16:09:32,008 - INFO - Armure deja existante [INFO] : Heavy Armor
2026-05-23 16:09:32,009 - INFO - Arme deja existante [INFO] : Outlaw
2026-05-23 16:09:32,010 - INFO - Armure deja existante [INFO] : None
2026-05-23 16:09:32,010 - INFO - Arme deja existante [INFO] : Vandal
2026-05-23 16:09:32,011 - INFO - Armure deja existante [INFO] : Heavy Armor
2026-05-23 16:09:32,012 - INFO - Round inseree [OK] : 80
2026-05-23 16:09:32,012 - INFO - Arme deja existante [INFO] : Vandal
2026-05-23 16:09:32,013 - INFO - Armure deja existante [INFO] : Heavy Armor
2026-05-23 16:09:32,014 - INFO - Arme deja existante [INFO] : Phantom
2026-05-23 16:09:32,014 - INFO - Armure deja existante [INFO] : Regen Shield
2026-05-23 16:09:32,015 - INFO - Arme deja existante [INFO] : Vandal
2026-05-23 16:09:32,016 - INFO - Armure deja existante [INFO] : Heavy Armor
2026-05-23 16:09:32,017 - INFO - Arme deja existante [INFO] : Phantom
2026-05-23 16:09:32,017 - INFO - Armure deja existante [INFO] : Heavy Armor
2026-05-23 16:09:32,018 - INFO - Arme deja existante [INFO] : Vandal
2026-05-23 16:09:32,019 - INFO - Armure deja existante [INFO] : Heavy Armor
2026-05-23 16:09:32,020 - INFO - Arme deja existante [INFO] : Odin
2026-05-23 16:09:32,020 - INFO - Armure deja existante [INFO] : Heavy Armor
2026-05-23 16:09:32,022 - INFO - Arme deja existante [INFO] : Vandal
2026-05-23 16:09:32,022 - INFO - Armure deja existante [INFO] : Heavy Armor
2026-05-23 16:09:32,024 - INFO - Arme deja existante [INFO] : Vandal
2026-05-23 16:09:32,024 - INFO - Armure deja existante [INFO] : Heavy Armor
2026-05-23 16:09:32,025 - INFO - Arme deja existante [INFO] : Vandal
2026-05-23 16:09:32,026 - INFO - Armure deja existante [INFO] : Heavy Armor
2026-05-23 16:09:32,027 - INFO - Arme deja existante [INFO] : Vandal
2026-05-23 16:09:32,027 - INFO - Armure deja existante [INFO] : Heavy Armor
2026-05-23 16:09:32,028 - INFO - Round inseree [OK] : 81
2026-05-23 16:09:32,029 - INFO - Arme deja existante [INFO] : Vandal
2026-05-23 16:09:32,029 - INFO - Armure deja existante [INFO] : Heavy Armor
2026-05-23 16:09:32,030 - INFO - Arme deja existante [INFO] : Phantom
2026-05-23 16:09:32,031 - INFO - Armure deja existante [INFO] : Heavy Armor
2026-05-23 16:09:32,032 - INFO - Arme deja existante [INFO] : Vandal
2026-05-23 16:09:32,032 - INFO - Armure deja existante [INFO] : Heavy Armor
2026-05-23 16:09:32,033 - INFO - Arme deja existante [INFO] : Phantom
2026-05-23 16:09:32,034 - INFO - Armure deja existante [INFO] : Heavy Armor
2026-05-23 16:09:32,034 - INFO - Arme deja existante [INFO] : Vandal
2026-05-23 16:09:32,035 - INFO - Armure deja existante [INFO] : Heavy Armor
2026-05-23 16:09:32,036 - INFO - Arme deja existante [INFO] : Vandal
2026-05-23 16:09:32,037 - INFO - Armure deja existante [INFO] : Heavy Armor
2026-05-23 16:09:32,038 - INFO - Arme deja existante [INFO] : Vandal
2026-05-23 16:09:32,038 - INFO - Armure deja existante [INFO] : Heavy Armor
2026-05-23 16:09:32,039 - INFO - Arme deja existante [INFO] : Vandal
2026-05-23 16:09:32,040 - INFO - Armure deja existante [INFO] : Heavy Armor
2026-05-23 16:09:32,041 - INFO - Arme deja existante [INFO] : Vandal
2026-05-23 16:09:32,041 - INFO - Armure deja existante [INFO] : Heavy Armor
2026-05-23 16:09:32,042 - INFO - Arme deja existante [INFO] : Vandal
2026-05-23 16:09:32,043 - INFO - Armure deja existante [INFO] : Heavy Armor
2026-05-23 16:09:32,044 - INFO - Round inseree [OK] : 82
2026-05-23 16:09:32,044 - INFO - Arme deja existante [INFO] : Vandal
2026-05-23 16:09:32,045 - INFO - Armure deja existante [INFO] : Heavy Armor
2026-05-23 16:09:32,046 - INFO - Arme deja existante [INFO] : Phantom
2026-05-23 16:09:32,046 - INFO - Armure deja existante [INFO] : Heavy Armor
2026-05-23 16:09:32,047 - INFO - Arme deja existante [INFO] : Vandal
2026-05-23 16:09:32,048 - INFO - Armure deja existante [INFO] : Heavy Armor
2026-05-23 16:09:32,049 - INFO - Arme deja existante [INFO] : Phantom
2026-05-23 16:09:32,049 - INFO - Armure deja existante [INFO] : Heavy Armor
2026-05-23 16:09:32,050 - INFO - Arme deja existante [INFO] : Phantom
2026-05-23 16:09:32,051 - INFO - Armure deja existante [INFO] : Heavy Armor
2026-05-23 16:09:32,052 - INFO - Arme deja existante [INFO] : Odin
2026-05-23 16:09:32,052 - INFO - Armure deja existante [INFO] : Heavy Armor
2026-05-23 16:09:32,053 - INFO - Arme deja existante [INFO] : Vandal
2026-05-23 16:09:32,053 - INFO - Armure deja existante [INFO] : Heavy Armor
2026-05-23 16:09:32,054 - INFO - Arme deja existante [INFO] : Vandal
2026-05-23 16:09:32,055 - INFO - Armure deja existante [INFO] : Heavy Armor
2026-05-23 16:09:32,056 - INFO - Arme deja existante [INFO] : Phantom
2026-05-23 16:09:32,056 - INFO - Armure deja existante [INFO] : Heavy Armor
2026-05-23 16:09:32,057 - INFO - Arme deja existante [INFO] : Vandal
2026-05-23 16:09:32,058 - INFO - Armure deja existante [INFO] : Heavy Armor
2026-05-23 16:09:32,058 - INFO - Carte deja existante [WARN] : Lotus
2026-05-23 16:09:32,059 - INFO - Match inseree [OK] : 1656dcee-e7c1-4d53-856f-8c5ae1a6359c
2026-05-23 16:09:32,059 - INFO - Joueur inseree [OK] : 48a82f6c-52cc-5803-b662-2fb6c7d936c0
2026-05-23 16:09:32,060 - INFO - Agent inseree [OK] : Neon
2026-05-23 16:09:32,060 - INFO - Compose inseree [OK] : ('48a82f6c-52cc-5803-b662-2fb6c7d936c0', 12, 51)
2026-05-23 16:09:32,060 - INFO - Joueur inseree [OK] : da3944a8-dcd5-599e-a1e7-5c9de9fb9bc0
2026-05-23 16:09:32,060 - INFO - Agent deja existant [WARN] : Reyna
2026-05-23 16:09:32,061 - INFO - Compose inseree [OK] : ('da3944a8-dcd5-599e-a1e7-5c9de9fb9bc0', 12, 42)
2026-05-23 16:09:32,061 - INFO - Joueur inseree [OK] : 76529659-6cd4-59b9-bd3e-a89af24f570c
2026-05-23 16:09:32,061 - INFO - Agent inseree [OK] : Raze
2026-05-23 16:09:32,061 - INFO - Compose inseree [OK] : ('76529659-6cd4-59b9-bd3e-a89af24f570c', 12, 53)
2026-05-23 16:09:32,061 - INFO - Joueur inseree [OK] : 35645155-288c-58e8-bfc2-b27067a9a560
2026-05-23 16:09:32,062 - INFO - Agent deja existant [WARN] : Omen
2026-05-23 16:09:32,062 - INFO - Compose inseree [OK] : ('35645155-288c-58e8-bfc2-b27067a9a560', 11, 50)
2026-05-23 16:09:32,062 - INFO - Joueur inseree [OK] : 022b53cb-e8a9-57d6-a4ae-3b0361a25bef
2026-05-23 16:09:32,062 - INFO - Agent deja existant [WARN] : Chamber
2026-05-23 16:09:32,063 - INFO - Compose inseree [OK] : ('022b53cb-e8a9-57d6-a4ae-3b0361a25bef', 11, 48)
2026-05-23 16:09:32,063 - INFO - Joueur inseree [OK] : 08993ff7-ffe1-58b9-b42c-b4e68b6ebd4e
2026-05-23 16:09:32,063 - INFO - Agent deja existant [WARN] : Killjoy
2026-05-23 16:09:32,063 - INFO - Compose inseree [OK] : ('08993ff7-ffe1-58b9-b42c-b4e68b6ebd4e', 11, 41)
2026-05-23 16:09:32,063 - INFO - Joueur inseree [OK] : 0c750fcd-aea3-55b1-844b-50e0a757c5bf
2026-05-23 16:09:32,064 - INFO - Agent deja existant [WARN] : Jett
2026-05-23 16:09:32,064 - INFO - Compose inseree [OK] : ('0c750fcd-aea3-55b1-844b-50e0a757c5bf', 12, 49)
2026-05-23 16:09:32,064 - INFO - Joueur inseree [OK] : 8c43069f-5c94-5068-acb7-7ee2997bad44
2026-05-23 16:09:32,064 - INFO - Agent deja existant [WARN] : Omen
2026-05-23 16:09:32,064 - INFO - Compose inseree [OK] : ('8c43069f-5c94-5068-acb7-7ee2997bad44', 12, 50)
2026-05-23 16:09:32,065 - INFO - Joueur inseree [OK] : 92171384-193c-5520-8a59-e1aed70986ce
2026-05-23 16:09:32,065 - INFO - Agent inseree [OK] : Yoru
2026-05-23 16:09:32,065 - INFO - Compose inseree [OK] : ('92171384-193c-5520-8a59-e1aed70986ce', 11, 59)
2026-05-23 16:09:32,065 - INFO - Joueur inseree [OK] : 12fb0f7a-d96a-5bce-90ab-2d25beab4c19
2026-05-23 16:09:32,065 - INFO - Agent deja existant [WARN] : Brimstone
2026-05-23 16:09:32,066 - INFO - Compose inseree [OK] : ('12fb0f7a-d96a-5bce-90ab-2d25beab4c19', 11, 45)
2026-05-23 16:09:32,066 - INFO - Round inseree [OK] : 83
2026-05-23 16:09:32,066 - INFO - Arme deja existante [INFO] : Ghost
2026-05-23 16:09:32,066 - INFO - Armure deja existante [INFO] : None
2026-05-23 16:09:32,066 - INFO - Arme deja existante [INFO] : Ghost
2026-05-23 16:09:32,067 - INFO - Armure deja existante [INFO] : None
2026-05-23 16:09:32,067 - INFO - Arme deja existante [INFO] : Sheriff
2026-05-23 16:09:32,067 - INFO - Armure deja existante [INFO] : None
2026-05-23 16:09:32,067 - INFO - Arme deja existante [INFO] : Classic
2026-05-23 16:09:32,067 - INFO - Armure deja existante [INFO] : None
2026-05-23 16:09:32,068 - INFO - Arme deja existante [INFO] : Sheriff
2026-05-23 16:09:32,068 - INFO - Armure deja existante [INFO] : None
2026-05-23 16:09:32,068 - INFO - Arme deja existante [INFO] : Ghost
2026-05-23 16:09:32,068 - INFO - Armure deja existante [INFO] : None
2026-05-23 16:09:32,068 - INFO - Arme deja existante [INFO] : Classic
2026-05-23 16:09:32,069 - INFO - Armure deja existante [INFO] : Light Armor
2026-05-23 16:09:32,069 - INFO - Arme deja existante [INFO] : Ghost
2026-05-23 16:09:32,069 - INFO - Armure deja existante [INFO] : None
2026-05-23 16:09:32,069 - INFO - Arme deja existante [INFO] : Ghost
2026-05-23 16:09:32,069 - INFO - Armure deja existante [INFO] : None
2026-05-23 16:09:32,070 - INFO - Arme deja existante [INFO] : Classic
2026-05-23 16:09:32,070 - INFO - Armure deja existante [INFO] : None
2026-05-23 16:09:32,070 - INFO - Round inseree [OK] : 84
2026-05-23 16:09:32,070 - INFO - Arme deja existante [INFO] : Ghost
2026-05-23 16:09:32,070 - INFO - Armure deja existante [INFO] : Light Armor
2026-05-23 16:09:32,071 - INFO - Arme deja existante [INFO] : Spectre
2026-05-23 16:09:32,071 - INFO - Armure deja existante [INFO] : Heavy Armor
2026-05-23 16:09:32,071 - INFO - Arme deja existante [INFO] : Classic
2026-05-23 16:09:32,071 - INFO - Armure deja existante [INFO] : None
2026-05-23 16:09:32,071 - INFO - Arme deja existante [INFO] : Guardian
2026-05-23 16:09:32,072 - INFO - Armure deja existante [INFO] : Heavy Armor
2026-05-23 16:09:32,072 - INFO - Arme deja existante [INFO] : Sheriff
2026-05-23 16:09:32,072 - INFO - Armure deja existante [INFO] : Heavy Armor
2026-05-23 16:09:32,072 - INFO - Arme deja existante [INFO] : Spectre
2026-05-23 16:09:32,072 - INFO - Armure deja existante [INFO] : Heavy Armor
2026-05-23 16:09:32,073 - INFO - Arme inseree [OK] : Judge
2026-05-23 16:09:32,073 - INFO - Armure deja existante [INFO] : Heavy Armor
2026-05-23 16:09:32,073 - INFO - Arme deja existante [INFO] : Classic
2026-05-23 16:09:32,073 - INFO - Armure deja existante [INFO] : None
2026-05-23 16:09:32,075 - ERROR - Erreur : null value in column "weapon_id" of relation "arme" violates not-null constraint
DETAIL:  Failing row contains (null, null, null).
, trace : Traceback (most recent call last):
  File "/home/dylanm/Insync/nalyd.irsnm@gmail.com/Google Drive/DrivePC/Loisirs/val-analytics-pipeline/src/insert_db.py", line 351, in insert_data
    insert_joue(cursor, party_info, teams_id)
    ~~~~~~~~~~~^^^^^^^^^^^^^^^^^^^^^^^^^^^^^^
  File "/home/dylanm/Insync/nalyd.irsnm@gmail.com/Google Drive/DrivePC/Loisirs/val-analytics-pipeline/src/insert_db.py", line 323, in insert_joue
    weapon_id = insert_arme(cursor, player_stat)
  File "/home/dylanm/Insync/nalyd.irsnm@gmail.com/Google Drive/DrivePC/Loisirs/val-analytics-pipeline/src/insert_db.py", line 255, in insert_arme
    cursor.execute("""
    ~~~~~~~~~~~~~~^^^^
        INSERT INTO Arme (weapon_id, weapon_name, asset_weapon)
        ^^^^^^^^^^^^^^^^^^^^^^^^^^^^^^^^^^^^^^^^^^^^^^^^^^^^^^^
            VALUES (%s, %s, %s)
            ^^^^^^^^^^^^^^^^^^^
            ON CONFLICT (weapon_id) DO NOTHING
            ^^^^^^^^^^^^^^^^^^^^^^^^^^^^^^^^^^
                   """, (weapon_id, weapon_name, asset_weapon))
                   ^^^^^^^^^^^^^^^^^^^^^^^^^^^^^^^^^^^^^^^^^^^^
psycopg2.errors.NotNullViolation: null value in column "weapon_id" of relation "arme" violates not-null constraint
DETAIL:  Failing row contains (null, null, null).


2026-05-23 16:17:37,410 - INFO - ====================================================================================================
2026-05-23 16:17:37,410 - INFO -    NOUVELLE CONNEXION VERS HENRIK API
2026-05-23 16:17:37,410 - INFO - ====================================================================================================
2026-05-23 16:17:37,413 - DEBUG - Starting new HTTPS connection (1): api.henrikdev.xyz:443
2026-05-23 16:17:37,905 - DEBUG - https://api.henrikdev.xyz:443 "GET /valorant/v1/account/little%20elephant/270 HTTP/1.1" 200 None
2026-05-23 16:17:37,905 - INFO - Connexion etablit [OK]
2026-05-23 16:17:37,908 - DEBUG - Starting new HTTPS connection (1): api.henrikdev.xyz:443
2026-05-23 16:17:38,356 - DEBUG - https://api.henrikdev.xyz:443 "GET /valorant/v3/by-puuid/matches/eu/08993ff7-ffe1-58b9-b42c-b4e68b6ebd4e HTTP/1.1" 200 None
2026-05-23 16:17:52,511 - INFO - ====================================================================================================
2026-05-23 16:17:52,511 - INFO -    NOUVELLE CONNEXION VERS HENRIK API
2026-05-23 16:17:52,511 - INFO - ====================================================================================================
2026-05-23 16:17:52,512 - DEBUG - Starting new HTTPS connection (1): api.henrikdev.xyz:443
2026-05-23 16:17:52,694 - DEBUG - https://api.henrikdev.xyz:443 "GET /valorant/v1/account/little%20elephant/270 HTTP/1.1" 200 None
2026-05-23 16:17:52,695 - INFO - Connexion etablit [OK]
2026-05-23 16:17:52,698 - DEBUG - Starting new HTTPS connection (1): api.henrikdev.xyz:443
2026-05-23 16:17:53,016 - DEBUG - https://api.henrikdev.xyz:443 "GET /valorant/v3/by-puuid/matches/eu/08993ff7-ffe1-58b9-b42c-b4e68b6ebd4e HTTP/1.1" 200 None
2026-05-23 16:17:53,765 - INFO - Carte inseree [OK] : Lotus
2026-05-23 16:17:53,767 - INFO - Match inseree [OK] : 072f6866-df10-4093-90cb-72372e3ea976
2026-05-23 16:17:53,770 - INFO - Joueur inseree [OK] : f6b946ea-9feb-567d-891f-fe4602f01a35
2026-05-23 16:17:53,771 - INFO - Agent inseree [OK] : Killjoy
2026-05-23 16:17:53,772 - INFO - Compose inseree [OK] : ('f6b946ea-9feb-567d-891f-fe4602f01a35', 14, 61)
2026-05-23 16:17:53,773 - INFO - Joueur inseree [OK] : 7529aba0-8e0d-58a8-9f3a-426e51bae4b3
2026-05-23 16:17:53,773 - INFO - Agent inseree [OK] : Reyna
2026-05-23 16:17:53,774 - INFO - Compose inseree [OK] : ('7529aba0-8e0d-58a8-9f3a-426e51bae4b3', 14, 62)
2026-05-23 16:17:53,774 - INFO - Joueur inseree [OK] : 08993ff7-ffe1-58b9-b42c-b4e68b6ebd4e
2026-05-23 16:17:53,774 - INFO - Agent inseree [OK] : Skye
2026-05-23 16:17:53,775 - INFO - Compose inseree [OK] : ('08993ff7-ffe1-58b9-b42c-b4e68b6ebd4e', 14, 63)
2026-05-23 16:17:53,776 - INFO - Joueur inseree [OK] : d4e5b836-81ef-540e-95d6-588e232c914d
2026-05-23 16:17:53,776 - INFO - Agent deja existant [WARN] : Reyna
2026-05-23 16:17:53,778 - INFO - Compose inseree [OK] : ('d4e5b836-81ef-540e-95d6-588e232c914d', 13, 62)
2026-05-23 16:17:53,778 - INFO - Joueur inseree [OK] : 3325632b-5375-53cf-b73f-dccbd8407f87
2026-05-23 16:17:53,779 - INFO - Agent inseree [OK] : Brimstone
2026-05-23 16:17:53,779 - INFO - Compose inseree [OK] : ('3325632b-5375-53cf-b73f-dccbd8407f87', 13, 65)
2026-05-23 16:17:53,780 - INFO - Joueur inseree [OK] : 659b9a5a-e0dc-5c9a-9425-597af59e3874
2026-05-23 16:17:53,780 - INFO - Agent inseree [OK] : Breach
2026-05-23 16:17:53,781 - INFO - Compose inseree [OK] : ('659b9a5a-e0dc-5c9a-9425-597af59e3874', 13, 66)
2026-05-23 16:17:53,782 - INFO - Joueur inseree [OK] : 12fb0f7a-d96a-5bce-90ab-2d25beab4c19
2026-05-23 16:17:53,782 - INFO - Agent inseree [OK] : Phoenix
2026-05-23 16:17:53,783 - INFO - Compose inseree [OK] : ('12fb0f7a-d96a-5bce-90ab-2d25beab4c19', 14, 67)
2026-05-23 16:17:53,783 - INFO - Joueur inseree [OK] : 87c1de8d-8365-51cf-bf54-3fbc660f55f7
2026-05-23 16:17:53,784 - INFO - Agent inseree [OK] : Chamber
2026-05-23 16:17:53,784 - INFO - Compose inseree [OK] : ('87c1de8d-8365-51cf-bf54-3fbc660f55f7', 13, 68)
2026-05-23 16:17:53,785 - INFO - Joueur inseree [OK] : db39dbed-c654-56b8-ad47-d43aec229f7c
2026-05-23 16:17:53,785 - INFO - Agent inseree [OK] : Jett
2026-05-23 16:17:53,786 - INFO - Compose inseree [OK] : ('db39dbed-c654-56b8-ad47-d43aec229f7c', 13, 69)
2026-05-23 16:17:53,786 - INFO - Joueur inseree [OK] : 8ae6755d-fba8-5e54-ac45-c4c86dd6fd69
2026-05-23 16:17:53,787 - INFO - Agent inseree [OK] : Omen
2026-05-23 16:17:53,787 - INFO - Compose inseree [OK] : ('8ae6755d-fba8-5e54-ac45-c4c86dd6fd69', 14, 70)
2026-05-23 16:17:53,788 - INFO - Round inseree [OK] : 85
2026-05-23 16:17:53,789 - INFO - Arme inseree [OK] : Ghost
2026-05-23 16:17:53,790 - INFO - Armure inseree [OK] : None
2026-05-23 16:17:53,792 - INFO - Arme deja existante [INFO] : Ghost
2026-05-23 16:17:53,792 - INFO - Armure deja existante [INFO] : None
2026-05-23 16:17:53,793 - INFO - Arme deja existante [INFO] : Ghost
2026-05-23 16:17:53,794 - INFO - Armure deja existante [INFO] : None
2026-05-23 16:17:53,795 - INFO - Arme deja existante [INFO] : Ghost
2026-05-23 16:17:53,796 - INFO - Armure deja existante [INFO] : None
2026-05-23 16:17:53,797 - INFO - Arme inseree [OK] : Classic
2026-05-23 16:17:53,797 - INFO - Armure deja existante [INFO] : None
2026-05-23 16:17:53,799 - INFO - Arme deja existante [INFO] : Ghost
2026-05-23 16:17:53,799 - INFO - Armure deja existante [INFO] : None
2026-05-23 16:17:53,800 - INFO - Arme inseree [OK] : Sheriff
2026-05-23 16:17:53,801 - INFO - Armure deja existante [INFO] : None
2026-05-23 16:17:53,802 - INFO - Arme deja existante [INFO] : Sheriff
2026-05-23 16:17:53,802 - INFO - Armure deja existante [INFO] : None
2026-05-23 16:17:53,803 - INFO - Arme deja existante [INFO] : Ghost
2026-05-23 16:17:53,804 - INFO - Armure deja existante [INFO] : None
2026-05-23 16:17:53,805 - INFO - Arme deja existante [INFO] : Classic
2026-05-23 16:17:53,805 - INFO - Armure deja existante [INFO] : None
2026-05-23 16:17:53,806 - INFO - Round inseree [OK] : 86
2026-05-23 16:17:53,807 - INFO - Arme inseree [OK] : Phantom
2026-05-23 16:17:53,807 - INFO - Armure inseree [OK] : Light Armor
2026-05-23 16:17:53,808 - INFO - Arme inseree [OK] : Shorty
2026-05-23 16:17:53,809 - INFO - Armure deja existante [INFO] : None
2026-05-23 16:17:53,810 - INFO - Arme deja existante [INFO] : Ghost
2026-05-23 16:17:53,810 - INFO - Armure deja existante [INFO] : None
2026-05-23 16:17:53,811 - INFO - Arme deja existante [INFO] : Classic
2026-05-23 16:17:53,811 - INFO - Armure deja existante [INFO] : None
2026-05-23 16:17:53,812 - INFO - Arme deja existante [INFO] : Classic
2026-05-23 16:17:53,813 - INFO - Armure deja existante [INFO] : None
2026-05-23 16:17:53,813 - INFO - Arme inseree [OK] : Outlaw
2026-05-23 16:17:53,814 - INFO - Armure inseree [OK] : Regen Shield
2026-05-23 16:17:53,815 - INFO - Arme deja existante [INFO] : Outlaw
2026-05-23 16:17:53,815 - INFO - Armure deja existante [INFO] : Light Armor
2026-05-23 16:17:53,816 - INFO - Arme deja existante [INFO] : Ghost
2026-05-23 16:17:53,816 - INFO - Armure deja existante [INFO] : Light Armor
2026-05-23 16:17:53,817 - INFO - Arme deja existante [INFO] : Classic
2026-05-23 16:17:53,818 - INFO - Armure deja existante [INFO] : None
2026-05-23 16:17:53,818 - INFO - Arme inseree [OK] : Vandal
2026-05-23 16:17:53,819 - INFO - Armure deja existante [INFO] : Light Armor
2026-05-23 16:17:53,820 - INFO - Round inseree [OK] : 87
2026-05-23 16:17:53,820 - INFO - Arme inseree [OK] : Bandit
2026-05-23 16:17:53,821 - INFO - Armure deja existante [INFO] : Light Armor
2026-05-23 16:17:53,822 - INFO - Arme deja existante [INFO] : Vandal
2026-05-23 16:17:53,822 - INFO - Armure inseree [OK] : Heavy Armor
2026-05-23 16:17:53,823 - INFO - Arme deja existante [INFO] : Outlaw
2026-05-23 16:17:53,823 - INFO - Armure deja existante [INFO] : Heavy Armor
2026-05-23 16:17:53,824 - INFO - Arme deja existante [INFO] : Phantom
2026-05-23 16:17:53,825 - INFO - Armure deja existante [INFO] : Heavy Armor
2026-05-23 16:17:53,826 - INFO - Arme deja existante [INFO] : Vandal
2026-05-23 16:17:53,826 - INFO - Armure deja existante [INFO] : Heavy Armor
2026-05-23 16:17:53,827 - INFO - Arme deja existante [INFO] : Classic
2026-05-23 16:17:53,827 - INFO - Armure deja existante [INFO] : None
2026-05-23 16:17:53,828 - INFO - Arme deja existante [INFO] : Classic
2026-05-23 16:17:53,829 - INFO - Armure deja existante [INFO] : None
2026-05-23 16:17:53,830 - INFO - Arme deja existante [INFO] : Vandal
2026-05-23 16:17:53,830 - INFO - Armure deja existante [INFO] : Heavy Armor
2026-05-23 16:17:53,831 - INFO - Arme deja existante [INFO] : Outlaw
2026-05-23 16:17:53,831 - INFO - Armure deja existante [INFO] : Heavy Armor
2026-05-23 16:17:53,832 - INFO - Arme deja existante [INFO] : Classic
2026-05-23 16:17:53,832 - INFO - Armure deja existante [INFO] : Light Armor
2026-05-23 16:17:53,833 - INFO - Round inseree [OK] : 88
2026-05-23 16:17:53,834 - INFO - Arme deja existante [INFO] : Phantom
2026-05-23 16:17:53,834 - INFO - Armure deja existante [INFO] : Heavy Armor
2026-05-23 16:17:53,835 - INFO - Arme deja existante [INFO] : Classic
2026-05-23 16:17:53,835 - INFO - Armure deja existante [INFO] : None
2026-05-23 16:17:53,836 - INFO - Arme inseree [OK] : Guardian
2026-05-23 16:17:53,837 - INFO - Armure deja existante [INFO] : Light Armor
2026-05-23 16:17:53,838 - INFO - Arme deja existante [INFO] : Sheriff
2026-05-23 16:17:53,838 - INFO - Armure deja existante [INFO] : None
2026-05-23 16:17:53,839 - INFO - Arme deja existante [INFO] : Ghost
2026-05-23 16:17:53,839 - INFO - Armure deja existante [INFO] : None
2026-05-23 16:17:53,840 - INFO - Arme deja existante [INFO] : Phantom
2026-05-23 16:17:53,841 - INFO - Armure deja existante [INFO] : Heavy Armor
2026-05-23 16:17:53,842 - INFO - Arme deja existante [INFO] : Outlaw
2026-05-23 16:17:53,842 - INFO - Armure deja existante [INFO] : Heavy Armor
2026-05-23 16:17:53,843 - INFO - Arme deja existante [INFO] : Vandal
2026-05-23 16:17:53,844 - INFO - Armure deja existante [INFO] : Heavy Armor
2026-05-23 16:17:53,845 - INFO - Arme deja existante [INFO] : Ghost
2026-05-23 16:17:53,845 - INFO - Armure deja existante [INFO] : Light Armor
2026-05-23 16:17:53,846 - INFO - Arme deja existante [INFO] : Vandal
2026-05-23 16:17:53,846 - INFO - Armure deja existante [INFO] : Heavy Armor
2026-05-23 16:17:53,847 - INFO - Round inseree [OK] : 89
2026-05-23 16:17:53,848 - INFO - Arme deja existante [INFO] : Bandit
2026-05-23 16:17:53,848 - INFO - Armure deja existante [INFO] : Light Armor
2026-05-23 16:17:53,849 - INFO - Arme deja existante [INFO] : Vandal
2026-05-23 16:17:53,849 - INFO - Armure deja existante [INFO] : Heavy Armor
2026-05-23 16:17:53,850 - INFO - Arme deja existante [INFO] : Phantom
2026-05-23 16:17:53,851 - INFO - Armure deja existante [INFO] : Heavy Armor
2026-05-23 16:17:53,851 - INFO - Arme deja existante [INFO] : Phantom
2026-05-23 16:17:53,852 - INFO - Armure deja existante [INFO] : Heavy Armor
2026-05-23 16:17:53,853 - INFO - Arme deja existante [INFO] : Vandal
2026-05-23 16:17:53,853 - INFO - Armure deja existante [INFO] : Heavy Armor
2026-05-23 16:17:53,854 - INFO - Arme deja existante [INFO] : Vandal
2026-05-23 16:17:53,854 - INFO - Armure deja existante [INFO] : Heavy Armor
2026-05-23 16:17:53,855 - INFO - Arme deja existante [INFO] : Vandal
2026-05-23 16:17:53,856 - INFO - Armure deja existante [INFO] : Heavy Armor
2026-05-23 16:17:53,856 - INFO - Arme deja existante [INFO] : Vandal
2026-05-23 16:17:53,857 - INFO - Armure deja existante [INFO] : Heavy Armor
2026-05-23 16:17:53,858 - INFO - Arme deja existante [INFO] : Vandal
2026-05-23 16:17:53,858 - INFO - Armure deja existante [INFO] : Light Armor
2026-05-23 16:17:53,859 - INFO - Arme deja existante [INFO] : Shorty
2026-05-23 16:17:53,860 - INFO - Armure deja existante [INFO] : Light Armor
2026-05-23 16:17:53,861 - INFO - Round inseree [OK] : 90
2026-05-23 16:17:53,861 - INFO - Arme deja existante [INFO] : Phantom
2026-05-23 16:17:53,862 - INFO - Armure deja existante [INFO] : Light Armor
2026-05-23 16:17:53,862 - INFO - Arme deja existante [INFO] : Vandal
2026-05-23 16:17:53,863 - INFO - Armure deja existante [INFO] : Heavy Armor
2026-05-23 16:17:53,864 - INFO - Arme deja existante [INFO] : Vandal
2026-05-23 16:17:53,864 - INFO - Armure deja existante [INFO] : Heavy Armor
2026-05-23 16:17:53,865 - INFO - Arme deja existante [INFO] : Phantom
2026-05-23 16:17:53,865 - INFO - Armure deja existante [INFO] : Heavy Armor
2026-05-23 16:17:53,866 - INFO - Arme deja existante [INFO] : Vandal
2026-05-23 16:17:53,867 - INFO - Armure deja existante [INFO] : Heavy Armor
2026-05-23 16:17:53,867 - INFO - Arme deja existante [INFO] : Vandal
2026-05-23 16:17:53,868 - INFO - Armure deja existante [INFO] : Regen Shield
2026-05-23 16:17:53,869 - INFO - Arme deja existante [INFO] : Vandal
2026-05-23 16:17:53,869 - INFO - Armure deja existante [INFO] : Heavy Armor
2026-05-23 16:17:53,870 - INFO - Arme deja existante [INFO] : Vandal
2026-05-23 16:17:53,871 - INFO - Armure deja existante [INFO] : Light Armor
2026-05-23 16:17:53,872 - INFO - Arme deja existante [INFO] : Vandal
2026-05-23 16:17:53,872 - INFO - Armure deja existante [INFO] : Heavy Armor
2026-05-23 16:17:53,873 - INFO - Arme deja existante [INFO] : Vandal
2026-05-23 16:17:53,873 - INFO - Armure deja existante [INFO] : Heavy Armor
2026-05-23 16:17:53,874 - INFO - Round inseree [OK] : 91
2026-05-23 16:17:53,875 - INFO - Arme deja existante [INFO] : Sheriff
2026-05-23 16:17:53,875 - INFO - Armure deja existante [INFO] : Heavy Armor
2026-05-23 16:17:53,876 - INFO - Arme deja existante [INFO] : Vandal
2026-05-23 16:17:53,876 - INFO - Armure deja existante [INFO] : Heavy Armor
2026-05-23 16:17:53,877 - INFO - Arme deja existante [INFO] : Vandal
2026-05-23 16:17:53,878 - INFO - Armure deja existante [INFO] : Heavy Armor
2026-05-23 16:17:53,879 - INFO - Arme deja existante [INFO] : Phantom
2026-05-23 16:17:53,879 - INFO - Armure deja existante [INFO] : Heavy Armor
2026-05-23 16:17:53,880 - INFO - Arme deja existante [INFO] : Vandal
2026-05-23 16:17:53,880 - INFO - Armure deja existante [INFO] : Heavy Armor
2026-05-23 16:17:53,881 - INFO - Arme deja existante [INFO] : Guardian
2026-05-23 16:17:53,882 - INFO - Armure deja existante [INFO] : Regen Shield
2026-05-23 16:17:53,883 - INFO - Arme deja existante [INFO] : Classic
2026-05-23 16:17:53,883 - INFO - Armure deja existante [INFO] : Heavy Armor
2026-05-23 16:17:53,884 - INFO - Arme deja existante [INFO] : Sheriff
2026-05-23 16:17:53,884 - INFO - Armure deja existante [INFO] : Light Armor
2026-05-23 16:17:53,885 - INFO - Arme deja existante [INFO] : Vandal
2026-05-23 16:17:53,885 - INFO - Armure deja existante [INFO] : Heavy Armor
2026-05-23 16:17:53,886 - INFO - Arme deja existante [INFO] : Shorty
2026-05-23 16:17:53,886 - INFO - Armure deja existante [INFO] : Light Armor
2026-05-23 16:17:53,887 - INFO - Round inseree [OK] : 92
2026-05-23 16:17:53,888 - INFO - Arme deja existante [INFO] : Vandal
2026-05-23 16:17:53,888 - INFO - Armure deja existante [INFO] : Light Armor
2026-05-23 16:17:53,889 - INFO - Arme deja existante [INFO] : Vandal
2026-05-23 16:17:53,890 - INFO - Armure deja existante [INFO] : Heavy Armor
2026-05-23 16:17:53,890 - INFO - Arme deja existante [INFO] : Vandal
2026-05-23 16:17:53,891 - INFO - Armure deja existante [INFO] : Heavy Armor
2026-05-23 16:17:53,891 - INFO - Arme deja existante [INFO] : Phantom
2026-05-23 16:17:53,892 - INFO - Armure deja existante [INFO] : Heavy Armor
2026-05-23 16:17:53,893 - INFO - Arme deja existante [INFO] : Vandal
2026-05-23 16:17:53,893 - INFO - Armure deja existante [INFO] : Heavy Armor
2026-05-23 16:17:53,894 - INFO - Arme deja existante [INFO] : Classic
2026-05-23 16:17:53,894 - INFO - Armure deja existante [INFO] : Heavy Armor
2026-05-23 16:17:53,895 - INFO - Arme deja existante [INFO] : Vandal
2026-05-23 16:17:53,896 - INFO - Armure deja existante [INFO] : Heavy Armor
2026-05-23 16:17:53,896 - INFO - Arme deja existante [INFO] : Vandal
2026-05-23 16:17:53,897 - INFO - Armure deja existante [INFO] : Heavy Armor
2026-05-23 16:17:53,898 - INFO - Arme deja existante [INFO] : Vandal
2026-05-23 16:17:53,898 - INFO - Armure deja existante [INFO] : Heavy Armor
2026-05-23 16:17:53,899 - INFO - Arme deja existante [INFO] : Vandal
2026-05-23 16:17:53,899 - INFO - Armure deja existante [INFO] : Heavy Armor
2026-05-23 16:17:53,900 - INFO - Round inseree [OK] : 93
2026-05-23 16:17:53,900 - INFO - Arme deja existante [INFO] : Vandal
2026-05-23 16:17:53,901 - INFO - Armure deja existante [INFO] : Light Armor
2026-05-23 16:17:53,901 - INFO - Arme deja existante [INFO] : Vandal
2026-05-23 16:17:53,902 - INFO - Armure deja existante [INFO] : Heavy Armor
2026-05-23 16:17:53,903 - INFO - Arme deja existante [INFO] : Vandal
2026-05-23 16:17:53,903 - INFO - Armure deja existante [INFO] : Heavy Armor
2026-05-23 16:17:53,904 - INFO - Arme deja existante [INFO] : Phantom
2026-05-23 16:17:53,904 - INFO - Armure deja existante [INFO] : Heavy Armor
2026-05-23 16:17:53,905 - INFO - Arme deja existante [INFO] : Vandal
2026-05-23 16:17:53,905 - INFO - Armure deja existante [INFO] : Heavy Armor
2026-05-23 16:17:53,906 - INFO - Arme deja existante [INFO] : Vandal
2026-05-23 16:17:53,907 - INFO - Armure deja existante [INFO] : Heavy Armor
2026-05-23 16:17:53,908 - INFO - Arme deja existante [INFO] : Vandal
2026-05-23 16:17:53,908 - INFO - Armure deja existante [INFO] : Heavy Armor
2026-05-23 16:17:53,909 - INFO - Arme deja existante [INFO] : Vandal
2026-05-23 16:17:53,909 - INFO - Armure deja existante [INFO] : Light Armor
2026-05-23 16:17:53,910 - INFO - Arme deja existante [INFO] : Vandal
2026-05-23 16:17:53,911 - INFO - Armure deja existante [INFO] : Heavy Armor
2026-05-23 16:17:53,912 - INFO - Arme deja existante [INFO] : Vandal
2026-05-23 16:17:53,912 - INFO - Armure deja existante [INFO] : Heavy Armor
2026-05-23 16:17:53,913 - INFO - Round inseree [OK] : 94
2026-05-23 16:17:53,913 - INFO - Arme deja existante [INFO] : Guardian
2026-05-23 16:17:53,914 - INFO - Armure deja existante [INFO] : Light Armor
2026-05-23 16:17:53,915 - INFO - Arme deja existante [INFO] : Phantom
2026-05-23 16:17:53,915 - INFO - Armure deja existante [INFO] : Heavy Armor
2026-05-23 16:17:53,916 - INFO - Arme deja existante [INFO] : Vandal
2026-05-23 16:17:53,916 - INFO - Armure deja existante [INFO] : Heavy Armor
2026-05-23 16:17:53,917 - INFO - Arme deja existante [INFO] : Phantom
2026-05-23 16:17:53,918 - INFO - Armure deja existante [INFO] : Heavy Armor
2026-05-23 16:17:53,918 - INFO - Arme deja existante [INFO] : Vandal
2026-05-23 16:17:53,919 - INFO - Armure deja existante [INFO] : Heavy Armor
2026-05-23 16:17:53,920 - INFO - Arme deja existante [INFO] : Vandal
2026-05-23 16:17:53,920 - INFO - Armure deja existante [INFO] : Heavy Armor
2026-05-23 16:17:53,921 - INFO - Arme deja existante [INFO] : Vandal
2026-05-23 16:17:53,922 - INFO - Armure deja existante [INFO] : Heavy Armor
2026-05-23 16:17:53,923 - INFO - Arme deja existante [INFO] : Vandal
2026-05-23 16:17:53,923 - INFO - Armure deja existante [INFO] : Heavy Armor
2026-05-23 16:17:53,924 - INFO - Arme deja existante [INFO] : Vandal
2026-05-23 16:17:53,924 - INFO - Armure deja existante [INFO] : Heavy Armor
2026-05-23 16:17:53,925 - INFO - Arme deja existante [INFO] : Classic
2026-05-23 16:17:53,925 - INFO - Armure deja existante [INFO] : Regen Shield
2026-05-23 16:17:53,926 - INFO - Round inseree [OK] : 95
2026-05-23 16:17:53,926 - INFO - Arme inseree [OK] : Ares
2026-05-23 16:17:53,927 - INFO - Armure deja existante [INFO] : Light Armor
2026-05-23 16:17:53,928 - INFO - Arme deja existante [INFO] : Phantom
2026-05-23 16:17:53,928 - INFO - Armure deja existante [INFO] : Heavy Armor
2026-05-23 16:17:53,929 - INFO - Arme deja existante [INFO] : Vandal
2026-05-23 16:17:53,929 - INFO - Armure deja existante [INFO] : Heavy Armor
2026-05-23 16:17:53,930 - INFO - Arme deja existante [INFO] : Phantom
2026-05-23 16:17:53,930 - INFO - Armure deja existante [INFO] : Heavy Armor
2026-05-23 16:17:53,931 - INFO - Arme deja existante [INFO] : Vandal
2026-05-23 16:17:53,932 - INFO - Armure deja existante [INFO] : Heavy Armor
2026-05-23 16:17:53,933 - INFO - Arme deja existante [INFO] : Vandal
2026-05-23 16:17:53,933 - INFO - Armure deja existante [INFO] : Heavy Armor
2026-05-23 16:17:53,934 - INFO - Arme deja existante [INFO] : Classic
2026-05-23 16:17:53,935 - INFO - Armure deja existante [INFO] : Light Armor
2026-05-23 16:17:53,936 - INFO - Arme deja existante [INFO] : Vandal
2026-05-23 16:17:53,936 - INFO - Armure deja existante [INFO] : Heavy Armor
2026-05-23 16:17:53,937 - INFO - Arme deja existante [INFO] : Vandal
2026-05-23 16:17:53,937 - INFO - Armure deja existante [INFO] : Heavy Armor
2026-05-23 16:17:53,938 - INFO - Arme deja existante [INFO] : Vandal
2026-05-23 16:17:53,938 - INFO - Armure deja existante [INFO] : Heavy Armor
2026-05-23 16:17:53,939 - INFO - Round inseree [OK] : 96
2026-05-23 16:17:53,940 - INFO - Arme deja existante [INFO] : Ares
2026-05-23 16:17:53,940 - INFO - Armure deja existante [INFO] : Heavy Armor
2026-05-23 16:17:53,941 - INFO - Arme deja existante [INFO] : Phantom
2026-05-23 16:17:53,941 - INFO - Armure deja existante [INFO] : Heavy Armor
2026-05-23 16:17:53,942 - INFO - Arme deja existante [INFO] : Vandal
2026-05-23 16:17:53,943 - INFO - Armure deja existante [INFO] : Heavy Armor
2026-05-23 16:17:53,944 - INFO - Arme inseree [OK] : Operator
2026-05-23 16:17:53,944 - INFO - Armure deja existante [INFO] : Heavy Armor
2026-05-23 16:17:53,945 - INFO - Arme deja existante [INFO] : Vandal
2026-05-23 16:17:53,946 - INFO - Armure deja existante [INFO] : Heavy Armor
2026-05-23 16:17:53,946 - INFO - Arme inseree [OK] : Odin
2026-05-23 16:17:53,947 - INFO - Armure deja existante [INFO] : Heavy Armor
2026-05-23 16:17:53,948 - INFO - Arme deja existante [INFO] : Vandal
2026-05-23 16:17:53,948 - INFO - Armure deja existante [INFO] : Heavy Armor
2026-05-23 16:17:53,949 - INFO - Arme deja existante [INFO] : Vandal
2026-05-23 16:17:53,949 - INFO - Armure deja existante [INFO] : Heavy Armor
2026-05-23 16:17:53,950 - INFO - Arme deja existante [INFO] : Vandal
2026-05-23 16:17:53,951 - INFO - Armure deja existante [INFO] : Heavy Armor
2026-05-23 16:17:53,952 - INFO - Arme deja existante [INFO] : Vandal
2026-05-23 16:17:53,952 - INFO - Armure deja existante [INFO] : Regen Shield
2026-05-23 16:17:53,953 - INFO - Round inseree [OK] : 97
2026-05-23 16:17:53,953 - INFO - Arme deja existante [INFO] : Ghost
2026-05-23 16:17:53,954 - INFO - Armure deja existante [INFO] : None
2026-05-23 16:17:53,954 - INFO - Arme deja existante [INFO] : Ghost
2026-05-23 16:17:53,955 - INFO - Armure deja existante [INFO] : None
2026-05-23 16:17:53,956 - INFO - Arme deja existante [INFO] : Ghost
2026-05-23 16:17:53,956 - INFO - Armure deja existante [INFO] : None
2026-05-23 16:17:53,957 - INFO - Arme deja existante [INFO] : Ghost
2026-05-23 16:17:53,957 - INFO - Armure deja existante [INFO] : None
2026-05-23 16:17:53,958 - INFO - Arme deja existante [INFO] : Bandit
2026-05-23 16:17:53,958 - INFO - Armure deja existante [INFO] : None
2026-05-23 16:17:53,959 - INFO - Arme deja existante [INFO] : Ghost
2026-05-23 16:17:53,960 - INFO - Armure deja existante [INFO] : None
2026-05-23 16:17:53,960 - INFO - Arme deja existante [INFO] : Sheriff
2026-05-23 16:17:53,961 - INFO - Armure deja existante [INFO] : None
2026-05-23 16:17:53,961 - INFO - Arme deja existante [INFO] : Sheriff
2026-05-23 16:17:53,962 - INFO - Armure deja existante [INFO] : None
2026-05-23 16:17:53,963 - INFO - Arme deja existante [INFO] : Ghost
2026-05-23 16:17:53,963 - INFO - Armure deja existante [INFO] : None
2026-05-23 16:17:53,964 - INFO - Arme deja existante [INFO] : Classic
2026-05-23 16:17:53,964 - INFO - Armure deja existante [INFO] : None
2026-05-23 16:17:53,965 - INFO - Round inseree [OK] : 98
2026-05-23 16:17:53,965 - INFO - Arme deja existante [INFO] : Bandit
2026-05-23 16:17:53,966 - INFO - Armure deja existante [INFO] : None
2026-05-23 16:17:53,967 - INFO - Arme inseree [OK] : Spectre
2026-05-23 16:17:53,967 - INFO - Armure deja existante [INFO] : Heavy Armor
2026-05-23 16:17:53,968 - INFO - Arme deja existante [INFO] : Guardian
2026-05-23 16:17:53,968 - INFO - Armure deja existante [INFO] : Light Armor
2026-05-23 16:17:53,969 - INFO - Arme inseree [OK] : Bulldog
2026-05-23 16:17:53,970 - INFO - Armure deja existante [INFO] : Heavy Armor
2026-05-23 16:17:53,970 - INFO - Arme deja existante [INFO] : Spectre
2026-05-23 16:17:53,971 - INFO - Armure deja existante [INFO] : Regen Shield
2026-05-23 16:17:53,972 - INFO - Arme deja existante [INFO] : Classic
2026-05-23 16:17:53,972 - INFO - Armure deja existante [INFO] : None
2026-05-23 16:17:53,973 - INFO - Arme deja existante [INFO] : Classic
2026-05-23 16:17:53,973 - INFO - Armure deja existante [INFO] : None
2026-05-23 16:17:53,974 - INFO - Arme deja existante [INFO] : Ghost
2026-05-23 16:17:53,975 - INFO - Armure deja existante [INFO] : None
2026-05-23 16:17:53,975 - INFO - Arme deja existante [INFO] : Guardian
2026-05-23 16:17:53,976 - INFO - Armure deja existante [INFO] : Regen Shield
2026-05-23 16:17:53,977 - INFO - Arme deja existante [INFO] : Shorty
2026-05-23 16:17:53,977 - INFO - Armure deja existante [INFO] : Light Armor
2026-05-23 16:17:53,978 - INFO - Round inseree [OK] : 99
2026-05-23 16:17:53,978 - INFO - Arme deja existante [INFO] : Vandal
2026-05-23 16:17:53,979 - INFO - Armure deja existante [INFO] : Light Armor
2026-05-23 16:17:53,980 - INFO - Arme deja existante [INFO] : Bandit
2026-05-23 16:17:53,981 - INFO - Armure deja existante [INFO] : Regen Shield
2026-05-23 16:17:53,981 - INFO - Arme deja existante [INFO] : Guardian
2026-05-23 16:17:53,982 - INFO - Armure deja existante [INFO] : Heavy Armor
2026-05-23 16:17:53,983 - INFO - Arme deja existante [INFO] : Bulldog
2026-05-23 16:17:53,983 - INFO - Armure deja existante [INFO] : Heavy Armor
2026-05-23 16:17:53,984 - INFO - Arme deja existante [INFO] : Spectre
2026-05-23 16:17:53,985 - INFO - Armure deja existante [INFO] : Heavy Armor
2026-05-23 16:17:53,986 - INFO - Arme deja existante [INFO] : Vandal
2026-05-23 16:17:53,986 - INFO - Armure deja existante [INFO] : Regen Shield
2026-05-23 16:17:53,987 - INFO - Arme deja existante [INFO] : Vandal
2026-05-23 16:17:53,987 - INFO - Armure deja existante [INFO] : Heavy Armor
2026-05-23 16:17:53,988 - INFO - Arme deja existante [INFO] : Vandal
2026-05-23 16:17:53,988 - INFO - Armure deja existante [INFO] : Light Armor
2026-05-23 16:17:53,989 - INFO - Arme deja existante [INFO] : Guardian
2026-05-23 16:17:53,989 - INFO - Armure deja existante [INFO] : Regen Shield
2026-05-23 16:17:53,990 - INFO - Arme deja existante [INFO] : Bulldog
2026-05-23 16:17:53,990 - INFO - Armure deja existante [INFO] : Light Armor
2026-05-23 16:17:53,992 - INFO - Round inseree [OK] : 100
2026-05-23 16:17:53,992 - INFO - Arme deja existante [INFO] : Sheriff
2026-05-23 16:17:53,993 - INFO - Armure deja existante [INFO] : None
2026-05-23 16:17:53,994 - INFO - Arme deja existante [INFO] : Phantom
2026-05-23 16:17:53,994 - INFO - Armure deja existante [INFO] : Heavy Armor
2026-05-23 16:17:53,995 - INFO - Arme deja existante [INFO] : Vandal
2026-05-23 16:17:53,996 - INFO - Armure deja existante [INFO] : Heavy Armor
2026-05-23 16:17:53,997 - INFO - Arme deja existante [INFO] : Phantom
2026-05-23 16:17:53,997 - INFO - Armure deja existante [INFO] : Heavy Armor
2026-05-23 16:17:53,998 - INFO - Arme deja existante [INFO] : Vandal
2026-05-23 16:17:53,998 - INFO - Armure deja existante [INFO] : Heavy Armor
2026-05-23 16:17:53,999 - INFO - Arme deja existante [INFO] : Sheriff
2026-05-23 16:17:54,000 - INFO - Armure deja existante [INFO] : None
2026-05-23 16:17:54,001 - INFO - Arme deja existante [INFO] : Vandal
2026-05-23 16:17:54,001 - INFO - Armure deja existante [INFO] : Heavy Armor
2026-05-23 16:17:54,002 - INFO - Arme deja existante [INFO] : Vandal
2026-05-23 16:17:54,003 - INFO - Armure deja existante [INFO] : Heavy Armor
2026-05-23 16:17:54,004 - INFO - Arme deja existante [INFO] : Vandal
2026-05-23 16:17:54,004 - INFO - Armure deja existante [INFO] : Heavy Armor
2026-05-23 16:17:54,005 - INFO - Arme deja existante [INFO] : Vandal
2026-05-23 16:17:54,005 - INFO - Armure deja existante [INFO] : Regen Shield
2026-05-23 16:17:54,006 - INFO - Round inseree [OK] : 101
2026-05-23 16:17:54,007 - INFO - Arme deja existante [INFO] : Vandal
2026-05-23 16:17:54,007 - INFO - Armure deja existante [INFO] : Light Armor
2026-05-23 16:17:54,008 - INFO - Arme deja existante [INFO] : Phantom
2026-05-23 16:17:54,009 - INFO - Armure deja existante [INFO] : Heavy Armor
2026-05-23 16:17:54,010 - INFO - Arme deja existante [INFO] : Vandal
2026-05-23 16:17:54,010 - INFO - Armure deja existante [INFO] : Heavy Armor
2026-05-23 16:17:54,011 - INFO - Arme deja existante [INFO] : Phantom
2026-05-23 16:17:54,012 - INFO - Armure deja existante [INFO] : Heavy Armor
2026-05-23 16:17:54,013 - INFO - Arme deja existante [INFO] : Vandal
2026-05-23 16:17:54,014 - INFO - Armure deja existante [INFO] : Heavy Armor
2026-05-23 16:17:54,015 - INFO - Arme deja existante [INFO] : Phantom
2026-05-23 16:17:54,015 - INFO - Armure deja existante [INFO] : Heavy Armor
2026-05-23 16:17:54,016 - INFO - Arme deja existante [INFO] : Phantom
2026-05-23 16:17:54,017 - INFO - Armure deja existante [INFO] : Heavy Armor
2026-05-23 16:17:54,018 - INFO - Arme deja existante [INFO] : Vandal
2026-05-23 16:17:54,018 - INFO - Armure deja existante [INFO] : None
2026-05-23 16:17:54,019 - INFO - Arme deja existante [INFO] : Vandal
2026-05-23 16:17:54,020 - INFO - Armure deja existante [INFO] : Heavy Armor
2026-05-23 16:17:54,020 - INFO - Arme deja existante [INFO] : Shorty
2026-05-23 16:17:54,021 - INFO - Armure deja existante [INFO] : Light Armor
2026-05-23 16:17:54,022 - INFO - Round inseree [OK] : 102
2026-05-23 16:17:54,023 - INFO - Arme deja existante [INFO] : Sheriff
2026-05-23 16:17:54,023 - INFO - Armure deja existante [INFO] : Heavy Armor
2026-05-23 16:17:54,024 - INFO - Arme deja existante [INFO] : Phantom
2026-05-23 16:17:54,025 - INFO - Armure deja existante [INFO] : Heavy Armor
2026-05-23 16:17:54,025 - INFO - Arme deja existante [INFO] : Vandal
2026-05-23 16:17:54,026 - INFO - Armure deja existante [INFO] : Heavy Armor
2026-05-23 16:17:54,027 - INFO - Arme deja existante [INFO] : Phantom
2026-05-23 16:17:54,027 - INFO - Armure deja existante [INFO] : Heavy Armor
2026-05-23 16:17:54,028 - INFO - Arme deja existante [INFO] : Vandal
2026-05-23 16:17:54,029 - INFO - Armure deja existante [INFO] : Heavy Armor
2026-05-23 16:17:54,030 - INFO - Arme deja existante [INFO] : Sheriff
2026-05-23 16:17:54,030 - INFO - Armure deja existante [INFO] : Light Armor
2026-05-23 16:17:54,031 - INFO - Arme inseree [OK] : Bucky
2026-05-23 16:17:54,031 - INFO - Armure deja existante [INFO] : None
2026-05-23 16:17:54,032 - INFO - Arme deja existante [INFO] : Vandal
2026-05-23 16:17:54,032 - INFO - Armure deja existante [INFO] : Light Armor
2026-05-23 16:17:54,033 - INFO - Arme deja existante [INFO] : Vandal
2026-05-23 16:17:54,033 - INFO - Armure deja existante [INFO] : Heavy Armor
2026-05-23 16:17:54,034 - INFO - Arme deja existante [INFO] : Bulldog
2026-05-23 16:17:54,035 - INFO - Armure deja existante [INFO] : Light Armor
2026-05-23 16:17:54,036 - INFO - Round inseree [OK] : 103
2026-05-23 16:17:54,036 - INFO - Arme deja existante [INFO] : Vandal
2026-05-23 16:17:54,036 - INFO - Armure deja existante [INFO] : Light Armor
2026-05-23 16:17:54,037 - INFO - Arme deja existante [INFO] : Phantom
2026-05-23 16:17:54,038 - INFO - Armure deja existante [INFO] : Heavy Armor
2026-05-23 16:17:54,039 - INFO - Arme deja existante [INFO] : Vandal
2026-05-23 16:17:54,039 - INFO - Armure deja existante [INFO] : Heavy Armor
2026-05-23 16:17:54,040 - INFO - Arme deja existante [INFO] : Phantom
2026-05-23 16:17:54,040 - INFO - Armure deja existante [INFO] : Heavy Armor
2026-05-23 16:17:54,041 - INFO - Arme deja existante [INFO] : Vandal
2026-05-23 16:17:54,042 - INFO - Armure deja existante [INFO] : Heavy Armor
2026-05-23 16:17:54,042 - INFO - Arme deja existante [INFO] : Vandal
2026-05-23 16:17:54,043 - INFO - Armure deja existante [INFO] : Heavy Armor
2026-05-23 16:17:54,044 - INFO - Arme deja existante [INFO] : Vandal
2026-05-23 16:17:54,045 - INFO - Armure deja existante [INFO] : Heavy Armor
2026-05-23 16:17:54,046 - INFO - Arme deja existante [INFO] : Classic
2026-05-23 16:17:54,046 - INFO - Armure deja existante [INFO] : Heavy Armor
2026-05-23 16:17:54,047 - INFO - Arme deja existante [INFO] : Vandal
2026-05-23 16:17:54,048 - INFO - Armure deja existante [INFO] : Heavy Armor
2026-05-23 16:17:54,049 - INFO - Arme deja existante [INFO] : Vandal
2026-05-23 16:17:54,049 - INFO - Armure deja existante [INFO] : Light Armor
2026-05-23 16:17:54,050 - INFO - Round inseree [OK] : 104
2026-05-23 16:17:54,051 - INFO - Arme deja existante [INFO] : Phantom
2026-05-23 16:17:54,051 - INFO - Armure deja existante [INFO] : Light Armor
2026-05-23 16:17:54,052 - INFO - Arme deja existante [INFO] : Vandal
2026-05-23 16:17:54,052 - INFO - Armure deja existante [INFO] : Heavy Armor
2026-05-23 16:17:54,053 - INFO - Arme deja existante [INFO] : Vandal
2026-05-23 16:17:54,053 - INFO - Armure deja existante [INFO] : Heavy Armor
2026-05-23 16:17:54,054 - INFO - Arme deja existante [INFO] : Phantom
2026-05-23 16:17:54,054 - INFO - Armure deja existante [INFO] : Heavy Armor
2026-05-23 16:17:54,055 - INFO - Arme deja existante [INFO] : Vandal
2026-05-23 16:17:54,055 - INFO - Armure deja existante [INFO] : Regen Shield
2026-05-23 16:17:54,056 - INFO - Arme deja existante [INFO] : Guardian
2026-05-23 16:17:54,056 - INFO - Armure deja existante [INFO] : Regen Shield
2026-05-23 16:17:54,057 - INFO - Arme deja existante [INFO] : Vandal
2026-05-23 16:17:54,057 - INFO - Armure deja existante [INFO] : Heavy Armor
2026-05-23 16:17:54,058 - INFO - Arme deja existante [INFO] : Vandal
2026-05-23 16:17:54,058 - INFO - Armure deja existante [INFO] : Heavy Armor
2026-05-23 16:17:54,059 - INFO - Arme deja existante [INFO] : Vandal
2026-05-23 16:17:54,059 - INFO - Armure deja existante [INFO] : Heavy Armor
2026-05-23 16:17:54,060 - INFO - Arme deja existante [INFO] : Bulldog
2026-05-23 16:17:54,060 - INFO - Armure deja existante [INFO] : None
2026-05-23 16:17:54,061 - INFO - Round inseree [OK] : 105
2026-05-23 16:17:54,061 - INFO - Arme deja existante [INFO] : Vandal
2026-05-23 16:17:54,061 - INFO - Armure deja existante [INFO] : Light Armor
2026-05-23 16:17:54,062 - INFO - Arme deja existante [INFO] : Vandal
2026-05-23 16:17:54,063 - INFO - Armure deja existante [INFO] : Light Armor
2026-05-23 16:17:54,063 - INFO - Arme deja existante [INFO] : Guardian
2026-05-23 16:17:54,064 - INFO - Armure deja existante [INFO] : Light Armor
2026-05-23 16:17:54,064 - INFO - Arme deja existante [INFO] : Guardian
2026-05-23 16:17:54,065 - INFO - Armure deja existante [INFO] : Heavy Armor
2026-05-23 16:17:54,066 - INFO - Arme deja existante [INFO] : Spectre
2026-05-23 16:17:54,066 - INFO - Armure deja existante [INFO] : Regen Shield
2026-05-23 16:17:54,067 - INFO - Arme deja existante [INFO] : Guardian
2026-05-23 16:17:54,068 - INFO - Armure deja existante [INFO] : Regen Shield
2026-05-23 16:17:54,068 - INFO - Arme deja existante [INFO] : Operator
2026-05-23 16:17:54,069 - INFO - Armure deja existante [INFO] : Heavy Armor
2026-05-23 16:17:54,070 - INFO - Arme deja existante [INFO] : Vandal
2026-05-23 16:17:54,070 - INFO - Armure deja existante [INFO] : Heavy Armor
2026-05-23 16:17:54,071 - INFO - Arme deja existante [INFO] : Guardian
2026-05-23 16:17:54,072 - INFO - Armure deja existante [INFO] : Heavy Armor
2026-05-23 16:17:54,073 - INFO - Arme deja existante [INFO] : Vandal
2026-05-23 16:17:54,073 - INFO - Armure deja existante [INFO] : Heavy Armor
2026-05-23 16:17:54,075 - INFO - Round inseree [OK] : 106
2026-05-23 16:17:54,076 - INFO - Arme deja existante [INFO] : Vandal
2026-05-23 16:17:54,076 - INFO - Armure deja existante [INFO] : Heavy Armor
2026-05-23 16:17:54,077 - INFO - Arme deja existante [INFO] : Vandal
2026-05-23 16:17:54,078 - INFO - Armure deja existante [INFO] : Heavy Armor
2026-05-23 16:17:54,079 - INFO - Arme deja existante [INFO] : Vandal
2026-05-23 16:17:54,079 - INFO - Armure deja existante [INFO] : Heavy Armor
2026-05-23 16:17:54,080 - INFO - Arme deja existante [INFO] : Phantom
2026-05-23 16:17:54,081 - INFO - Armure deja existante [INFO] : Heavy Armor
2026-05-23 16:17:54,081 - INFO - Arme deja existante [INFO] : Vandal
2026-05-23 16:17:54,082 - INFO - Armure deja existante [INFO] : Regen Shield
2026-05-23 16:17:54,083 - INFO - Arme deja existante [INFO] : Vandal
2026-05-23 16:17:54,083 - INFO - Armure deja existante [INFO] : Heavy Armor
2026-05-23 16:17:54,084 - INFO - Arme deja existante [INFO] : Operator
2026-05-23 16:17:54,085 - INFO - Armure deja existante [INFO] : Heavy Armor
2026-05-23 16:17:54,086 - INFO - Arme deja existante [INFO] : Vandal
2026-05-23 16:17:54,086 - INFO - Armure deja existante [INFO] : Heavy Armor
2026-05-23 16:17:54,087 - INFO - Arme deja existante [INFO] : Vandal
2026-05-23 16:17:54,088 - INFO - Armure deja existante [INFO] : Heavy Armor
2026-05-23 16:17:54,089 - INFO - Arme deja existante [INFO] : Vandal
2026-05-23 16:17:54,089 - INFO - Armure deja existante [INFO] : Heavy Armor
2026-05-23 16:17:54,090 - INFO - Round inseree [OK] : 107
2026-05-23 16:17:54,090 - INFO - Arme deja existante [INFO] : Vandal
2026-05-23 16:17:54,091 - INFO - Armure deja existante [INFO] : Heavy Armor
2026-05-23 16:17:54,092 - INFO - Arme deja existante [INFO] : Spectre
2026-05-23 16:17:54,092 - INFO - Armure deja existante [INFO] : Light Armor
2026-05-23 16:17:54,093 - INFO - Arme deja existante [INFO] : Guardian
2026-05-23 16:17:54,094 - INFO - Armure deja existante [INFO] : Light Armor
2026-05-23 16:17:54,095 - INFO - Arme deja existante [INFO] : Spectre
2026-05-23 16:17:54,095 - INFO - Armure deja existante [INFO] : Light Armor
2026-05-23 16:17:54,096 - INFO - Arme inseree [OK] : Stinger
2026-05-23 16:17:54,096 - INFO - Armure deja existante [INFO] : Regen Shield
2026-05-23 16:17:54,097 - INFO - Arme deja existante [INFO] : Vandal
2026-05-23 16:17:54,098 - INFO - Armure deja existante [INFO] : Heavy Armor
2026-05-23 16:17:54,098 - INFO - Arme deja existante [INFO] : Vandal
2026-05-23 16:17:54,099 - INFO - Armure deja existante [INFO] : Heavy Armor
2026-05-23 16:17:54,100 - INFO - Arme deja existante [INFO] : Vandal
2026-05-23 16:17:54,100 - INFO - Armure deja existante [INFO] : Heavy Armor
2026-05-23 16:17:54,101 - INFO - Arme deja existante [INFO] : Outlaw
2026-05-23 16:17:54,101 - INFO - Armure deja existante [INFO] : None
2026-05-23 16:17:54,102 - INFO - Arme deja existante [INFO] : Vandal
2026-05-23 16:17:54,103 - INFO - Armure deja existante [INFO] : Heavy Armor
2026-05-23 16:17:54,104 - INFO - Round inseree [OK] : 108
2026-05-23 16:17:54,104 - INFO - Arme deja existante [INFO] : Vandal
2026-05-23 16:17:54,104 - INFO - Armure deja existante [INFO] : Heavy Armor
2026-05-23 16:17:54,105 - INFO - Arme deja existante [INFO] : Phantom
2026-05-23 16:17:54,106 - INFO - Armure deja existante [INFO] : Regen Shield
2026-05-23 16:17:54,107 - INFO - Arme deja existante [INFO] : Vandal
2026-05-23 16:17:54,107 - INFO - Armure deja existante [INFO] : Heavy Armor
2026-05-23 16:17:54,109 - INFO - Arme deja existante [INFO] : Phantom
2026-05-23 16:17:54,109 - INFO - Armure deja existante [INFO] : Heavy Armor
2026-05-23 16:17:54,111 - INFO - Arme deja existante [INFO] : Vandal
2026-05-23 16:17:54,111 - INFO - Armure deja existante [INFO] : Heavy Armor
2026-05-23 16:17:54,112 - INFO - Arme deja existante [INFO] : Odin
2026-05-23 16:17:54,113 - INFO - Armure deja existante [INFO] : Heavy Armor
2026-05-23 16:17:54,114 - INFO - Arme deja existante [INFO] : Vandal
2026-05-23 16:17:54,114 - INFO - Armure deja existante [INFO] : Heavy Armor
2026-05-23 16:17:54,115 - INFO - Arme deja existante [INFO] : Vandal
2026-05-23 16:17:54,115 - INFO - Armure deja existante [INFO] : Heavy Armor
2026-05-23 16:17:54,116 - INFO - Arme deja existante [INFO] : Vandal
2026-05-23 16:17:54,117 - INFO - Armure deja existante [INFO] : Heavy Armor
2026-05-23 16:17:54,118 - INFO - Arme deja existante [INFO] : Vandal
2026-05-23 16:17:54,118 - INFO - Armure deja existante [INFO] : Heavy Armor
2026-05-23 16:17:54,119 - INFO - Round inseree [OK] : 109
2026-05-23 16:17:54,120 - INFO - Arme deja existante [INFO] : Vandal
2026-05-23 16:17:54,120 - INFO - Armure deja existante [INFO] : Heavy Armor
2026-05-23 16:17:54,122 - INFO - Arme deja existante [INFO] : Phantom
2026-05-23 16:17:54,122 - INFO - Armure deja existante [INFO] : Heavy Armor
2026-05-23 16:17:54,123 - INFO - Arme deja existante [INFO] : Vandal
2026-05-23 16:17:54,123 - INFO - Armure deja existante [INFO] : Heavy Armor
2026-05-23 16:17:54,124 - INFO - Arme deja existante [INFO] : Phantom
2026-05-23 16:17:54,125 - INFO - Armure deja existante [INFO] : Heavy Armor
2026-05-23 16:17:54,126 - INFO - Arme deja existante [INFO] : Vandal
2026-05-23 16:17:54,126 - INFO - Armure deja existante [INFO] : Heavy Armor
2026-05-23 16:17:54,127 - INFO - Arme deja existante [INFO] : Vandal
2026-05-23 16:17:54,128 - INFO - Armure deja existante [INFO] : Heavy Armor
2026-05-23 16:17:54,129 - INFO - Arme deja existante [INFO] : Vandal
2026-05-23 16:17:54,129 - INFO - Armure deja existante [INFO] : Heavy Armor
2026-05-23 16:17:54,130 - INFO - Arme deja existante [INFO] : Vandal
2026-05-23 16:17:54,130 - INFO - Armure deja existante [INFO] : Heavy Armor
2026-05-23 16:17:54,131 - INFO - Arme deja existante [INFO] : Vandal
2026-05-23 16:17:54,131 - INFO - Armure deja existante [INFO] : Heavy Armor
2026-05-23 16:17:54,133 - INFO - Arme deja existante [INFO] : Vandal
2026-05-23 16:17:54,133 - INFO - Armure deja existante [INFO] : Heavy Armor
2026-05-23 16:17:54,134 - INFO - Round inseree [OK] : 110
2026-05-23 16:17:54,135 - INFO - Arme deja existante [INFO] : Vandal
2026-05-23 16:17:54,135 - INFO - Armure deja existante [INFO] : Heavy Armor
2026-05-23 16:17:54,136 - INFO - Arme deja existante [INFO] : Phantom
2026-05-23 16:17:54,137 - INFO - Armure deja existante [INFO] : Heavy Armor
2026-05-23 16:17:54,138 - INFO - Arme deja existante [INFO] : Vandal
2026-05-23 16:17:54,138 - INFO - Armure deja existante [INFO] : Heavy Armor
2026-05-23 16:17:54,139 - INFO - Arme deja existante [INFO] : Phantom
2026-05-23 16:17:54,139 - INFO - Armure deja existante [INFO] : Heavy Armor
2026-05-23 16:17:54,140 - INFO - Arme deja existante [INFO] : Phantom
2026-05-23 16:17:54,141 - INFO - Armure deja existante [INFO] : Heavy Armor
2026-05-23 16:17:54,141 - INFO - Arme deja existante [INFO] : Odin
2026-05-23 16:17:54,142 - INFO - Armure deja existante [INFO] : Heavy Armor
2026-05-23 16:17:54,143 - INFO - Arme deja existante [INFO] : Vandal
2026-05-23 16:17:54,143 - INFO - Armure deja existante [INFO] : Heavy Armor
2026-05-23 16:17:54,144 - INFO - Arme deja existante [INFO] : Vandal
2026-05-23 16:17:54,145 - INFO - Armure deja existante [INFO] : Heavy Armor
2026-05-23 16:17:54,146 - INFO - Arme deja existante [INFO] : Phantom
2026-05-23 16:17:54,146 - INFO - Armure deja existante [INFO] : Heavy Armor
2026-05-23 16:17:54,147 - INFO - Arme deja existante [INFO] : Vandal
2026-05-23 16:17:54,148 - INFO - Armure deja existante [INFO] : Heavy Armor
2026-05-23 16:17:54,148 - INFO - Carte deja existante [WARN] : Lotus
2026-05-23 16:17:54,149 - INFO - Match inseree [OK] : 1656dcee-e7c1-4d53-856f-8c5ae1a6359c
2026-05-23 16:17:54,151 - INFO - Joueur inseree [OK] : 48a82f6c-52cc-5803-b662-2fb6c7d936c0
2026-05-23 16:17:54,152 - INFO - Agent inseree [OK] : Neon
2026-05-23 16:17:54,152 - INFO - Compose inseree [OK] : ('48a82f6c-52cc-5803-b662-2fb6c7d936c0', 16, 71)
2026-05-23 16:17:54,153 - INFO - Joueur inseree [OK] : da3944a8-dcd5-599e-a1e7-5c9de9fb9bc0
2026-05-23 16:17:54,153 - INFO - Agent deja existant [WARN] : Reyna
2026-05-23 16:17:54,154 - INFO - Compose inseree [OK] : ('da3944a8-dcd5-599e-a1e7-5c9de9fb9bc0', 16, 62)
2026-05-23 16:17:54,155 - INFO - Joueur inseree [OK] : 76529659-6cd4-59b9-bd3e-a89af24f570c
2026-05-23 16:17:54,155 - INFO - Agent inseree [OK] : Raze
2026-05-23 16:17:54,156 - INFO - Compose inseree [OK] : ('76529659-6cd4-59b9-bd3e-a89af24f570c', 16, 73)
2026-05-23 16:17:54,156 - INFO - Joueur inseree [OK] : 35645155-288c-58e8-bfc2-b27067a9a560
2026-05-23 16:17:54,157 - INFO - Agent deja existant [WARN] : Omen
2026-05-23 16:17:54,158 - INFO - Compose inseree [OK] : ('35645155-288c-58e8-bfc2-b27067a9a560', 15, 70)
2026-05-23 16:17:54,158 - INFO - Joueur inseree [OK] : 022b53cb-e8a9-57d6-a4ae-3b0361a25bef
2026-05-23 16:17:54,159 - INFO - Agent deja existant [WARN] : Chamber
2026-05-23 16:17:54,159 - INFO - Compose inseree [OK] : ('022b53cb-e8a9-57d6-a4ae-3b0361a25bef', 15, 68)
2026-05-23 16:17:54,160 - INFO - Joueur inseree [OK] : 08993ff7-ffe1-58b9-b42c-b4e68b6ebd4e
2026-05-23 16:17:54,160 - INFO - Agent deja existant [WARN] : Killjoy
2026-05-23 16:17:54,161 - INFO - Compose inseree [OK] : ('08993ff7-ffe1-58b9-b42c-b4e68b6ebd4e', 15, 61)
2026-05-23 16:17:54,162 - INFO - Joueur inseree [OK] : 0c750fcd-aea3-55b1-844b-50e0a757c5bf
2026-05-23 16:17:54,162 - INFO - Agent deja existant [WARN] : Jett
2026-05-23 16:17:54,163 - INFO - Compose inseree [OK] : ('0c750fcd-aea3-55b1-844b-50e0a757c5bf', 16, 69)
2026-05-23 16:17:54,164 - INFO - Joueur inseree [OK] : 8c43069f-5c94-5068-acb7-7ee2997bad44
2026-05-23 16:17:54,164 - INFO - Agent deja existant [WARN] : Omen
2026-05-23 16:17:54,165 - INFO - Compose inseree [OK] : ('8c43069f-5c94-5068-acb7-7ee2997bad44', 16, 70)
2026-05-23 16:17:54,165 - INFO - Joueur inseree [OK] : 92171384-193c-5520-8a59-e1aed70986ce
2026-05-23 16:17:54,166 - INFO - Agent inseree [OK] : Yoru
2026-05-23 16:17:54,166 - INFO - Compose inseree [OK] : ('92171384-193c-5520-8a59-e1aed70986ce', 15, 79)
2026-05-23 16:17:54,167 - INFO - Joueur inseree [OK] : 12fb0f7a-d96a-5bce-90ab-2d25beab4c19
2026-05-23 16:17:54,167 - INFO - Agent deja existant [WARN] : Brimstone
2026-05-23 16:17:54,168 - INFO - Compose inseree [OK] : ('12fb0f7a-d96a-5bce-90ab-2d25beab4c19', 15, 65)
2026-05-23 16:17:54,168 - INFO - Round inseree [OK] : 111
2026-05-23 16:17:54,169 - INFO - Arme deja existante [INFO] : Ghost
2026-05-23 16:17:54,169 - INFO - Armure deja existante [INFO] : None
2026-05-23 16:17:54,170 - INFO - Arme deja existante [INFO] : Ghost
2026-05-23 16:17:54,171 - INFO - Armure deja existante [INFO] : None
2026-05-23 16:17:54,171 - INFO - Arme deja existante [INFO] : Sheriff
2026-05-23 16:17:54,172 - INFO - Armure deja existante [INFO] : None
2026-05-23 16:17:54,173 - INFO - Arme deja existante [INFO] : Classic
2026-05-23 16:17:54,173 - INFO - Armure deja existante [INFO] : None
2026-05-23 16:17:54,174 - INFO - Arme deja existante [INFO] : Sheriff
2026-05-23 16:17:54,174 - INFO - Armure deja existante [INFO] : None
2026-05-23 16:17:54,175 - INFO - Arme deja existante [INFO] : Ghost
2026-05-23 16:17:54,176 - INFO - Armure deja existante [INFO] : None
2026-05-23 16:17:54,177 - INFO - Arme deja existante [INFO] : Classic
2026-05-23 16:17:54,177 - INFO - Armure deja existante [INFO] : Light Armor
2026-05-23 16:17:54,178 - INFO - Arme deja existante [INFO] : Ghost
2026-05-23 16:17:54,178 - INFO - Armure deja existante [INFO] : None
2026-05-23 16:17:54,179 - INFO - Arme deja existante [INFO] : Ghost
2026-05-23 16:17:54,179 - INFO - Armure deja existante [INFO] : None
2026-05-23 16:17:54,180 - INFO - Arme deja existante [INFO] : Classic
2026-05-23 16:17:54,181 - INFO - Armure deja existante [INFO] : None
2026-05-23 16:17:54,181 - INFO - Round inseree [OK] : 112
2026-05-23 16:17:54,182 - INFO - Arme deja existante [INFO] : Ghost
2026-05-23 16:17:54,182 - INFO - Armure deja existante [INFO] : Light Armor
2026-05-23 16:17:54,183 - INFO - Arme deja existante [INFO] : Spectre
2026-05-23 16:17:54,184 - INFO - Armure deja existante [INFO] : Heavy Armor
2026-05-23 16:17:54,185 - INFO - Arme deja existante [INFO] : Classic
2026-05-23 16:17:54,185 - INFO - Armure deja existante [INFO] : None
2026-05-23 16:17:54,186 - INFO - Arme deja existante [INFO] : Guardian
2026-05-23 16:17:54,186 - INFO - Armure deja existante [INFO] : Heavy Armor
2026-05-23 16:17:54,187 - INFO - Arme deja existante [INFO] : Sheriff
2026-05-23 16:17:54,188 - INFO - Armure deja existante [INFO] : Heavy Armor
2026-05-23 16:17:54,189 - INFO - Arme deja existante [INFO] : Spectre
2026-05-23 16:17:54,189 - INFO - Armure deja existante [INFO] : Heavy Armor
2026-05-23 16:17:54,190 - INFO - Arme inseree [OK] : Judge
2026-05-23 16:17:54,190 - INFO - Armure deja existante [INFO] : Heavy Armor
2026-05-23 16:17:54,191 - INFO - Arme deja existante [INFO] : Classic
2026-05-23 16:17:54,191 - INFO - Armure deja existante [INFO] : None
2026-05-23 16:17:54,194 - ERROR - Erreur : null value in column "weapon_id" of relation "arme" violates not-null constraint
DETAIL:  Failing row contains (null, null, null).
, trace : Traceback (most recent call last):
  File "/home/dylanm/Insync/nalyd.irsnm@gmail.com/Google Drive/DrivePC/Loisirs/val-analytics-pipeline/src/insert_db.py", line 351, in insert_data
    insert_joue(cursor, party_info, teams_id)
    ~~~~~~~~~~~^^^^^^^^^^^^^^^^^^^^^^^^^^^^^^
  File "/home/dylanm/Insync/nalyd.irsnm@gmail.com/Google Drive/DrivePC/Loisirs/val-analytics-pipeline/src/insert_db.py", line 323, in insert_joue
    weapon_id = insert_arme(cursor, player_stat)
  File "/home/dylanm/Insync/nalyd.irsnm@gmail.com/Google Drive/DrivePC/Loisirs/val-analytics-pipeline/src/insert_db.py", line 255, in insert_arme
    cursor.execute("""
    ~~~~~~~~~~~~~~^^^^
        INSERT INTO Arme (weapon_id, weapon_name, asset_weapon)
        ^^^^^^^^^^^^^^^^^^^^^^^^^^^^^^^^^^^^^^^^^^^^^^^^^^^^^^^
            VALUES (%s, %s, %s)
            ^^^^^^^^^^^^^^^^^^^
            ON CONFLICT (weapon_id) DO NOTHING
            ^^^^^^^^^^^^^^^^^^^^^^^^^^^^^^^^^^
                   """, (weapon_id, weapon_name, asset_weapon))
                   ^^^^^^^^^^^^^^^^^^^^^^^^^^^^^^^^^^^^^^^^^^^^
psycopg2.errors.NotNullViolation: null value in column "weapon_id" of relation "arme" violates not-null constraint
DETAIL:  Failing row contains (null, null, null).


2026-05-23 16:25:04,324 - INFO - ====================================================================================================
2026-05-23 16:25:04,324 - INFO -    NOUVELLE CONNEXION VERS HENRIK API
2026-05-23 16:25:04,324 - INFO - ====================================================================================================
2026-05-23 16:25:04,325 - DEBUG - Starting new HTTPS connection (1): api.henrikdev.xyz:443
2026-05-23 16:25:04,449 - DEBUG - https://api.henrikdev.xyz:443 "GET /valorant/v1/account/little%20elephant/270 HTTP/1.1" 200 None
2026-05-23 16:25:04,450 - INFO - Connexion etablit [OK]
2026-05-23 16:25:04,453 - DEBUG - Starting new HTTPS connection (1): api.henrikdev.xyz:443
2026-05-23 16:25:04,752 - DEBUG - https://api.henrikdev.xyz:443 "GET /valorant/v3/by-puuid/matches/eu/08993ff7-ffe1-58b9-b42c-b4e68b6ebd4e HTTP/1.1" 200 None
2026-05-23 16:25:05,102 - INFO - Carte inseree [OK] : Lotus
2026-05-23 16:25:05,104 - INFO - Match inseree [OK] : 072f6866-df10-4093-90cb-72372e3ea976
2026-05-23 16:25:05,107 - INFO - Joueur inseree [OK] : f6b946ea-9feb-567d-891f-fe4602f01a35
2026-05-23 16:25:05,108 - INFO - Agent inseree [OK] : Killjoy
2026-05-23 16:25:05,109 - INFO - Compose inseree [OK] : ('f6b946ea-9feb-567d-891f-fe4602f01a35', 1, 1)
2026-05-23 16:25:05,110 - INFO - Joueur inseree [OK] : 7529aba0-8e0d-58a8-9f3a-426e51bae4b3
2026-05-23 16:25:05,110 - INFO - Agent inseree [OK] : Reyna
2026-05-23 16:25:05,111 - INFO - Compose inseree [OK] : ('7529aba0-8e0d-58a8-9f3a-426e51bae4b3', 1, 2)
2026-05-23 16:25:05,111 - INFO - Joueur inseree [OK] : 08993ff7-ffe1-58b9-b42c-b4e68b6ebd4e
2026-05-23 16:25:05,112 - INFO - Agent inseree [OK] : Skye
2026-05-23 16:25:05,112 - INFO - Compose inseree [OK] : ('08993ff7-ffe1-58b9-b42c-b4e68b6ebd4e', 1, 3)
2026-05-23 16:25:05,113 - INFO - Joueur inseree [OK] : d4e5b836-81ef-540e-95d6-588e232c914d
2026-05-23 16:25:05,113 - INFO - Agent deja existant [WARN] : Reyna
2026-05-23 16:25:05,115 - INFO - Compose inseree [OK] : ('d4e5b836-81ef-540e-95d6-588e232c914d', 2, 2)
2026-05-23 16:25:05,115 - INFO - Joueur inseree [OK] : 3325632b-5375-53cf-b73f-dccbd8407f87
2026-05-23 16:25:05,115 - INFO - Agent inseree [OK] : Brimstone
2026-05-23 16:25:05,116 - INFO - Compose inseree [OK] : ('3325632b-5375-53cf-b73f-dccbd8407f87', 2, 5)
2026-05-23 16:25:05,116 - INFO - Joueur inseree [OK] : 659b9a5a-e0dc-5c9a-9425-597af59e3874
2026-05-23 16:25:05,117 - INFO - Agent inseree [OK] : Breach
2026-05-23 16:25:05,117 - INFO - Compose inseree [OK] : ('659b9a5a-e0dc-5c9a-9425-597af59e3874', 2, 6)
2026-05-23 16:25:05,118 - INFO - Joueur inseree [OK] : 12fb0f7a-d96a-5bce-90ab-2d25beab4c19
2026-05-23 16:25:05,118 - INFO - Agent inseree [OK] : Phoenix
2026-05-23 16:25:05,119 - INFO - Compose inseree [OK] : ('12fb0f7a-d96a-5bce-90ab-2d25beab4c19', 1, 7)
2026-05-23 16:25:05,119 - INFO - Joueur inseree [OK] : 87c1de8d-8365-51cf-bf54-3fbc660f55f7
2026-05-23 16:25:05,120 - INFO - Agent inseree [OK] : Chamber
2026-05-23 16:25:05,120 - INFO - Compose inseree [OK] : ('87c1de8d-8365-51cf-bf54-3fbc660f55f7', 2, 8)
2026-05-23 16:25:05,120 - INFO - Joueur inseree [OK] : db39dbed-c654-56b8-ad47-d43aec229f7c
2026-05-23 16:25:05,121 - INFO - Agent inseree [OK] : Jett
2026-05-23 16:25:05,121 - INFO - Compose inseree [OK] : ('db39dbed-c654-56b8-ad47-d43aec229f7c', 2, 9)
2026-05-23 16:25:05,122 - INFO - Joueur inseree [OK] : 8ae6755d-fba8-5e54-ac45-c4c86dd6fd69
2026-05-23 16:25:05,122 - INFO - Agent inseree [OK] : Omen
2026-05-23 16:25:05,123 - INFO - Compose inseree [OK] : ('8ae6755d-fba8-5e54-ac45-c4c86dd6fd69', 1, 10)
2026-05-23 16:25:05,124 - INFO - Round inseree [OK] : 1
2026-05-23 16:25:05,125 - INFO - Arme inseree [OK] : Ghost
2026-05-23 16:25:05,125 - INFO - Armure inseree [OK] : None
2026-05-23 16:25:05,127 - INFO - Arme deja existante [INFO] : Ghost
2026-05-23 16:25:05,127 - INFO - Armure deja existante [INFO] : None
2026-05-23 16:25:05,128 - INFO - Arme deja existante [INFO] : Ghost
2026-05-23 16:25:05,129 - INFO - Armure deja existante [INFO] : None
2026-05-23 16:25:05,129 - INFO - Arme deja existante [INFO] : Ghost
2026-05-23 16:25:05,130 - INFO - Armure deja existante [INFO] : None
2026-05-23 16:25:05,131 - INFO - Arme inseree [OK] : Classic
2026-05-23 16:25:05,131 - INFO - Armure deja existante [INFO] : None
2026-05-23 16:25:05,132 - INFO - Arme deja existante [INFO] : Ghost
2026-05-23 16:25:05,132 - INFO - Armure deja existante [INFO] : None
2026-05-23 16:25:05,133 - INFO - Arme inseree [OK] : Sheriff
2026-05-23 16:25:05,134 - INFO - Armure deja existante [INFO] : None
2026-05-23 16:25:05,135 - INFO - Arme deja existante [INFO] : Sheriff
2026-05-23 16:25:05,135 - INFO - Armure deja existante [INFO] : None
2026-05-23 16:25:05,136 - INFO - Arme deja existante [INFO] : Ghost
2026-05-23 16:25:05,136 - INFO - Armure deja existante [INFO] : None
2026-05-23 16:25:05,137 - INFO - Arme deja existante [INFO] : Classic
2026-05-23 16:25:05,138 - INFO - Armure deja existante [INFO] : None
2026-05-23 16:25:05,139 - INFO - Round inseree [OK] : 2
2026-05-23 16:25:05,139 - INFO - Arme inseree [OK] : Phantom
2026-05-23 16:25:05,140 - INFO - Armure inseree [OK] : Light Armor
2026-05-23 16:25:05,140 - INFO - Arme inseree [OK] : Shorty
2026-05-23 16:25:05,141 - INFO - Armure deja existante [INFO] : None
2026-05-23 16:25:05,142 - INFO - Arme deja existante [INFO] : Ghost
2026-05-23 16:25:05,142 - INFO - Armure deja existante [INFO] : None
2026-05-23 16:25:05,143 - INFO - Arme deja existante [INFO] : Classic
2026-05-23 16:25:05,143 - INFO - Armure deja existante [INFO] : None
2026-05-23 16:25:05,144 - INFO - Arme deja existante [INFO] : Classic
2026-05-23 16:25:05,145 - INFO - Armure deja existante [INFO] : None
2026-05-23 16:25:05,145 - INFO - Arme inseree [OK] : Outlaw
2026-05-23 16:25:05,146 - INFO - Armure inseree [OK] : Regen Shield
2026-05-23 16:25:05,146 - INFO - Arme deja existante [INFO] : Outlaw
2026-05-23 16:25:05,146 - INFO - Armure deja existante [INFO] : Light Armor
2026-05-23 16:25:05,147 - INFO - Arme deja existante [INFO] : Ghost
2026-05-23 16:25:05,148 - INFO - Armure deja existante [INFO] : Light Armor
2026-05-23 16:25:05,148 - INFO - Arme deja existante [INFO] : Classic
2026-05-23 16:25:05,149 - INFO - Armure deja existante [INFO] : None
2026-05-23 16:25:05,149 - INFO - Arme inseree [OK] : Vandal
2026-05-23 16:25:05,150 - INFO - Armure deja existante [INFO] : Light Armor
2026-05-23 16:25:05,151 - INFO - Round inseree [OK] : 3
2026-05-23 16:25:05,151 - INFO - Arme inseree [OK] : Bandit
2026-05-23 16:25:05,152 - INFO - Armure deja existante [INFO] : Light Armor
2026-05-23 16:25:05,152 - INFO - Arme deja existante [INFO] : Vandal
2026-05-23 16:25:05,153 - INFO - Armure inseree [OK] : Heavy Armor
2026-05-23 16:25:05,154 - INFO - Arme deja existante [INFO] : Outlaw
2026-05-23 16:25:05,154 - INFO - Armure deja existante [INFO] : Heavy Armor
2026-05-23 16:25:05,155 - INFO - Arme deja existante [INFO] : Phantom
2026-05-23 16:25:05,155 - INFO - Armure deja existante [INFO] : Heavy Armor
2026-05-23 16:25:05,156 - INFO - Arme deja existante [INFO] : Vandal
2026-05-23 16:25:05,156 - INFO - Armure deja existante [INFO] : Heavy Armor
2026-05-23 16:25:05,157 - INFO - Arme deja existante [INFO] : Classic
2026-05-23 16:25:05,157 - INFO - Armure deja existante [INFO] : None
2026-05-23 16:25:05,158 - INFO - Arme deja existante [INFO] : Classic
2026-05-23 16:25:05,159 - INFO - Armure deja existante [INFO] : None
2026-05-23 16:25:05,159 - INFO - Arme deja existante [INFO] : Vandal
2026-05-23 16:25:05,160 - INFO - Armure deja existante [INFO] : Heavy Armor
2026-05-23 16:25:05,161 - INFO - Arme deja existante [INFO] : Outlaw
2026-05-23 16:25:05,161 - INFO - Armure deja existante [INFO] : Heavy Armor
2026-05-23 16:25:05,162 - INFO - Arme deja existante [INFO] : Classic
2026-05-23 16:25:05,162 - INFO - Armure deja existante [INFO] : Light Armor
2026-05-23 16:25:05,163 - INFO - Round inseree [OK] : 4
2026-05-23 16:25:05,163 - INFO - Arme deja existante [INFO] : Phantom
2026-05-23 16:25:05,164 - INFO - Armure deja existante [INFO] : Heavy Armor
2026-05-23 16:25:05,164 - INFO - Arme deja existante [INFO] : Classic
2026-05-23 16:25:05,165 - INFO - Armure deja existante [INFO] : None
2026-05-23 16:25:05,166 - INFO - Arme inseree [OK] : Guardian
2026-05-23 16:25:05,166 - INFO - Armure deja existante [INFO] : Light Armor
2026-05-23 16:25:05,167 - INFO - Arme deja existante [INFO] : Sheriff
2026-05-23 16:25:05,167 - INFO - Armure deja existante [INFO] : None
2026-05-23 16:25:05,168 - INFO - Arme deja existante [INFO] : Ghost
2026-05-23 16:25:05,168 - INFO - Armure deja existante [INFO] : None
2026-05-23 16:25:05,169 - INFO - Arme deja existante [INFO] : Phantom
2026-05-23 16:25:05,169 - INFO - Armure deja existante [INFO] : Heavy Armor
2026-05-23 16:25:05,170 - INFO - Arme deja existante [INFO] : Outlaw
2026-05-23 16:25:05,170 - INFO - Armure deja existante [INFO] : Heavy Armor
2026-05-23 16:25:05,171 - INFO - Arme deja existante [INFO] : Vandal
2026-05-23 16:25:05,172 - INFO - Armure deja existante [INFO] : Heavy Armor
2026-05-23 16:25:05,172 - INFO - Arme deja existante [INFO] : Ghost
2026-05-23 16:25:05,173 - INFO - Armure deja existante [INFO] : Light Armor
2026-05-23 16:25:05,173 - INFO - Arme deja existante [INFO] : Vandal
2026-05-23 16:25:05,174 - INFO - Armure deja existante [INFO] : Heavy Armor
2026-05-23 16:25:05,175 - INFO - Round inseree [OK] : 5
2026-05-23 16:25:05,175 - INFO - Arme deja existante [INFO] : Bandit
2026-05-23 16:25:05,175 - INFO - Armure deja existante [INFO] : Light Armor
2026-05-23 16:25:05,176 - INFO - Arme deja existante [INFO] : Vandal
2026-05-23 16:25:05,176 - INFO - Armure deja existante [INFO] : Heavy Armor
2026-05-23 16:25:05,177 - INFO - Arme deja existante [INFO] : Phantom
2026-05-23 16:25:05,177 - INFO - Armure deja existante [INFO] : Heavy Armor
2026-05-23 16:25:05,178 - INFO - Arme deja existante [INFO] : Phantom
2026-05-23 16:25:05,178 - INFO - Armure deja existante [INFO] : Heavy Armor
2026-05-23 16:25:05,179 - INFO - Arme deja existante [INFO] : Vandal
2026-05-23 16:25:05,179 - INFO - Armure deja existante [INFO] : Heavy Armor
2026-05-23 16:25:05,180 - INFO - Arme deja existante [INFO] : Vandal
2026-05-23 16:25:05,181 - INFO - Armure deja existante [INFO] : Heavy Armor
2026-05-23 16:25:05,181 - INFO - Arme deja existante [INFO] : Vandal
2026-05-23 16:25:05,182 - INFO - Armure deja existante [INFO] : Heavy Armor
2026-05-23 16:25:05,183 - INFO - Arme deja existante [INFO] : Vandal
2026-05-23 16:25:05,183 - INFO - Armure deja existante [INFO] : Heavy Armor
2026-05-23 16:25:05,184 - INFO - Arme deja existante [INFO] : Vandal
2026-05-23 16:25:05,184 - INFO - Armure deja existante [INFO] : Light Armor
2026-05-23 16:25:05,185 - INFO - Arme deja existante [INFO] : Shorty
2026-05-23 16:25:05,185 - INFO - Armure deja existante [INFO] : Light Armor
2026-05-23 16:25:05,186 - INFO - Round inseree [OK] : 6
2026-05-23 16:25:05,187 - INFO - Arme deja existante [INFO] : Phantom
2026-05-23 16:25:05,187 - INFO - Armure deja existante [INFO] : Light Armor
2026-05-23 16:25:05,188 - INFO - Arme deja existante [INFO] : Vandal
2026-05-23 16:25:05,188 - INFO - Armure deja existante [INFO] : Heavy Armor
2026-05-23 16:25:05,189 - INFO - Arme deja existante [INFO] : Vandal
2026-05-23 16:25:05,189 - INFO - Armure deja existante [INFO] : Heavy Armor
2026-05-23 16:25:05,190 - INFO - Arme deja existante [INFO] : Phantom
2026-05-23 16:25:05,190 - INFO - Armure deja existante [INFO] : Heavy Armor
2026-05-23 16:25:05,191 - INFO - Arme deja existante [INFO] : Vandal
2026-05-23 16:25:05,192 - INFO - Armure deja existante [INFO] : Heavy Armor
2026-05-23 16:25:05,192 - INFO - Arme deja existante [INFO] : Vandal
2026-05-23 16:25:05,193 - INFO - Armure deja existante [INFO] : Regen Shield
2026-05-23 16:25:05,194 - INFO - Arme deja existante [INFO] : Vandal
2026-05-23 16:25:05,194 - INFO - Armure deja existante [INFO] : Heavy Armor
2026-05-23 16:25:05,195 - INFO - Arme deja existante [INFO] : Vandal
2026-05-23 16:25:05,195 - INFO - Armure deja existante [INFO] : Light Armor
2026-05-23 16:25:05,196 - INFO - Arme deja existante [INFO] : Vandal
2026-05-23 16:25:05,196 - INFO - Armure deja existante [INFO] : Heavy Armor
2026-05-23 16:25:05,197 - INFO - Arme deja existante [INFO] : Vandal
2026-05-23 16:25:05,198 - INFO - Armure deja existante [INFO] : Heavy Armor
2026-05-23 16:25:05,199 - INFO - Round inseree [OK] : 7
2026-05-23 16:25:05,199 - INFO - Arme deja existante [INFO] : Sheriff
2026-05-23 16:25:05,200 - INFO - Armure deja existante [INFO] : Heavy Armor
2026-05-23 16:25:05,201 - INFO - Arme deja existante [INFO] : Vandal
2026-05-23 16:25:05,201 - INFO - Armure deja existante [INFO] : Heavy Armor
2026-05-23 16:25:05,202 - INFO - Arme deja existante [INFO] : Vandal
2026-05-23 16:25:05,203 - INFO - Armure deja existante [INFO] : Heavy Armor
2026-05-23 16:25:05,204 - INFO - Arme deja existante [INFO] : Phantom
2026-05-23 16:25:05,204 - INFO - Armure deja existante [INFO] : Heavy Armor
2026-05-23 16:25:05,205 - INFO - Arme deja existante [INFO] : Vandal
2026-05-23 16:25:05,206 - INFO - Armure deja existante [INFO] : Heavy Armor
2026-05-23 16:25:05,207 - INFO - Arme deja existante [INFO] : Guardian
2026-05-23 16:25:05,208 - INFO - Armure deja existante [INFO] : Regen Shield
2026-05-23 16:25:05,209 - INFO - Arme deja existante [INFO] : Classic
2026-05-23 16:25:05,209 - INFO - Armure deja existante [INFO] : Heavy Armor
2026-05-23 16:25:05,210 - INFO - Arme deja existante [INFO] : Sheriff
2026-05-23 16:25:05,210 - INFO - Armure deja existante [INFO] : Light Armor
2026-05-23 16:25:05,211 - INFO - Arme deja existante [INFO] : Vandal
2026-05-23 16:25:05,212 - INFO - Armure deja existante [INFO] : Heavy Armor
2026-05-23 16:25:05,213 - INFO - Arme deja existante [INFO] : Shorty
2026-05-23 16:25:05,213 - INFO - Armure deja existante [INFO] : Light Armor
2026-05-23 16:25:05,214 - INFO - Round inseree [OK] : 8
2026-05-23 16:25:05,214 - INFO - Arme deja existante [INFO] : Vandal
2026-05-23 16:25:05,215 - INFO - Armure deja existante [INFO] : Light Armor
2026-05-23 16:25:05,216 - INFO - Arme deja existante [INFO] : Vandal
2026-05-23 16:25:05,216 - INFO - Armure deja existante [INFO] : Heavy Armor
2026-05-23 16:25:05,217 - INFO - Arme deja existante [INFO] : Vandal
2026-05-23 16:25:05,217 - INFO - Armure deja existante [INFO] : Heavy Armor
2026-05-23 16:25:05,218 - INFO - Arme deja existante [INFO] : Phantom
2026-05-23 16:25:05,219 - INFO - Armure deja existante [INFO] : Heavy Armor
2026-05-23 16:25:05,219 - INFO - Arme deja existante [INFO] : Vandal
2026-05-23 16:25:05,220 - INFO - Armure deja existante [INFO] : Heavy Armor
2026-05-23 16:25:05,221 - INFO - Arme deja existante [INFO] : Classic
2026-05-23 16:25:05,221 - INFO - Armure deja existante [INFO] : Heavy Armor
2026-05-23 16:25:05,222 - INFO - Arme deja existante [INFO] : Vandal
2026-05-23 16:25:05,222 - INFO - Armure deja existante [INFO] : Heavy Armor
2026-05-23 16:25:05,223 - INFO - Arme deja existante [INFO] : Vandal
2026-05-23 16:25:05,224 - INFO - Armure deja existante [INFO] : Heavy Armor
2026-05-23 16:25:05,225 - INFO - Arme deja existante [INFO] : Vandal
2026-05-23 16:25:05,225 - INFO - Armure deja existante [INFO] : Heavy Armor
2026-05-23 16:25:05,226 - INFO - Arme deja existante [INFO] : Vandal
2026-05-23 16:25:05,226 - INFO - Armure deja existante [INFO] : Heavy Armor
2026-05-23 16:25:05,227 - INFO - Round inseree [OK] : 9
2026-05-23 16:25:05,228 - INFO - Arme deja existante [INFO] : Vandal
2026-05-23 16:25:05,228 - INFO - Armure deja existante [INFO] : Light Armor
2026-05-23 16:25:05,229 - INFO - Arme deja existante [INFO] : Vandal
2026-05-23 16:25:05,230 - INFO - Armure deja existante [INFO] : Heavy Armor
2026-05-23 16:25:05,230 - INFO - Arme deja existante [INFO] : Vandal
2026-05-23 16:25:05,231 - INFO - Armure deja existante [INFO] : Heavy Armor
2026-05-23 16:25:05,232 - INFO - Arme deja existante [INFO] : Phantom
2026-05-23 16:25:05,232 - INFO - Armure deja existante [INFO] : Heavy Armor
2026-05-23 16:25:05,233 - INFO - Arme deja existante [INFO] : Vandal
2026-05-23 16:25:05,233 - INFO - Armure deja existante [INFO] : Heavy Armor
2026-05-23 16:25:05,234 - INFO - Arme deja existante [INFO] : Vandal
2026-05-23 16:25:05,235 - INFO - Armure deja existante [INFO] : Heavy Armor
2026-05-23 16:25:05,235 - INFO - Arme deja existante [INFO] : Vandal
2026-05-23 16:25:05,236 - INFO - Armure deja existante [INFO] : Heavy Armor
2026-05-23 16:25:05,237 - INFO - Arme deja existante [INFO] : Vandal
2026-05-23 16:25:05,237 - INFO - Armure deja existante [INFO] : Light Armor
2026-05-23 16:25:05,238 - INFO - Arme deja existante [INFO] : Vandal
2026-05-23 16:25:05,238 - INFO - Armure deja existante [INFO] : Heavy Armor
2026-05-23 16:25:05,239 - INFO - Arme deja existante [INFO] : Vandal
2026-05-23 16:25:05,240 - INFO - Armure deja existante [INFO] : Heavy Armor
2026-05-23 16:25:05,241 - INFO - Round inseree [OK] : 10
2026-05-23 16:25:05,241 - INFO - Arme deja existante [INFO] : Guardian
2026-05-23 16:25:05,241 - INFO - Armure deja existante [INFO] : Light Armor
2026-05-23 16:25:05,242 - INFO - Arme deja existante [INFO] : Phantom
2026-05-23 16:25:05,242 - INFO - Armure deja existante [INFO] : Heavy Armor
2026-05-23 16:25:05,243 - INFO - Arme deja existante [INFO] : Vandal
2026-05-23 16:25:05,243 - INFO - Armure deja existante [INFO] : Heavy Armor
2026-05-23 16:25:05,244 - INFO - Arme deja existante [INFO] : Phantom
2026-05-23 16:25:05,244 - INFO - Armure deja existante [INFO] : Heavy Armor
2026-05-23 16:25:05,245 - INFO - Arme deja existante [INFO] : Vandal
2026-05-23 16:25:05,245 - INFO - Armure deja existante [INFO] : Heavy Armor
2026-05-23 16:25:05,246 - INFO - Arme deja existante [INFO] : Vandal
2026-05-23 16:25:05,246 - INFO - Armure deja existante [INFO] : Heavy Armor
2026-05-23 16:25:05,247 - INFO - Arme deja existante [INFO] : Vandal
2026-05-23 16:25:05,248 - INFO - Armure deja existante [INFO] : Heavy Armor
2026-05-23 16:25:05,248 - INFO - Arme deja existante [INFO] : Vandal
2026-05-23 16:25:05,249 - INFO - Armure deja existante [INFO] : Heavy Armor
2026-05-23 16:25:05,250 - INFO - Arme deja existante [INFO] : Vandal
2026-05-23 16:25:05,250 - INFO - Armure deja existante [INFO] : Heavy Armor
2026-05-23 16:25:05,251 - INFO - Arme deja existante [INFO] : Classic
2026-05-23 16:25:05,252 - INFO - Armure deja existante [INFO] : Regen Shield
2026-05-23 16:25:05,253 - INFO - Round inseree [OK] : 11
2026-05-23 16:25:05,253 - INFO - Arme inseree [OK] : Ares
2026-05-23 16:25:05,253 - INFO - Armure deja existante [INFO] : Light Armor
2026-05-23 16:25:05,254 - INFO - Arme deja existante [INFO] : Phantom
2026-05-23 16:25:05,255 - INFO - Armure deja existante [INFO] : Heavy Armor
2026-05-23 16:25:05,256 - INFO - Arme deja existante [INFO] : Vandal
2026-05-23 16:25:05,256 - INFO - Armure deja existante [INFO] : Heavy Armor
2026-05-23 16:25:05,257 - INFO - Arme deja existante [INFO] : Phantom
2026-05-23 16:25:05,258 - INFO - Armure deja existante [INFO] : Heavy Armor
2026-05-23 16:25:05,259 - INFO - Arme deja existante [INFO] : Vandal
2026-05-23 16:25:05,259 - INFO - Armure deja existante [INFO] : Heavy Armor
2026-05-23 16:25:05,260 - INFO - Arme deja existante [INFO] : Vandal
2026-05-23 16:25:05,261 - INFO - Armure deja existante [INFO] : Heavy Armor
2026-05-23 16:25:05,262 - INFO - Arme deja existante [INFO] : Classic
2026-05-23 16:25:05,262 - INFO - Armure deja existante [INFO] : Light Armor
2026-05-23 16:25:05,263 - INFO - Arme deja existante [INFO] : Vandal
2026-05-23 16:25:05,264 - INFO - Armure deja existante [INFO] : Heavy Armor
2026-05-23 16:25:05,264 - INFO - Arme deja existante [INFO] : Vandal
2026-05-23 16:25:05,265 - INFO - Armure deja existante [INFO] : Heavy Armor
2026-05-23 16:25:05,266 - INFO - Arme deja existante [INFO] : Vandal
2026-05-23 16:25:05,266 - INFO - Armure deja existante [INFO] : Heavy Armor
2026-05-23 16:25:05,267 - INFO - Round inseree [OK] : 12
2026-05-23 16:25:05,268 - INFO - Arme deja existante [INFO] : Ares
2026-05-23 16:25:05,268 - INFO - Armure deja existante [INFO] : Heavy Armor
2026-05-23 16:25:05,269 - INFO - Arme deja existante [INFO] : Phantom
2026-05-23 16:25:05,269 - INFO - Armure deja existante [INFO] : Heavy Armor
2026-05-23 16:25:05,270 - INFO - Arme deja existante [INFO] : Vandal
2026-05-23 16:25:05,271 - INFO - Armure deja existante [INFO] : Heavy Armor
2026-05-23 16:25:05,272 - INFO - Arme inseree [OK] : Operator
2026-05-23 16:25:05,272 - INFO - Armure deja existante [INFO] : Heavy Armor
2026-05-23 16:25:05,273 - INFO - Arme deja existante [INFO] : Vandal
2026-05-23 16:25:05,273 - INFO - Armure deja existante [INFO] : Heavy Armor
2026-05-23 16:25:05,274 - INFO - Arme inseree [OK] : Odin
2026-05-23 16:25:05,275 - INFO - Armure deja existante [INFO] : Heavy Armor
2026-05-23 16:25:05,275 - INFO - Arme deja existante [INFO] : Vandal
2026-05-23 16:25:05,276 - INFO - Armure deja existante [INFO] : Heavy Armor
2026-05-23 16:25:05,276 - INFO - Arme deja existante [INFO] : Vandal
2026-05-23 16:25:05,277 - INFO - Armure deja existante [INFO] : Heavy Armor
2026-05-23 16:25:05,278 - INFO - Arme deja existante [INFO] : Vandal
2026-05-23 16:25:05,278 - INFO - Armure deja existante [INFO] : Heavy Armor
2026-05-23 16:25:05,279 - INFO - Arme deja existante [INFO] : Vandal
2026-05-23 16:25:05,279 - INFO - Armure deja existante [INFO] : Regen Shield
2026-05-23 16:25:05,280 - INFO - Round inseree [OK] : 13
2026-05-23 16:25:05,281 - INFO - Arme deja existante [INFO] : Ghost
2026-05-23 16:25:05,281 - INFO - Armure deja existante [INFO] : None
2026-05-23 16:25:05,282 - INFO - Arme deja existante [INFO] : Ghost
2026-05-23 16:25:05,282 - INFO - Armure deja existante [INFO] : None
2026-05-23 16:25:05,283 - INFO - Arme deja existante [INFO] : Ghost
2026-05-23 16:25:05,283 - INFO - Armure deja existante [INFO] : None
2026-05-23 16:25:05,284 - INFO - Arme deja existante [INFO] : Ghost
2026-05-23 16:25:05,284 - INFO - Armure deja existante [INFO] : None
2026-05-23 16:25:05,285 - INFO - Arme deja existante [INFO] : Bandit
2026-05-23 16:25:05,286 - INFO - Armure deja existante [INFO] : None
2026-05-23 16:25:05,286 - INFO - Arme deja existante [INFO] : Ghost
2026-05-23 16:25:05,287 - INFO - Armure deja existante [INFO] : None
2026-05-23 16:25:05,288 - INFO - Arme deja existante [INFO] : Sheriff
2026-05-23 16:25:05,288 - INFO - Armure deja existante [INFO] : None
2026-05-23 16:25:05,289 - INFO - Arme deja existante [INFO] : Sheriff
2026-05-23 16:25:05,290 - INFO - Armure deja existante [INFO] : None
2026-05-23 16:25:05,291 - INFO - Arme deja existante [INFO] : Ghost
2026-05-23 16:25:05,291 - INFO - Armure deja existante [INFO] : None
2026-05-23 16:25:05,292 - INFO - Arme deja existante [INFO] : Classic
2026-05-23 16:25:05,292 - INFO - Armure deja existante [INFO] : None
2026-05-23 16:25:05,293 - INFO - Round inseree [OK] : 14
2026-05-23 16:25:05,294 - INFO - Arme deja existante [INFO] : Bandit
2026-05-23 16:25:05,294 - INFO - Armure deja existante [INFO] : None
2026-05-23 16:25:05,295 - INFO - Arme inseree [OK] : Spectre
2026-05-23 16:25:05,295 - INFO - Armure deja existante [INFO] : Heavy Armor
2026-05-23 16:25:05,296 - INFO - Arme deja existante [INFO] : Guardian
2026-05-23 16:25:05,296 - INFO - Armure deja existante [INFO] : Light Armor
2026-05-23 16:25:05,297 - INFO - Arme inseree [OK] : Bulldog
2026-05-23 16:25:05,297 - INFO - Armure deja existante [INFO] : Heavy Armor
2026-05-23 16:25:05,298 - INFO - Arme deja existante [INFO] : Spectre
2026-05-23 16:25:05,299 - INFO - Armure deja existante [INFO] : Regen Shield
2026-05-23 16:25:05,300 - INFO - Arme deja existante [INFO] : Classic
2026-05-23 16:25:05,300 - INFO - Armure deja existante [INFO] : None
2026-05-23 16:25:05,301 - INFO - Arme deja existante [INFO] : Classic
2026-05-23 16:25:05,301 - INFO - Armure deja existante [INFO] : None
2026-05-23 16:25:05,302 - INFO - Arme deja existante [INFO] : Ghost
2026-05-23 16:25:05,302 - INFO - Armure deja existante [INFO] : None
2026-05-23 16:25:05,303 - INFO - Arme deja existante [INFO] : Guardian
2026-05-23 16:25:05,304 - INFO - Armure deja existante [INFO] : Regen Shield
2026-05-23 16:25:05,305 - INFO - Arme deja existante [INFO] : Shorty
2026-05-23 16:25:05,305 - INFO - Armure deja existante [INFO] : Light Armor
2026-05-23 16:25:05,306 - INFO - Round inseree [OK] : 15
2026-05-23 16:25:05,307 - INFO - Arme deja existante [INFO] : Vandal
2026-05-23 16:25:05,307 - INFO - Armure deja existante [INFO] : Light Armor
2026-05-23 16:25:05,308 - INFO - Arme deja existante [INFO] : Bandit
2026-05-23 16:25:05,309 - INFO - Armure deja existante [INFO] : Regen Shield
2026-05-23 16:25:05,310 - INFO - Arme deja existante [INFO] : Guardian
2026-05-23 16:25:05,310 - INFO - Armure deja existante [INFO] : Heavy Armor
2026-05-23 16:25:05,311 - INFO - Arme deja existante [INFO] : Bulldog
2026-05-23 16:25:05,312 - INFO - Armure deja existante [INFO] : Heavy Armor
2026-05-23 16:25:05,313 - INFO - Arme deja existante [INFO] : Spectre
2026-05-23 16:25:05,313 - INFO - Armure deja existante [INFO] : Heavy Armor
2026-05-23 16:25:05,314 - INFO - Arme deja existante [INFO] : Vandal
2026-05-23 16:25:05,314 - INFO - Armure deja existante [INFO] : Regen Shield
2026-05-23 16:25:05,315 - INFO - Arme deja existante [INFO] : Vandal
2026-05-23 16:25:05,316 - INFO - Armure deja existante [INFO] : Heavy Armor
2026-05-23 16:25:05,316 - INFO - Arme deja existante [INFO] : Vandal
2026-05-23 16:25:05,317 - INFO - Armure deja existante [INFO] : Light Armor
2026-05-23 16:25:05,318 - INFO - Arme deja existante [INFO] : Guardian
2026-05-23 16:25:05,318 - INFO - Armure deja existante [INFO] : Regen Shield
2026-05-23 16:25:05,319 - INFO - Arme deja existante [INFO] : Bulldog
2026-05-23 16:25:05,320 - INFO - Armure deja existante [INFO] : Light Armor
2026-05-23 16:25:05,321 - INFO - Round inseree [OK] : 16
2026-05-23 16:25:05,321 - INFO - Arme deja existante [INFO] : Sheriff
2026-05-23 16:25:05,321 - INFO - Armure deja existante [INFO] : None
2026-05-23 16:25:05,322 - INFO - Arme deja existante [INFO] : Phantom
2026-05-23 16:25:05,323 - INFO - Armure deja existante [INFO] : Heavy Armor
2026-05-23 16:25:05,323 - INFO - Arme deja existante [INFO] : Vandal
2026-05-23 16:25:05,324 - INFO - Armure deja existante [INFO] : Heavy Armor
2026-05-23 16:25:05,325 - INFO - Arme deja existante [INFO] : Phantom
2026-05-23 16:25:05,325 - INFO - Armure deja existante [INFO] : Heavy Armor
2026-05-23 16:25:05,326 - INFO - Arme deja existante [INFO] : Vandal
2026-05-23 16:25:05,326 - INFO - Armure deja existante [INFO] : Heavy Armor
2026-05-23 16:25:05,327 - INFO - Arme deja existante [INFO] : Sheriff
2026-05-23 16:25:05,327 - INFO - Armure deja existante [INFO] : None
2026-05-23 16:25:05,328 - INFO - Arme deja existante [INFO] : Vandal
2026-05-23 16:25:05,328 - INFO - Armure deja existante [INFO] : Heavy Armor
2026-05-23 16:25:05,329 - INFO - Arme deja existante [INFO] : Vandal
2026-05-23 16:25:05,329 - INFO - Armure deja existante [INFO] : Heavy Armor
2026-05-23 16:25:05,330 - INFO - Arme deja existante [INFO] : Vandal
2026-05-23 16:25:05,331 - INFO - Armure deja existante [INFO] : Heavy Armor
2026-05-23 16:25:05,331 - INFO - Arme deja existante [INFO] : Vandal
2026-05-23 16:25:05,332 - INFO - Armure deja existante [INFO] : Regen Shield
2026-05-23 16:25:05,333 - INFO - Round inseree [OK] : 17
2026-05-23 16:25:05,333 - INFO - Arme deja existante [INFO] : Vandal
2026-05-23 16:25:05,333 - INFO - Armure deja existante [INFO] : Light Armor
2026-05-23 16:25:05,334 - INFO - Arme deja existante [INFO] : Phantom
2026-05-23 16:25:05,335 - INFO - Armure deja existante [INFO] : Heavy Armor
2026-05-23 16:25:05,336 - INFO - Arme deja existante [INFO] : Vandal
2026-05-23 16:25:05,336 - INFO - Armure deja existante [INFO] : Heavy Armor
2026-05-23 16:25:05,337 - INFO - Arme deja existante [INFO] : Phantom
2026-05-23 16:25:05,337 - INFO - Armure deja existante [INFO] : Heavy Armor
2026-05-23 16:25:05,338 - INFO - Arme deja existante [INFO] : Vandal
2026-05-23 16:25:05,339 - INFO - Armure deja existante [INFO] : Heavy Armor
2026-05-23 16:25:05,339 - INFO - Arme deja existante [INFO] : Phantom
2026-05-23 16:25:05,340 - INFO - Armure deja existante [INFO] : Heavy Armor
2026-05-23 16:25:05,341 - INFO - Arme deja existante [INFO] : Phantom
2026-05-23 16:25:05,341 - INFO - Armure deja existante [INFO] : Heavy Armor
2026-05-23 16:25:05,342 - INFO - Arme deja existante [INFO] : Vandal
2026-05-23 16:25:05,342 - INFO - Armure deja existante [INFO] : None
2026-05-23 16:25:05,344 - INFO - Arme deja existante [INFO] : Vandal
2026-05-23 16:25:05,344 - INFO - Armure deja existante [INFO] : Heavy Armor
2026-05-23 16:25:05,345 - INFO - Arme deja existante [INFO] : Shorty
2026-05-23 16:25:05,346 - INFO - Armure deja existante [INFO] : Light Armor
2026-05-23 16:25:05,347 - INFO - Round inseree [OK] : 18
2026-05-23 16:25:05,347 - INFO - Arme deja existante [INFO] : Sheriff
2026-05-23 16:25:05,348 - INFO - Armure deja existante [INFO] : Heavy Armor
2026-05-23 16:25:05,349 - INFO - Arme deja existante [INFO] : Phantom
2026-05-23 16:25:05,349 - INFO - Armure deja existante [INFO] : Heavy Armor
2026-05-23 16:25:05,350 - INFO - Arme deja existante [INFO] : Vandal
2026-05-23 16:25:05,350 - INFO - Armure deja existante [INFO] : Heavy Armor
2026-05-23 16:25:05,351 - INFO - Arme deja existante [INFO] : Phantom
2026-05-23 16:25:05,352 - INFO - Armure deja existante [INFO] : Heavy Armor
2026-05-23 16:25:05,353 - INFO - Arme deja existante [INFO] : Vandal
2026-05-23 16:25:05,353 - INFO - Armure deja existante [INFO] : Heavy Armor
2026-05-23 16:25:05,354 - INFO - Arme deja existante [INFO] : Sheriff
2026-05-23 16:25:05,354 - INFO - Armure deja existante [INFO] : Light Armor
2026-05-23 16:25:05,355 - INFO - Arme inseree [OK] : Bucky
2026-05-23 16:25:05,356 - INFO - Armure deja existante [INFO] : None
2026-05-23 16:25:05,357 - INFO - Arme deja existante [INFO] : Vandal
2026-05-23 16:25:05,357 - INFO - Armure deja existante [INFO] : Light Armor
2026-05-23 16:25:05,358 - INFO - Arme deja existante [INFO] : Vandal
2026-05-23 16:25:05,358 - INFO - Armure deja existante [INFO] : Heavy Armor
2026-05-23 16:25:05,359 - INFO - Arme deja existante [INFO] : Bulldog
2026-05-23 16:25:05,360 - INFO - Armure deja existante [INFO] : Light Armor
2026-05-23 16:25:05,361 - INFO - Round inseree [OK] : 19
2026-05-23 16:25:05,361 - INFO - Arme deja existante [INFO] : Vandal
2026-05-23 16:25:05,361 - INFO - Armure deja existante [INFO] : Light Armor
2026-05-23 16:25:05,362 - INFO - Arme deja existante [INFO] : Phantom
2026-05-23 16:25:05,363 - INFO - Armure deja existante [INFO] : Heavy Armor
2026-05-23 16:25:05,363 - INFO - Arme deja existante [INFO] : Vandal
2026-05-23 16:25:05,364 - INFO - Armure deja existante [INFO] : Heavy Armor
2026-05-23 16:25:05,365 - INFO - Arme deja existante [INFO] : Phantom
2026-05-23 16:25:05,365 - INFO - Armure deja existante [INFO] : Heavy Armor
2026-05-23 16:25:05,366 - INFO - Arme deja existante [INFO] : Vandal
2026-05-23 16:25:05,366 - INFO - Armure deja existante [INFO] : Heavy Armor
2026-05-23 16:25:05,367 - INFO - Arme deja existante [INFO] : Vandal
2026-05-23 16:25:05,367 - INFO - Armure deja existante [INFO] : Heavy Armor
2026-05-23 16:25:05,368 - INFO - Arme deja existante [INFO] : Vandal
2026-05-23 16:25:05,368 - INFO - Armure deja existante [INFO] : Heavy Armor
2026-05-23 16:25:05,369 - INFO - Arme deja existante [INFO] : Classic
2026-05-23 16:25:05,369 - INFO - Armure deja existante [INFO] : Heavy Armor
2026-05-23 16:25:05,370 - INFO - Arme deja existante [INFO] : Vandal
2026-05-23 16:25:05,370 - INFO - Armure deja existante [INFO] : Heavy Armor
2026-05-23 16:25:05,371 - INFO - Arme deja existante [INFO] : Vandal
2026-05-23 16:25:05,371 - INFO - Armure deja existante [INFO] : Light Armor
2026-05-23 16:25:05,372 - INFO - Round inseree [OK] : 20
2026-05-23 16:25:05,372 - INFO - Arme deja existante [INFO] : Phantom
2026-05-23 16:25:05,372 - INFO - Armure deja existante [INFO] : Light Armor
2026-05-23 16:25:05,373 - INFO - Arme deja existante [INFO] : Vandal
2026-05-23 16:25:05,374 - INFO - Armure deja existante [INFO] : Heavy Armor
2026-05-23 16:25:05,375 - INFO - Arme deja existante [INFO] : Vandal
2026-05-23 16:25:05,375 - INFO - Armure deja existante [INFO] : Heavy Armor
2026-05-23 16:25:05,376 - INFO - Arme deja existante [INFO] : Phantom
2026-05-23 16:25:05,376 - INFO - Armure deja existante [INFO] : Heavy Armor
2026-05-23 16:25:05,377 - INFO - Arme deja existante [INFO] : Vandal
2026-05-23 16:25:05,378 - INFO - Armure deja existante [INFO] : Regen Shield
2026-05-23 16:25:05,378 - INFO - Arme deja existante [INFO] : Guardian
2026-05-23 16:25:05,379 - INFO - Armure deja existante [INFO] : Regen Shield
2026-05-23 16:25:05,380 - INFO - Arme deja existante [INFO] : Vandal
2026-05-23 16:25:05,380 - INFO - Armure deja existante [INFO] : Heavy Armor
2026-05-23 16:25:05,381 - INFO - Arme deja existante [INFO] : Vandal
2026-05-23 16:25:05,382 - INFO - Armure deja existante [INFO] : Heavy Armor
2026-05-23 16:25:05,383 - INFO - Arme deja existante [INFO] : Vandal
2026-05-23 16:25:05,383 - INFO - Armure deja existante [INFO] : Heavy Armor
2026-05-23 16:25:05,384 - INFO - Arme deja existante [INFO] : Bulldog
2026-05-23 16:25:05,384 - INFO - Armure deja existante [INFO] : None
2026-05-23 16:25:05,385 - INFO - Round inseree [OK] : 21
2026-05-23 16:25:05,386 - INFO - Arme deja existante [INFO] : Vandal
2026-05-23 16:25:05,386 - INFO - Armure deja existante [INFO] : Light Armor
2026-05-23 16:25:05,386 - INFO - Arme deja existante [INFO] : Vandal
2026-05-23 16:25:05,387 - INFO - Armure deja existante [INFO] : Light Armor
2026-05-23 16:25:05,388 - INFO - Arme deja existante [INFO] : Guardian
2026-05-23 16:25:05,388 - INFO - Armure deja existante [INFO] : Light Armor
2026-05-23 16:25:05,389 - INFO - Arme deja existante [INFO] : Guardian
2026-05-23 16:25:05,389 - INFO - Armure deja existante [INFO] : Heavy Armor
2026-05-23 16:25:05,390 - INFO - Arme deja existante [INFO] : Spectre
2026-05-23 16:25:05,391 - INFO - Armure deja existante [INFO] : Regen Shield
2026-05-23 16:25:05,392 - INFO - Arme deja existante [INFO] : Guardian
2026-05-23 16:25:05,392 - INFO - Armure deja existante [INFO] : Regen Shield
2026-05-23 16:25:05,393 - INFO - Arme deja existante [INFO] : Operator
2026-05-23 16:25:05,393 - INFO - Armure deja existante [INFO] : Heavy Armor
2026-05-23 16:25:05,394 - INFO - Arme deja existante [INFO] : Vandal
2026-05-23 16:25:05,395 - INFO - Armure deja existante [INFO] : Heavy Armor
2026-05-23 16:25:05,396 - INFO - Arme deja existante [INFO] : Guardian
2026-05-23 16:25:05,396 - INFO - Armure deja existante [INFO] : Heavy Armor
2026-05-23 16:25:05,397 - INFO - Arme deja existante [INFO] : Vandal
2026-05-23 16:25:05,397 - INFO - Armure deja existante [INFO] : Heavy Armor
2026-05-23 16:25:05,398 - INFO - Round inseree [OK] : 22
2026-05-23 16:25:05,398 - INFO - Arme deja existante [INFO] : Vandal
2026-05-23 16:25:05,399 - INFO - Armure deja existante [INFO] : Heavy Armor
2026-05-23 16:25:05,400 - INFO - Arme deja existante [INFO] : Vandal
2026-05-23 16:25:05,400 - INFO - Armure deja existante [INFO] : Heavy Armor
2026-05-23 16:25:05,401 - INFO - Arme deja existante [INFO] : Vandal
2026-05-23 16:25:05,401 - INFO - Armure deja existante [INFO] : Heavy Armor
2026-05-23 16:25:05,402 - INFO - Arme deja existante [INFO] : Phantom
2026-05-23 16:25:05,403 - INFO - Armure deja existante [INFO] : Heavy Armor
2026-05-23 16:25:05,403 - INFO - Arme deja existante [INFO] : Vandal
2026-05-23 16:25:05,404 - INFO - Armure deja existante [INFO] : Regen Shield
2026-05-23 16:25:05,405 - INFO - Arme deja existante [INFO] : Vandal
2026-05-23 16:25:05,405 - INFO - Armure deja existante [INFO] : Heavy Armor
2026-05-23 16:25:05,406 - INFO - Arme deja existante [INFO] : Operator
2026-05-23 16:25:05,406 - INFO - Armure deja existante [INFO] : Heavy Armor
2026-05-23 16:25:05,407 - INFO - Arme deja existante [INFO] : Vandal
2026-05-23 16:25:05,407 - INFO - Armure deja existante [INFO] : Heavy Armor
2026-05-23 16:25:05,408 - INFO - Arme deja existante [INFO] : Vandal
2026-05-23 16:25:05,409 - INFO - Armure deja existante [INFO] : Heavy Armor
2026-05-23 16:25:05,409 - INFO - Arme deja existante [INFO] : Vandal
2026-05-23 16:25:05,410 - INFO - Armure deja existante [INFO] : Heavy Armor
2026-05-23 16:25:05,411 - INFO - Round inseree [OK] : 23
2026-05-23 16:25:05,411 - INFO - Arme deja existante [INFO] : Vandal
2026-05-23 16:25:05,412 - INFO - Armure deja existante [INFO] : Heavy Armor
2026-05-23 16:25:05,413 - INFO - Arme deja existante [INFO] : Spectre
2026-05-23 16:25:05,413 - INFO - Armure deja existante [INFO] : Light Armor
2026-05-23 16:25:05,414 - INFO - Arme deja existante [INFO] : Guardian
2026-05-23 16:25:05,414 - INFO - Armure deja existante [INFO] : Light Armor
2026-05-23 16:25:05,415 - INFO - Arme deja existante [INFO] : Spectre
2026-05-23 16:25:05,416 - INFO - Armure deja existante [INFO] : Light Armor
2026-05-23 16:25:05,416 - INFO - Arme inseree [OK] : Stinger
2026-05-23 16:25:05,417 - INFO - Armure deja existante [INFO] : Regen Shield
2026-05-23 16:25:05,417 - INFO - Arme deja existante [INFO] : Vandal
2026-05-23 16:25:05,418 - INFO - Armure deja existante [INFO] : Heavy Armor
2026-05-23 16:25:05,419 - INFO - Arme deja existante [INFO] : Vandal
2026-05-23 16:25:05,419 - INFO - Armure deja existante [INFO] : Heavy Armor
2026-05-23 16:25:05,420 - INFO - Arme deja existante [INFO] : Vandal
2026-05-23 16:25:05,421 - INFO - Armure deja existante [INFO] : Heavy Armor
2026-05-23 16:25:05,422 - INFO - Arme deja existante [INFO] : Outlaw
2026-05-23 16:25:05,422 - INFO - Armure deja existante [INFO] : None
2026-05-23 16:25:05,423 - INFO - Arme deja existante [INFO] : Vandal
2026-05-23 16:25:05,423 - INFO - Armure deja existante [INFO] : Heavy Armor
2026-05-23 16:25:05,424 - INFO - Round inseree [OK] : 24
2026-05-23 16:25:05,425 - INFO - Arme deja existante [INFO] : Vandal
2026-05-23 16:25:05,425 - INFO - Armure deja existante [INFO] : Heavy Armor
2026-05-23 16:25:05,426 - INFO - Arme deja existante [INFO] : Phantom
2026-05-23 16:25:05,427 - INFO - Armure deja existante [INFO] : Regen Shield
2026-05-23 16:25:05,428 - INFO - Arme deja existante [INFO] : Vandal
2026-05-23 16:25:05,429 - INFO - Armure deja existante [INFO] : Heavy Armor
2026-05-23 16:25:05,429 - INFO - Arme deja existante [INFO] : Phantom
2026-05-23 16:25:05,430 - INFO - Armure deja existante [INFO] : Heavy Armor
2026-05-23 16:25:05,431 - INFO - Arme deja existante [INFO] : Vandal
2026-05-23 16:25:05,431 - INFO - Armure deja existante [INFO] : Heavy Armor
2026-05-23 16:25:05,432 - INFO - Arme deja existante [INFO] : Odin
2026-05-23 16:25:05,433 - INFO - Armure deja existante [INFO] : Heavy Armor
2026-05-23 16:25:05,434 - INFO - Arme deja existante [INFO] : Vandal
2026-05-23 16:25:05,434 - INFO - Armure deja existante [INFO] : Heavy Armor
2026-05-23 16:25:05,435 - INFO - Arme deja existante [INFO] : Vandal
2026-05-23 16:25:05,436 - INFO - Armure deja existante [INFO] : Heavy Armor
2026-05-23 16:25:05,436 - INFO - Arme deja existante [INFO] : Vandal
2026-05-23 16:25:05,436 - INFO - Armure deja existante [INFO] : Heavy Armor
2026-05-23 16:25:05,437 - INFO - Arme deja existante [INFO] : Vandal
2026-05-23 16:25:05,437 - INFO - Armure deja existante [INFO] : Heavy Armor
2026-05-23 16:25:05,437 - INFO - Round inseree [OK] : 25
2026-05-23 16:25:05,438 - INFO - Arme deja existante [INFO] : Vandal
2026-05-23 16:25:05,438 - INFO - Armure deja existante [INFO] : Heavy Armor
2026-05-23 16:25:05,439 - INFO - Arme deja existante [INFO] : Phantom
2026-05-23 16:25:05,439 - INFO - Armure deja existante [INFO] : Heavy Armor
2026-05-23 16:25:05,440 - INFO - Arme deja existante [INFO] : Vandal
2026-05-23 16:25:05,441 - INFO - Armure deja existante [INFO] : Heavy Armor
2026-05-23 16:25:05,442 - INFO - Arme deja existante [INFO] : Phantom
2026-05-23 16:25:05,442 - INFO - Armure deja existante [INFO] : Heavy Armor
2026-05-23 16:25:05,443 - INFO - Arme deja existante [INFO] : Vandal
2026-05-23 16:25:05,443 - INFO - Armure deja existante [INFO] : Heavy Armor
2026-05-23 16:25:05,444 - INFO - Arme deja existante [INFO] : Vandal
2026-05-23 16:25:05,444 - INFO - Armure deja existante [INFO] : Heavy Armor
2026-05-23 16:25:05,445 - INFO - Arme deja existante [INFO] : Vandal
2026-05-23 16:25:05,446 - INFO - Armure deja existante [INFO] : Heavy Armor
2026-05-23 16:25:05,447 - INFO - Arme deja existante [INFO] : Vandal
2026-05-23 16:25:05,447 - INFO - Armure deja existante [INFO] : Heavy Armor
2026-05-23 16:25:05,448 - INFO - Arme deja existante [INFO] : Vandal
2026-05-23 16:25:05,448 - INFO - Armure deja existante [INFO] : Heavy Armor
2026-05-23 16:25:05,449 - INFO - Arme deja existante [INFO] : Vandal
2026-05-23 16:25:05,450 - INFO - Armure deja existante [INFO] : Heavy Armor
2026-05-23 16:25:05,451 - INFO - Round inseree [OK] : 26
2026-05-23 16:25:05,451 - INFO - Arme deja existante [INFO] : Vandal
2026-05-23 16:25:05,451 - INFO - Armure deja existante [INFO] : Heavy Armor
2026-05-23 16:25:05,452 - INFO - Arme deja existante [INFO] : Phantom
2026-05-23 16:25:05,452 - INFO - Armure deja existante [INFO] : Heavy Armor
2026-05-23 16:25:05,453 - INFO - Arme deja existante [INFO] : Vandal
2026-05-23 16:25:05,453 - INFO - Armure deja existante [INFO] : Heavy Armor
2026-05-23 16:25:05,454 - INFO - Arme deja existante [INFO] : Phantom
2026-05-23 16:25:05,454 - INFO - Armure deja existante [INFO] : Heavy Armor
2026-05-23 16:25:05,455 - INFO - Arme deja existante [INFO] : Phantom
2026-05-23 16:25:05,455 - INFO - Armure deja existante [INFO] : Heavy Armor
2026-05-23 16:25:05,456 - INFO - Arme deja existante [INFO] : Odin
2026-05-23 16:25:05,457 - INFO - Armure deja existante [INFO] : Heavy Armor
2026-05-23 16:25:05,457 - INFO - Arme deja existante [INFO] : Vandal
2026-05-23 16:25:05,458 - INFO - Armure deja existante [INFO] : Heavy Armor
2026-05-23 16:25:05,459 - INFO - Arme deja existante [INFO] : Vandal
2026-05-23 16:25:05,459 - INFO - Armure deja existante [INFO] : Heavy Armor
2026-05-23 16:25:05,460 - INFO - Arme deja existante [INFO] : Phantom
2026-05-23 16:25:05,461 - INFO - Armure deja existante [INFO] : Heavy Armor
2026-05-23 16:25:05,462 - INFO - Arme deja existante [INFO] : Vandal
2026-05-23 16:25:05,462 - INFO - Armure deja existante [INFO] : Heavy Armor
2026-05-23 16:25:05,463 - INFO - Carte deja existante [WARN] : Lotus
2026-05-23 16:25:05,464 - INFO - Match inseree [OK] : 1656dcee-e7c1-4d53-856f-8c5ae1a6359c
2026-05-23 16:25:05,466 - INFO - Joueur inseree [OK] : 48a82f6c-52cc-5803-b662-2fb6c7d936c0
2026-05-23 16:25:05,466 - INFO - Agent inseree [OK] : Neon
2026-05-23 16:25:05,467 - INFO - Compose inseree [OK] : ('48a82f6c-52cc-5803-b662-2fb6c7d936c0', 3, 11)
2026-05-23 16:25:05,467 - INFO - Joueur inseree [OK] : da3944a8-dcd5-599e-a1e7-5c9de9fb9bc0
2026-05-23 16:25:05,468 - INFO - Agent deja existant [WARN] : Reyna
2026-05-23 16:25:05,469 - INFO - Compose inseree [OK] : ('da3944a8-dcd5-599e-a1e7-5c9de9fb9bc0', 3, 2)
2026-05-23 16:25:05,469 - INFO - Joueur inseree [OK] : 76529659-6cd4-59b9-bd3e-a89af24f570c
2026-05-23 16:25:05,470 - INFO - Agent inseree [OK] : Raze
2026-05-23 16:25:05,470 - INFO - Compose inseree [OK] : ('76529659-6cd4-59b9-bd3e-a89af24f570c', 3, 13)
2026-05-23 16:25:05,471 - INFO - Joueur inseree [OK] : 35645155-288c-58e8-bfc2-b27067a9a560
2026-05-23 16:25:05,471 - INFO - Agent deja existant [WARN] : Omen
2026-05-23 16:25:05,472 - INFO - Compose inseree [OK] : ('35645155-288c-58e8-bfc2-b27067a9a560', 4, 10)
2026-05-23 16:25:05,472 - INFO - Joueur inseree [OK] : 022b53cb-e8a9-57d6-a4ae-3b0361a25bef
2026-05-23 16:25:05,472 - INFO - Agent deja existant [WARN] : Chamber
2026-05-23 16:25:05,473 - INFO - Compose inseree [OK] : ('022b53cb-e8a9-57d6-a4ae-3b0361a25bef', 4, 8)
2026-05-23 16:25:05,473 - INFO - Joueur inseree [OK] : 08993ff7-ffe1-58b9-b42c-b4e68b6ebd4e
2026-05-23 16:25:05,473 - INFO - Agent deja existant [WARN] : Killjoy
2026-05-23 16:25:05,474 - INFO - Compose inseree [OK] : ('08993ff7-ffe1-58b9-b42c-b4e68b6ebd4e', 4, 1)
2026-05-23 16:25:05,474 - INFO - Joueur inseree [OK] : 0c750fcd-aea3-55b1-844b-50e0a757c5bf
2026-05-23 16:25:05,474 - INFO - Agent deja existant [WARN] : Jett
2026-05-23 16:25:05,475 - INFO - Compose inseree [OK] : ('0c750fcd-aea3-55b1-844b-50e0a757c5bf', 3, 9)
2026-05-23 16:25:05,475 - INFO - Joueur inseree [OK] : 8c43069f-5c94-5068-acb7-7ee2997bad44
2026-05-23 16:25:05,475 - INFO - Agent deja existant [WARN] : Omen
2026-05-23 16:25:05,476 - INFO - Compose inseree [OK] : ('8c43069f-5c94-5068-acb7-7ee2997bad44', 3, 10)
2026-05-23 16:25:05,476 - INFO - Joueur inseree [OK] : 92171384-193c-5520-8a59-e1aed70986ce
2026-05-23 16:25:05,476 - INFO - Agent inseree [OK] : Yoru
2026-05-23 16:25:05,476 - INFO - Compose inseree [OK] : ('92171384-193c-5520-8a59-e1aed70986ce', 4, 19)
2026-05-23 16:25:05,476 - INFO - Joueur inseree [OK] : 12fb0f7a-d96a-5bce-90ab-2d25beab4c19
2026-05-23 16:25:05,477 - INFO - Agent deja existant [WARN] : Brimstone
2026-05-23 16:25:05,477 - INFO - Compose inseree [OK] : ('12fb0f7a-d96a-5bce-90ab-2d25beab4c19', 4, 5)
2026-05-23 16:25:05,477 - INFO - Round inseree [OK] : 27
2026-05-23 16:25:05,478 - INFO - Arme deja existante [INFO] : Ghost
2026-05-23 16:25:05,478 - INFO - Armure deja existante [INFO] : None
2026-05-23 16:25:05,478 - INFO - Arme deja existante [INFO] : Ghost
2026-05-23 16:25:05,478 - INFO - Armure deja existante [INFO] : None
2026-05-23 16:25:05,478 - INFO - Arme deja existante [INFO] : Sheriff
2026-05-23 16:25:05,479 - INFO - Armure deja existante [INFO] : None
2026-05-23 16:25:05,479 - INFO - Arme deja existante [INFO] : Classic
2026-05-23 16:25:05,480 - INFO - Armure deja existante [INFO] : None
2026-05-23 16:25:05,480 - INFO - Arme deja existante [INFO] : Sheriff
2026-05-23 16:25:05,480 - INFO - Armure deja existante [INFO] : None
2026-05-23 16:25:05,480 - INFO - Arme deja existante [INFO] : Ghost
2026-05-23 16:25:05,481 - INFO - Armure deja existante [INFO] : None
2026-05-23 16:25:05,481 - INFO - Arme deja existante [INFO] : Classic
2026-05-23 16:25:05,481 - INFO - Armure deja existante [INFO] : Light Armor
2026-05-23 16:25:05,482 - INFO - Arme deja existante [INFO] : Ghost
2026-05-23 16:25:05,482 - INFO - Armure deja existante [INFO] : None
2026-05-23 16:25:05,482 - INFO - Arme deja existante [INFO] : Ghost
2026-05-23 16:25:05,482 - INFO - Armure deja existante [INFO] : None
2026-05-23 16:25:05,482 - INFO - Arme deja existante [INFO] : Classic
2026-05-23 16:25:05,483 - INFO - Armure deja existante [INFO] : None
2026-05-23 16:25:05,483 - INFO - Round inseree [OK] : 28
2026-05-23 16:25:05,483 - INFO - Arme deja existante [INFO] : Ghost
2026-05-23 16:25:05,483 - INFO - Armure deja existante [INFO] : Light Armor
2026-05-23 16:25:05,484 - INFO - Arme deja existante [INFO] : Spectre
2026-05-23 16:25:05,484 - INFO - Armure deja existante [INFO] : Heavy Armor
2026-05-23 16:25:05,484 - INFO - Arme deja existante [INFO] : Classic
2026-05-23 16:25:05,484 - INFO - Armure deja existante [INFO] : None
2026-05-23 16:25:05,484 - INFO - Arme deja existante [INFO] : Guardian
2026-05-23 16:25:05,485 - INFO - Armure deja existante [INFO] : Heavy Armor
2026-05-23 16:25:05,485 - INFO - Arme deja existante [INFO] : Sheriff
2026-05-23 16:25:05,485 - INFO - Armure deja existante [INFO] : Heavy Armor
2026-05-23 16:25:05,485 - INFO - Arme deja existante [INFO] : Spectre
2026-05-23 16:25:05,485 - INFO - Armure deja existante [INFO] : Heavy Armor
2026-05-23 16:25:05,486 - INFO - Arme inseree [OK] : Judge
2026-05-23 16:25:05,486 - INFO - Armure deja existante [INFO] : Heavy Armor
2026-05-23 16:25:05,486 - INFO - Arme deja existante [INFO] : Classic
2026-05-23 16:25:05,486 - INFO - Armure deja existante [INFO] : None
2026-05-23 16:25:05,486 - INFO - Arme inseree [OK] : None
2026-05-23 16:25:05,487 - INFO - Armure deja existante [INFO] : None
2026-05-23 16:25:05,487 - INFO - Arme inseree [OK] : Marshal
2026-05-23 16:25:05,488 - INFO - Armure deja existante [INFO] : Light Armor
2026-05-23 16:25:05,489 - INFO - Round inseree [OK] : 29
2026-05-23 16:25:05,489 - INFO - Arme deja existante [INFO] : Ghost
2026-05-23 16:25:05,489 - INFO - Armure deja existante [INFO] : Light Armor
2026-05-23 16:25:05,490 - INFO - Arme deja existante [INFO] : Spectre
2026-05-23 16:25:05,490 - INFO - Armure deja existante [INFO] : Heavy Armor
2026-05-23 16:25:05,490 - INFO - Arme deja existante [INFO] : Sheriff
2026-05-23 16:25:05,490 - INFO - Armure deja existante [INFO] : Light Armor
2026-05-23 16:25:05,491 - INFO - Arme deja existante [INFO] : Guardian
2026-05-23 16:25:05,491 - INFO - Armure deja existante [INFO] : Heavy Armor
2026-05-23 16:25:05,492 - INFO - Arme deja existante [INFO] : Sheriff
2026-05-23 16:25:05,492 - INFO - Armure deja existante [INFO] : Light Armor
2026-05-23 16:25:05,492 - INFO - Arme deja existante [INFO] : Spectre
2026-05-23 16:25:05,493 - INFO - Armure deja existante [INFO] : Heavy Armor
2026-05-23 16:25:05,493 - INFO - Arme deja existante [INFO] : Judge
2026-05-23 16:25:05,493 - INFO - Armure deja existante [INFO] : Heavy Armor
2026-05-23 16:25:05,493 - INFO - Arme deja existante [INFO] : Vandal
2026-05-23 16:25:05,493 - INFO - Armure deja existante [INFO] : Heavy Armor
2026-05-23 16:25:05,494 - INFO - Arme deja existante [INFO] : Vandal
2026-05-23 16:25:05,494 - INFO - Armure deja existante [INFO] : Heavy Armor
2026-05-23 16:25:05,494 - INFO - Arme deja existante [INFO] : Vandal
2026-05-23 16:25:05,494 - INFO - Armure deja existante [INFO] : Heavy Armor
2026-05-23 16:25:05,495 - INFO - Round inseree [OK] : 30
2026-05-23 16:25:05,495 - INFO - Arme deja existante [INFO] : Vandal
2026-05-23 16:25:05,495 - INFO - Armure deja existante [INFO] : Heavy Armor
2026-05-23 16:25:05,496 - INFO - Arme deja existante [INFO] : Vandal
2026-05-23 16:25:05,496 - INFO - Armure deja existante [INFO] : None
2026-05-23 16:25:05,497 - INFO - Arme deja existante [INFO] : Vandal
2026-05-23 16:25:05,497 - INFO - Armure deja existante [INFO] : Heavy Armor
2026-05-23 16:25:05,497 - INFO - Arme deja existante [INFO] : Phantom
2026-05-23 16:25:05,497 - INFO - Armure deja existante [INFO] : Heavy Armor
2026-05-23 16:25:05,498 - INFO - Arme deja existante [INFO] : Vandal
2026-05-23 16:25:05,498 - INFO - Armure deja existante [INFO] : Heavy Armor
2026-05-23 16:25:05,499 - INFO - Arme deja existante [INFO] : Phantom
2026-05-23 16:25:05,499 - INFO - Armure deja existante [INFO] : Heavy Armor
2026-05-23 16:25:05,499 - INFO - Arme deja existante [INFO] : Vandal
2026-05-23 16:25:05,500 - INFO - Armure deja existante [INFO] : Heavy Armor
2026-05-23 16:25:05,500 - INFO - Arme deja existante [INFO] : Bucky
2026-05-23 16:25:05,500 - INFO - Armure deja existante [INFO] : Heavy Armor
2026-05-23 16:25:05,501 - INFO - Arme deja existante [INFO] : Sheriff
2026-05-23 16:25:05,501 - INFO - Armure deja existante [INFO] : Light Armor
2026-05-23 16:25:05,502 - INFO - Arme deja existante [INFO] : Classic
2026-05-23 16:25:05,502 - INFO - Armure deja existante [INFO] : None
2026-05-23 16:25:05,503 - INFO - Round inseree [OK] : 31
2026-05-23 16:25:05,504 - INFO - Arme deja existante [INFO] : Vandal
2026-05-23 16:25:05,504 - INFO - Armure deja existante [INFO] : Heavy Armor
2026-05-23 16:25:05,505 - INFO - Arme deja existante [INFO] : Phantom
2026-05-23 16:25:05,506 - INFO - Armure deja existante [INFO] : Heavy Armor
2026-05-23 16:25:05,506 - INFO - Arme deja existante [INFO] : Vandal
2026-05-23 16:25:05,507 - INFO - Armure deja existante [INFO] : Light Armor
2026-05-23 16:25:05,507 - INFO - Arme deja existante [INFO] : Phantom
2026-05-23 16:25:05,507 - INFO - Armure deja existante [INFO] : Heavy Armor
2026-05-23 16:25:05,508 - INFO - Arme deja existante [INFO] : Vandal
2026-05-23 16:25:05,509 - INFO - Armure deja existante [INFO] : Heavy Armor
2026-05-23 16:25:05,509 - INFO - Arme deja existante [INFO] : Spectre
2026-05-23 16:25:05,510 - INFO - Armure deja existante [INFO] : Light Armor
2026-05-23 16:25:05,512 - INFO - Arme deja existante [INFO] : Judge
2026-05-23 16:25:05,513 - INFO - Armure deja existante [INFO] : Heavy Armor
2026-05-23 16:25:05,514 - INFO - Arme deja existante [INFO] : Phantom
2026-05-23 16:25:05,515 - INFO - Armure deja existante [INFO] : Heavy Armor
2026-05-23 16:25:05,517 - INFO - Arme deja existante [INFO] : Vandal
2026-05-23 16:25:05,517 - INFO - Armure deja existante [INFO] : Heavy Armor
2026-05-23 16:25:05,518 - INFO - Arme deja existante [INFO] : None
2026-05-23 16:25:05,519 - INFO - Armure deja existante [INFO] : None
2026-05-23 16:25:05,520 - INFO - Round inseree [OK] : 32
2026-05-23 16:25:05,520 - INFO - Arme deja existante [INFO] : Vandal
2026-05-23 16:25:05,521 - INFO - Armure deja existante [INFO] : Heavy Armor
2026-05-23 16:25:05,523 - INFO - Arme deja existante [INFO] : Phantom
2026-05-23 16:25:05,523 - INFO - Armure deja existante [INFO] : Heavy Armor
2026-05-23 16:25:05,524 - INFO - Arme deja existante [INFO] : Vandal
2026-05-23 16:25:05,524 - INFO - Armure deja existante [INFO] : Light Armor
2026-05-23 16:25:05,525 - INFO - Arme deja existante [INFO] : Phantom
2026-05-23 16:25:05,525 - INFO - Armure deja existante [INFO] : Heavy Armor
2026-05-23 16:25:05,525 - INFO - Arme deja existante [INFO] : Sheriff
2026-05-23 16:25:05,525 - INFO - Armure deja existante [INFO] : Heavy Armor
2026-05-23 16:25:05,526 - INFO - Arme deja existante [INFO] : Vandal
2026-05-23 16:25:05,526 - INFO - Armure deja existante [INFO] : Light Armor
2026-05-23 16:25:05,527 - INFO - Arme deja existante [INFO] : Phantom
2026-05-23 16:25:05,528 - INFO - Armure deja existante [INFO] : Heavy Armor
2026-05-23 16:25:05,529 - INFO - Arme deja existante [INFO] : Phantom
2026-05-23 16:25:05,530 - INFO - Armure deja existante [INFO] : Heavy Armor
2026-05-23 16:25:05,531 - INFO - Arme deja existante [INFO] : Vandal
2026-05-23 16:25:05,532 - INFO - Armure deja existante [INFO] : Heavy Armor
2026-05-23 16:25:05,534 - INFO - Arme deja existante [INFO] : None
2026-05-23 16:25:05,535 - INFO - Armure deja existante [INFO] : None
2026-05-23 16:25:05,537 - INFO - Round inseree [OK] : 33
2026-05-23 16:25:05,538 - INFO - Arme deja existante [INFO] : Vandal
2026-05-23 16:25:05,539 - INFO - Armure deja existante [INFO] : Heavy Armor
2026-05-23 16:25:05,541 - INFO - Arme deja existante [INFO] : Phantom
2026-05-23 16:25:05,543 - INFO - Armure deja existante [INFO] : Heavy Armor
2026-05-23 16:25:05,545 - INFO - Arme deja existante [INFO] : Vandal
2026-05-23 16:25:05,546 - INFO - Armure deja existante [INFO] : Light Armor
2026-05-23 16:25:05,548 - INFO - Arme deja existante [INFO] : Phantom
2026-05-23 16:25:05,549 - INFO - Armure deja existante [INFO] : Heavy Armor
2026-05-23 16:25:05,551 - INFO - Arme deja existante [INFO] : Vandal
2026-05-23 16:25:05,551 - INFO - Armure deja existante [INFO] : Heavy Armor
2026-05-23 16:25:05,553 - INFO - Arme deja existante [INFO] : Vandal
2026-05-23 16:25:05,554 - INFO - Armure deja existante [INFO] : Heavy Armor
2026-05-23 16:25:05,555 - INFO - Arme deja existante [INFO] : Vandal
2026-05-23 16:25:05,556 - INFO - Armure deja existante [INFO] : Heavy Armor
2026-05-23 16:25:05,557 - INFO - Arme deja existante [INFO] : Vandal
2026-05-23 16:25:05,557 - INFO - Armure deja existante [INFO] : Heavy Armor
2026-05-23 16:25:05,558 - INFO - Arme deja existante [INFO] : Vandal
2026-05-23 16:25:05,558 - INFO - Armure deja existante [INFO] : Heavy Armor
2026-05-23 16:25:05,559 - INFO - Arme deja existante [INFO] : None
2026-05-23 16:25:05,559 - INFO - Armure deja existante [INFO] : None
2026-05-23 16:25:05,561 - INFO - Round inseree [OK] : 34
2026-05-23 16:25:05,561 - INFO - Arme deja existante [INFO] : Spectre
2026-05-23 16:25:05,562 - INFO - Armure deja existante [INFO] : Light Armor
2026-05-23 16:25:05,563 - INFO - Arme deja existante [INFO] : Phantom
2026-05-23 16:25:05,564 - INFO - Armure deja existante [INFO] : Heavy Armor
2026-05-23 16:25:05,565 - INFO - Arme deja existante [INFO] : Sheriff
2026-05-23 16:25:05,565 - INFO - Armure deja existante [INFO] : Light Armor
2026-05-23 16:25:05,566 - INFO - Arme deja existante [INFO] : Vandal
2026-05-23 16:25:05,567 - INFO - Armure deja existante [INFO] : Heavy Armor
2026-05-23 16:25:05,567 - INFO - Arme deja existante [INFO] : Sheriff
2026-05-23 16:25:05,568 - INFO - Armure deja existante [INFO] : Heavy Armor
2026-05-23 16:25:05,569 - INFO - Arme deja existante [INFO] : Phantom
2026-05-23 16:25:05,570 - INFO - Armure deja existante [INFO] : Heavy Armor
2026-05-23 16:25:05,571 - INFO - Arme deja existante [INFO] : Vandal
2026-05-23 16:25:05,571 - INFO - Armure deja existante [INFO] : Heavy Armor
2026-05-23 16:25:05,572 - INFO - Arme deja existante [INFO] : Sheriff
2026-05-23 16:25:05,573 - INFO - Armure deja existante [INFO] : Heavy Armor
2026-05-23 16:25:05,574 - INFO - Arme deja existante [INFO] : Sheriff
2026-05-23 16:25:05,574 - INFO - Armure deja existante [INFO] : Light Armor
2026-05-23 16:25:05,576 - INFO - Arme deja existante [INFO] : None
2026-05-23 16:25:05,576 - INFO - Armure deja existante [INFO] : None
2026-05-23 16:25:05,578 - INFO - Round inseree [OK] : 35
2026-05-23 16:25:05,578 - INFO - Arme deja existante [INFO] : Vandal
2026-05-23 16:25:05,579 - INFO - Armure deja existante [INFO] : Light Armor
2026-05-23 16:25:05,580 - INFO - Arme deja existante [INFO] : Phantom
2026-05-23 16:25:05,580 - INFO - Armure deja existante [INFO] : Heavy Armor
2026-05-23 16:25:05,581 - INFO - Arme deja existante [INFO] : Vandal
2026-05-23 16:25:05,582 - INFO - Armure deja existante [INFO] : Heavy Armor
2026-05-23 16:25:05,583 - INFO - Arme deja existante [INFO] : Phantom
2026-05-23 16:25:05,584 - INFO - Armure deja existante [INFO] : Heavy Armor
2026-05-23 16:25:05,585 - INFO - Arme deja existante [INFO] : Vandal
2026-05-23 16:25:05,585 - INFO - Armure deja existante [INFO] : Heavy Armor
2026-05-23 16:25:05,586 - INFO - Arme deja existante [INFO] : Vandal
2026-05-23 16:25:05,587 - INFO - Armure deja existante [INFO] : Heavy Armor
2026-05-23 16:25:05,587 - INFO - Arme deja existante [INFO] : Vandal
2026-05-23 16:25:05,588 - INFO - Armure deja existante [INFO] : Heavy Armor
2026-05-23 16:25:05,589 - INFO - Arme deja existante [INFO] : Vandal
2026-05-23 16:25:05,590 - INFO - Armure deja existante [INFO] : Heavy Armor
2026-05-23 16:25:05,591 - INFO - Arme deja existante [INFO] : Vandal
2026-05-23 16:25:05,591 - INFO - Armure deja existante [INFO] : Heavy Armor
2026-05-23 16:25:05,592 - INFO - Arme deja existante [INFO] : None
2026-05-23 16:25:05,593 - INFO - Armure deja existante [INFO] : None
2026-05-23 16:25:05,594 - INFO - Round inseree [OK] : 36
2026-05-23 16:25:05,595 - INFO - Arme deja existante [INFO] : Vandal
2026-05-23 16:25:05,595 - INFO - Armure deja existante [INFO] : Heavy Armor
2026-05-23 16:25:05,596 - INFO - Arme deja existante [INFO] : Phantom
2026-05-23 16:25:05,596 - INFO - Armure deja existante [INFO] : Heavy Armor
2026-05-23 16:25:05,597 - INFO - Arme deja existante [INFO] : Vandal
2026-05-23 16:25:05,597 - INFO - Armure deja existante [INFO] : Heavy Armor
2026-05-23 16:25:05,598 - INFO - Arme deja existante [INFO] : Phantom
2026-05-23 16:25:05,598 - INFO - Armure deja existante [INFO] : Heavy Armor
2026-05-23 16:25:05,600 - INFO - Arme deja existante [INFO] : Vandal
2026-05-23 16:25:05,600 - INFO - Armure deja existante [INFO] : Heavy Armor
2026-05-23 16:25:05,601 - INFO - Arme deja existante [INFO] : Vandal
2026-05-23 16:25:05,601 - INFO - Armure deja existante [INFO] : Heavy Armor
2026-05-23 16:25:05,602 - INFO - Arme deja existante [INFO] : Phantom
2026-05-23 16:25:05,602 - INFO - Armure deja existante [INFO] : Heavy Armor
2026-05-23 16:25:05,603 - INFO - Arme deja existante [INFO] : Vandal
2026-05-23 16:25:05,604 - INFO - Armure deja existante [INFO] : Heavy Armor
2026-05-23 16:25:05,605 - INFO - Arme deja existante [INFO] : Vandal
2026-05-23 16:25:05,605 - INFO - Armure deja existante [INFO] : Heavy Armor
2026-05-23 16:25:05,606 - INFO - Arme deja existante [INFO] : None
2026-05-23 16:25:05,606 - INFO - Armure deja existante [INFO] : None
2026-05-23 16:25:05,608 - INFO - Round inseree [OK] : 37
2026-05-23 16:25:05,608 - INFO - Arme deja existante [INFO] : Vandal
2026-05-23 16:25:05,608 - INFO - Armure deja existante [INFO] : Heavy Armor
2026-05-23 16:25:05,609 - INFO - Arme deja existante [INFO] : Vandal
2026-05-23 16:25:05,610 - INFO - Armure deja existante [INFO] : Heavy Armor
2026-05-23 16:25:05,611 - INFO - Arme deja existante [INFO] : Vandal
2026-05-23 16:25:05,611 - INFO - Armure deja existante [INFO] : Heavy Armor
2026-05-23 16:25:05,612 - INFO - Arme deja existante [INFO] : Phantom
2026-05-23 16:25:05,612 - INFO - Armure deja existante [INFO] : Heavy Armor
2026-05-23 16:25:05,613 - INFO - Arme deja existante [INFO] : Vandal
2026-05-23 16:25:05,614 - INFO - Armure deja existante [INFO] : Heavy Armor
2026-05-23 16:25:05,615 - INFO - Arme deja existante [INFO] : Vandal
2026-05-23 16:25:05,615 - INFO - Armure deja existante [INFO] : Heavy Armor
2026-05-23 16:25:05,616 - INFO - Arme deja existante [INFO] : Vandal
2026-05-23 16:25:05,616 - INFO - Armure deja existante [INFO] : Heavy Armor
2026-05-23 16:25:05,617 - INFO - Arme deja existante [INFO] : Vandal
2026-05-23 16:25:05,618 - INFO - Armure deja existante [INFO] : Heavy Armor
2026-05-23 16:25:05,619 - INFO - Arme deja existante [INFO] : Vandal
2026-05-23 16:25:05,619 - INFO - Armure deja existante [INFO] : Heavy Armor
2026-05-23 16:25:05,620 - INFO - Arme deja existante [INFO] : None
2026-05-23 16:25:05,620 - INFO - Armure deja existante [INFO] : None
2026-05-23 16:25:05,621 - INFO - Round inseree [OK] : 38
2026-05-23 16:25:05,621 - INFO - Arme deja existante [INFO] : Vandal
2026-05-23 16:25:05,622 - INFO - Armure deja existante [INFO] : Heavy Armor
2026-05-23 16:25:05,622 - INFO - Arme deja existante [INFO] : Phantom
2026-05-23 16:25:05,623 - INFO - Armure deja existante [INFO] : Heavy Armor
2026-05-23 16:25:05,624 - INFO - Arme deja existante [INFO] : Vandal
2026-05-23 16:25:05,624 - INFO - Armure deja existante [INFO] : Heavy Armor
2026-05-23 16:25:05,625 - INFO - Arme deja existante [INFO] : Phantom
2026-05-23 16:25:05,625 - INFO - Armure deja existante [INFO] : Heavy Armor
2026-05-23 16:25:05,626 - INFO - Arme deja existante [INFO] : Operator
2026-05-23 16:25:05,627 - INFO - Armure deja existante [INFO] : Heavy Armor
2026-05-23 16:25:05,627 - INFO - Arme deja existante [INFO] : Vandal
2026-05-23 16:25:05,628 - INFO - Armure deja existante [INFO] : Heavy Armor
2026-05-23 16:25:05,628 - INFO - Arme deja existante [INFO] : Phantom
2026-05-23 16:25:05,629 - INFO - Armure deja existante [INFO] : Heavy Armor
2026-05-23 16:25:05,629 - INFO - Arme deja existante [INFO] : Vandal
2026-05-23 16:25:05,630 - INFO - Armure deja existante [INFO] : Heavy Armor
2026-05-23 16:25:05,630 - INFO - Arme deja existante [INFO] : Vandal
2026-05-23 16:25:05,631 - INFO - Armure deja existante [INFO] : Heavy Armor
2026-05-23 16:25:05,631 - INFO - Arme deja existante [INFO] : None
2026-05-23 16:25:05,632 - INFO - Armure deja existante [INFO] : None
2026-05-23 16:25:05,633 - INFO - Round inseree [OK] : 39
2026-05-23 16:25:05,633 - INFO - Arme deja existante [INFO] : Ghost
2026-05-23 16:25:05,634 - INFO - Armure deja existante [INFO] : None
2026-05-23 16:25:05,634 - INFO - Arme deja existante [INFO] : Classic
2026-05-23 16:25:05,635 - INFO - Armure deja existante [INFO] : Light Armor
2026-05-23 16:25:05,636 - INFO - Arme deja existante [INFO] : Sheriff
2026-05-23 16:25:05,637 - INFO - Armure deja existante [INFO] : None
2026-05-23 16:25:05,637 - INFO - Arme deja existante [INFO] : Classic
2026-05-23 16:25:05,638 - INFO - Armure deja existante [INFO] : Light Armor
2026-05-23 16:25:05,639 - INFO - Arme deja existante [INFO] : Sheriff
2026-05-23 16:25:05,639 - INFO - Armure deja existante [INFO] : None
2026-05-23 16:25:05,640 - INFO - Arme deja existante [INFO] : Ghost
2026-05-23 16:25:05,640 - INFO - Armure deja existante [INFO] : Light Armor
2026-05-23 16:25:05,641 - INFO - Arme deja existante [INFO] : Classic
2026-05-23 16:25:05,642 - INFO - Armure deja existante [INFO] : Light Armor
2026-05-23 16:25:05,643 - INFO - Arme deja existante [INFO] : Ghost
2026-05-23 16:25:05,643 - INFO - Armure deja existante [INFO] : None
2026-05-23 16:25:05,644 - INFO - Arme deja existante [INFO] : Ghost
2026-05-23 16:25:05,644 - INFO - Armure deja existante [INFO] : None
2026-05-23 16:25:05,645 - INFO - Arme deja existante [INFO] : None
2026-05-23 16:25:05,646 - INFO - Armure deja existante [INFO] : None
2026-05-23 16:25:05,646 - INFO - Round inseree [OK] : 40
2026-05-23 16:25:05,647 - INFO - Arme deja existante [INFO] : Ghost
2026-05-23 16:25:05,648 - INFO - Armure deja existante [INFO] : Light Armor
2026-05-23 16:25:05,649 - INFO - Arme deja existante [INFO] : Spectre
2026-05-23 16:25:05,649 - INFO - Armure deja existante [INFO] : Heavy Armor
2026-05-23 16:25:05,650 - INFO - Arme deja existante [INFO] : Sheriff
2026-05-23 16:25:05,650 - INFO - Armure deja existante [INFO] : Light Armor
2026-05-23 16:25:05,651 - INFO - Arme deja existante [INFO] : Guardian
2026-05-23 16:25:05,651 - INFO - Armure deja existante [INFO] : Heavy Armor
2026-05-23 16:25:05,652 - INFO - Arme deja existante [INFO] : Sheriff
2026-05-23 16:25:05,652 - INFO - Armure deja existante [INFO] : Heavy Armor
2026-05-23 16:25:05,653 - INFO - Arme deja existante [INFO] : Spectre
2026-05-23 16:25:05,653 - INFO - Armure deja existante [INFO] : Heavy Armor
2026-05-23 16:25:05,654 - INFO - Arme deja existante [INFO] : Judge
2026-05-23 16:25:05,655 - INFO - Armure deja existante [INFO] : Heavy Armor
2026-05-23 16:25:05,655 - INFO - Arme deja existante [INFO] : Classic
2026-05-23 16:25:05,656 - INFO - Armure deja existante [INFO] : None
2026-05-23 16:25:05,657 - INFO - Arme deja existante [INFO] : Sheriff
2026-05-23 16:25:05,657 - INFO - Armure deja existante [INFO] : None
2026-05-23 16:25:05,658 - INFO - Arme deja existante [INFO] : None
2026-05-23 16:25:05,658 - INFO - Armure deja existante [INFO] : None
2026-05-23 16:25:05,659 - INFO - Round inseree [OK] : 41
2026-05-23 16:25:05,660 - INFO - Arme deja existante [INFO] : Vandal
2026-05-23 16:25:05,660 - INFO - Armure deja existante [INFO] : Light Armor
2026-05-23 16:25:05,661 - INFO - Arme deja existante [INFO] : Phantom
2026-05-23 16:25:05,661 - INFO - Armure deja existante [INFO] : Heavy Armor
2026-05-23 16:25:05,662 - INFO - Arme deja existante [INFO] : Sheriff
2026-05-23 16:25:05,663 - INFO - Armure deja existante [INFO] : Light Armor
2026-05-23 16:25:05,664 - INFO - Arme deja existante [INFO] : Guardian
2026-05-23 16:25:05,664 - INFO - Armure deja existante [INFO] : Heavy Armor
2026-05-23 16:25:05,665 - INFO - Arme deja existante [INFO] : Sheriff
2026-05-23 16:25:05,665 - INFO - Armure deja existante [INFO] : Heavy Armor
2026-05-23 16:25:05,666 - INFO - Arme deja existante [INFO] : Spectre
2026-05-23 16:25:05,667 - INFO - Armure deja existante [INFO] : Heavy Armor
2026-05-23 16:25:05,667 - INFO - Arme deja existante [INFO] : Judge
2026-05-23 16:25:05,668 - INFO - Armure deja existante [INFO] : Heavy Armor
2026-05-23 16:25:05,668 - INFO - Arme deja existante [INFO] : Vandal
2026-05-23 16:25:05,669 - INFO - Armure deja existante [INFO] : Heavy Armor
2026-05-23 16:25:05,669 - INFO - Arme deja existante [INFO] : Sheriff
2026-05-23 16:25:05,670 - INFO - Armure deja existante [INFO] : Light Armor
2026-05-23 16:25:05,671 - INFO - Arme deja existante [INFO] : None
2026-05-23 16:25:05,671 - INFO - Armure deja existante [INFO] : None
2026-05-23 16:25:05,672 - INFO - Round inseree [OK] : 42
2026-05-23 16:25:05,673 - INFO - Arme deja existante [INFO] : Vandal
2026-05-23 16:25:05,673 - INFO - Armure deja existante [INFO] : Heavy Armor
2026-05-23 16:25:05,674 - INFO - Arme deja existante [INFO] : Phantom
2026-05-23 16:25:05,674 - INFO - Armure deja existante [INFO] : Heavy Armor
2026-05-23 16:25:05,675 - INFO - Arme deja existante [INFO] : Vandal
2026-05-23 16:25:05,676 - INFO - Armure deja existante [INFO] : Heavy Armor
2026-05-23 16:25:05,677 - INFO - Arme deja existante [INFO] : Phantom
2026-05-23 16:25:05,677 - INFO - Armure deja existante [INFO] : Heavy Armor
2026-05-23 16:25:05,677 - INFO - Arme deja existante [INFO] : Vandal
2026-05-23 16:25:05,678 - INFO - Armure deja existante [INFO] : Heavy Armor
2026-05-23 16:25:05,678 - INFO - Arme deja existante [INFO] : Vandal
2026-05-23 16:25:05,679 - INFO - Armure deja existante [INFO] : Heavy Armor
2026-05-23 16:25:05,680 - INFO - Arme deja existante [INFO] : Judge
2026-05-23 16:25:05,680 - INFO - Armure deja existante [INFO] : Light Armor
2026-05-23 16:25:05,681 - INFO - Arme deja existante [INFO] : Vandal
2026-05-23 16:25:05,681 - INFO - Armure deja existante [INFO] : Heavy Armor
2026-05-23 16:25:05,682 - INFO - Arme deja existante [INFO] : Phantom
2026-05-23 16:25:05,683 - INFO - Armure deja existante [INFO] : Heavy Armor
2026-05-23 16:25:05,684 - INFO - Arme deja existante [INFO] : None
2026-05-23 16:25:05,684 - INFO - Armure deja existante [INFO] : None
2026-05-23 16:25:05,685 - INFO - Round inseree [OK] : 43
2026-05-23 16:25:05,685 - INFO - Arme deja existante [INFO] : Vandal
2026-05-23 16:25:05,686 - INFO - Armure deja existante [INFO] : Heavy Armor
2026-05-23 16:25:05,686 - INFO - Arme deja existante [INFO] : Phantom
2026-05-23 16:25:05,687 - INFO - Armure deja existante [INFO] : Regen Shield
2026-05-23 16:25:05,688 - INFO - Arme deja existante [INFO] : Vandal
2026-05-23 16:25:05,688 - INFO - Armure deja existante [INFO] : Light Armor
2026-05-23 16:25:05,689 - INFO - Arme deja existante [INFO] : Phantom
2026-05-23 16:25:05,690 - INFO - Armure deja existante [INFO] : Regen Shield
2026-05-23 16:25:05,691 - INFO - Arme deja existante [INFO] : Operator
2026-05-23 16:25:05,691 - INFO - Armure deja existante [INFO] : Heavy Armor
2026-05-23 16:25:05,692 - INFO - Arme deja existante [INFO] : Vandal
2026-05-23 16:25:05,692 - INFO - Armure deja existante [INFO] : Heavy Armor
2026-05-23 16:25:05,694 - INFO - Arme deja existante [INFO] : Judge
2026-05-23 16:25:05,694 - INFO - Armure deja existante [INFO] : Heavy Armor
2026-05-23 16:25:05,695 - INFO - Arme deja existante [INFO] : Phantom
2026-05-23 16:25:05,695 - INFO - Armure deja existante [INFO] : Heavy Armor
2026-05-23 16:25:05,696 - INFO - Arme deja existante [INFO] : Vandal
2026-05-23 16:25:05,697 - INFO - Armure deja existante [INFO] : Heavy Armor
2026-05-23 16:25:05,698 - INFO - Arme deja existante [INFO] : None
2026-05-23 16:25:05,698 - INFO - Armure deja existante [INFO] : None
2026-05-23 16:25:05,699 - INFO - Round inseree [OK] : 44
2026-05-23 16:25:05,700 - INFO - Arme deja existante [INFO] : Vandal
2026-05-23 16:25:05,700 - INFO - Armure deja existante [INFO] : Light Armor
2026-05-23 16:25:05,701 - INFO - Arme deja existante [INFO] : Phantom
2026-05-23 16:25:05,701 - INFO - Armure deja existante [INFO] : Light Armor
2026-05-23 16:25:05,702 - INFO - Arme deja existante [INFO] : Sheriff
2026-05-23 16:25:05,703 - INFO - Armure deja existante [INFO] : Light Armor
2026-05-23 16:25:05,704 - INFO - Arme deja existante [INFO] : Operator
2026-05-23 16:25:05,704 - INFO - Armure deja existante [INFO] : Heavy Armor
2026-05-23 16:25:05,705 - INFO - Arme deja existante [INFO] : Vandal
2026-05-23 16:25:05,706 - INFO - Armure deja existante [INFO] : Regen Shield
2026-05-23 16:25:05,707 - INFO - Arme deja existante [INFO] : Phantom
2026-05-23 16:25:05,707 - INFO - Armure deja existante [INFO] : Heavy Armor
2026-05-23 16:25:05,708 - INFO - Arme deja existante [INFO] : Judge
2026-05-23 16:25:05,708 - INFO - Armure deja existante [INFO] : Heavy Armor
2026-05-23 16:25:05,709 - INFO - Arme deja existante [INFO] : Vandal
2026-05-23 16:25:05,710 - INFO - Armure deja existante [INFO] : Regen Shield
2026-05-23 16:25:05,711 - INFO - Arme deja existante [INFO] : Sheriff
2026-05-23 16:25:05,711 - INFO - Armure deja existante [INFO] : Light Armor
2026-05-23 16:25:05,712 - INFO - Arme deja existante [INFO] : None
2026-05-23 16:25:05,713 - INFO - Armure deja existante [INFO] : None
2026-05-23 16:25:05,714 - INFO - Round inseree [OK] : 45
2026-05-23 16:25:05,714 - INFO - Arme deja existante [INFO] : Sheriff
2026-05-23 16:25:05,715 - INFO - Armure deja existante [INFO] : Light Armor
2026-05-23 16:25:05,716 - INFO - Arme deja existante [INFO] : Phantom
2026-05-23 16:25:05,716 - INFO - Armure deja existante [INFO] : Heavy Armor
2026-05-23 16:25:05,717 - INFO - Arme deja existante [INFO] : Sheriff
2026-05-23 16:25:05,717 - INFO - Armure deja existante [INFO] : Light Armor
2026-05-23 16:25:05,718 - INFO - Arme deja existante [INFO] : Phantom
2026-05-23 16:25:05,719 - INFO - Armure deja existante [INFO] : Heavy Armor
2026-05-23 16:25:05,720 - INFO - Arme deja existante [INFO] : Sheriff
2026-05-23 16:25:05,720 - INFO - Armure deja existante [INFO] : Heavy Armor
2026-05-23 16:25:05,721 - INFO - Arme deja existante [INFO] : Vandal
2026-05-23 16:25:05,721 - INFO - Armure deja existante [INFO] : Light Armor
2026-05-23 16:25:05,722 - INFO - Arme deja existante [INFO] : Judge
2026-05-23 16:25:05,723 - INFO - Armure deja existante [INFO] : Heavy Armor
2026-05-23 16:25:05,724 - INFO - Arme deja existante [INFO] : Classic
2026-05-23 16:25:05,725 - INFO - Armure deja existante [INFO] : None
2026-05-23 16:25:05,725 - INFO - Arme deja existante [INFO] : Vandal
2026-05-23 16:25:05,726 - INFO - Armure deja existante [INFO] : Heavy Armor
2026-05-23 16:25:05,727 - INFO - Arme deja existante [INFO] : None
2026-05-23 16:25:05,727 - INFO - Armure deja existante [INFO] : None
2026-05-23 16:25:05,729 - INFO - Round inseree [OK] : 46
2026-05-23 16:25:05,729 - INFO - Arme deja existante [INFO] : Vandal
2026-05-23 16:25:05,730 - INFO - Armure deja existante [INFO] : Heavy Armor
2026-05-23 16:25:05,731 - INFO - Arme deja existante [INFO] : Phantom
2026-05-23 16:25:05,731 - INFO - Armure deja existante [INFO] : Heavy Armor
2026-05-23 16:25:05,732 - INFO - Arme deja existante [INFO] : Vandal
2026-05-23 16:25:05,733 - INFO - Armure deja existante [INFO] : Heavy Armor
2026-05-23 16:25:05,734 - INFO - Arme deja existante [INFO] : Phantom
2026-05-23 16:25:05,734 - INFO - Armure deja existante [INFO] : Regen Shield
2026-05-23 16:25:05,735 - INFO - Arme deja existante [INFO] : Vandal
2026-05-23 16:25:05,736 - INFO - Armure deja existante [INFO] : Regen Shield
2026-05-23 16:25:05,736 - INFO - Arme deja existante [INFO] : Spectre
2026-05-23 16:25:05,737 - INFO - Armure deja existante [INFO] : Heavy Armor
2026-05-23 16:25:05,738 - INFO - Arme deja existante [INFO] : Judge
2026-05-23 16:25:05,738 - INFO - Armure deja existante [INFO] : Heavy Armor
2026-05-23 16:25:05,739 - INFO - Arme deja existante [INFO] : Vandal
2026-05-23 16:25:05,739 - INFO - Armure deja existante [INFO] : Heavy Armor
2026-05-23 16:25:05,740 - INFO - Arme deja existante [INFO] : Vandal
2026-05-23 16:25:05,740 - INFO - Armure deja existante [INFO] : Heavy Armor
2026-05-23 16:25:05,741 - INFO - Arme deja existante [INFO] : None
2026-05-23 16:25:05,742 - INFO - Armure deja existante [INFO] : None
2026-05-23 16:25:05,743 - INFO - Round inseree [OK] : 47
2026-05-23 16:25:05,743 - INFO - Arme deja existante [INFO] : Spectre
2026-05-23 16:25:05,744 - INFO - Armure deja existante [INFO] : Light Armor
2026-05-23 16:25:05,744 - INFO - Arme deja existante [INFO] : Phantom
2026-05-23 16:25:05,745 - INFO - Armure deja existante [INFO] : Heavy Armor
2026-05-23 16:25:05,746 - INFO - Arme deja existante [INFO] : Sheriff
2026-05-23 16:25:05,746 - INFO - Armure deja existante [INFO] : Light Armor
2026-05-23 16:25:05,747 - INFO - Arme deja existante [INFO] : Phantom
2026-05-23 16:25:05,748 - INFO - Armure deja existante [INFO] : Heavy Armor
2026-05-23 16:25:05,749 - INFO - Arme deja existante [INFO] : Sheriff
2026-05-23 16:25:05,749 - INFO - Armure deja existante [INFO] : Heavy Armor
2026-05-23 16:25:05,750 - INFO - Arme deja existante [INFO] : Vandal
2026-05-23 16:25:05,750 - INFO - Armure deja existante [INFO] : Heavy Armor
2026-05-23 16:25:05,751 - INFO - Arme deja existante [INFO] : Judge
2026-05-23 16:25:05,752 - INFO - Armure deja existante [INFO] : Heavy Armor
2026-05-23 16:25:05,753 - INFO - Arme deja existante [INFO] : Vandal
2026-05-23 16:25:05,753 - INFO - Armure deja existante [INFO] : Regen Shield
2026-05-23 16:25:05,754 - INFO - Arme deja existante [INFO] : Vandal
2026-05-23 16:25:05,754 - INFO - Armure deja existante [INFO] : Heavy Armor
2026-05-23 16:25:05,755 - INFO - Arme deja existante [INFO] : None
2026-05-23 16:25:05,756 - INFO - Armure deja existante [INFO] : None
2026-05-23 16:25:05,757 - INFO - Round inseree [OK] : 48
2026-05-23 16:25:05,757 - INFO - Arme deja existante [INFO] : Vandal
2026-05-23 16:25:05,758 - INFO - Armure deja existante [INFO] : Heavy Armor
2026-05-23 16:25:05,759 - INFO - Arme deja existante [INFO] : Spectre
2026-05-23 16:25:05,759 - INFO - Armure deja existante [INFO] : Light Armor
2026-05-23 16:25:05,761 - INFO - Arme deja existante [INFO] : Vandal
2026-05-23 16:25:05,761 - INFO - Armure deja existante [INFO] : Heavy Armor
2026-05-23 16:25:05,762 - INFO - Arme deja existante [INFO] : Phantom
2026-05-23 16:25:05,762 - INFO - Armure deja existante [INFO] : Heavy Armor
2026-05-23 16:25:05,763 - INFO - Arme deja existante [INFO] : Spectre
2026-05-23 16:25:05,764 - INFO - Armure deja existante [INFO] : Heavy Armor
2026-05-23 16:25:05,765 - INFO - Arme deja existante [INFO] : Vandal
2026-05-23 16:25:05,765 - INFO - Armure deja existante [INFO] : Heavy Armor
2026-05-23 16:25:05,766 - INFO - Arme deja existante [INFO] : Phantom
2026-05-23 16:25:05,766 - INFO - Armure deja existante [INFO] : Heavy Armor
2026-05-23 16:25:05,767 - INFO - Arme deja existante [INFO] : Vandal
2026-05-23 16:25:05,767 - INFO - Armure deja existante [INFO] : None
2026-05-23 16:25:05,768 - INFO - Arme deja existante [INFO] : Vandal
2026-05-23 16:25:05,769 - INFO - Armure deja existante [INFO] : Heavy Armor
2026-05-23 16:25:05,770 - INFO - Arme deja existante [INFO] : None
2026-05-23 16:25:05,770 - INFO - Armure deja existante [INFO] : None
2026-05-23 16:25:05,771 - INFO - Round inseree [OK] : 49
2026-05-23 16:25:05,772 - INFO - Arme deja existante [INFO] : Vandal
2026-05-23 16:25:05,772 - INFO - Armure deja existante [INFO] : Heavy Armor
2026-05-23 16:25:05,773 - INFO - Arme deja existante [INFO] : Vandal
2026-05-23 16:25:05,774 - INFO - Armure deja existante [INFO] : Heavy Armor
2026-05-23 16:25:05,774 - INFO - Arme deja existante [INFO] : Sheriff
2026-05-23 16:25:05,775 - INFO - Armure deja existante [INFO] : Light Armor
2026-05-23 16:25:05,775 - INFO - Arme deja existante [INFO] : Phantom
2026-05-23 16:25:05,776 - INFO - Armure deja existante [INFO] : Heavy Armor
2026-05-23 16:25:05,777 - INFO - Arme deja existante [INFO] : Vandal
2026-05-23 16:25:05,777 - INFO - Armure deja existante [INFO] : Heavy Armor
2026-05-23 16:25:05,778 - INFO - Arme deja existante [INFO] : Vandal
2026-05-23 16:25:05,779 - INFO - Armure deja existante [INFO] : Heavy Armor
2026-05-23 16:25:05,779 - INFO - Arme deja existante [INFO] : Phantom
2026-05-23 16:25:05,780 - INFO - Armure deja existante [INFO] : Heavy Armor
2026-05-23 16:25:05,781 - INFO - Arme deja existante [INFO] : Sheriff
2026-05-23 16:25:05,781 - INFO - Armure deja existante [INFO] : Heavy Armor
2026-05-23 16:25:05,782 - INFO - Arme deja existante [INFO] : Vandal
2026-05-23 16:25:05,783 - INFO - Armure deja existante [INFO] : Light Armor
2026-05-23 16:25:05,784 - INFO - Arme deja existante [INFO] : None
2026-05-23 16:25:05,784 - INFO - Armure deja existante [INFO] : None
2026-05-23 16:25:05,785 - INFO - Carte inseree [OK] : Ascent
2026-05-23 16:25:05,786 - INFO - Match inseree [OK] : d395c408-489f-4f07-860a-2a62f25c4125
2026-05-23 16:25:05,787 - INFO - Joueur inseree [OK] : 59f5ba8a-f47e-5169-b234-a3470ab8d4d4
2026-05-23 16:25:05,788 - INFO - Agent deja existant [WARN] : Brimstone
2026-05-23 16:25:05,789 - INFO - Compose inseree [OK] : ('59f5ba8a-f47e-5169-b234-a3470ab8d4d4', 6, 5)
2026-05-23 16:25:05,789 - INFO - Joueur inseree [OK] : 359ce8c7-5654-5114-89f9-0e9beff3e347
2026-05-23 16:25:05,790 - INFO - Agent deja existant [WARN] : Jett
2026-05-23 16:25:05,791 - INFO - Compose inseree [OK] : ('359ce8c7-5654-5114-89f9-0e9beff3e347', 6, 9)
2026-05-23 16:25:05,791 - INFO - Joueur inseree [OK] : 12fb0f7a-d96a-5bce-90ab-2d25beab4c19
2026-05-23 16:25:05,792 - INFO - Agent deja existant [WARN] : Brimstone
2026-05-23 16:25:05,792 - INFO - Compose inseree [OK] : ('12fb0f7a-d96a-5bce-90ab-2d25beab4c19', 5, 5)
2026-05-23 16:25:05,793 - INFO - Joueur inseree [OK] : 08993ff7-ffe1-58b9-b42c-b4e68b6ebd4e
2026-05-23 16:25:05,793 - INFO - Agent deja existant [WARN] : Killjoy
2026-05-23 16:25:05,793 - INFO - Compose inseree [OK] : ('08993ff7-ffe1-58b9-b42c-b4e68b6ebd4e', 5, 1)
2026-05-23 16:25:05,793 - INFO - Joueur inseree [OK] : 16715fa1-a3d9-54f9-abff-fa3280c9c230
2026-05-23 16:25:05,794 - INFO - Agent deja existant [WARN] : Jett
2026-05-23 16:25:05,794 - INFO - Compose inseree [OK] : ('16715fa1-a3d9-54f9-abff-fa3280c9c230', 5, 9)
2026-05-23 16:25:05,794 - INFO - Joueur inseree [OK] : 704649c9-711c-5cbe-b103-62a082c4287d
2026-05-23 16:25:05,794 - INFO - Agent deja existant [WARN] : Phoenix
2026-05-23 16:25:05,795 - INFO - Compose inseree [OK] : ('704649c9-711c-5cbe-b103-62a082c4287d', 6, 7)
2026-05-23 16:25:05,795 - INFO - Joueur inseree [OK] : b2774454-1f15-5f3f-9b32-3d0d070458e4
2026-05-23 16:25:05,795 - INFO - Agent deja existant [WARN] : Killjoy
2026-05-23 16:25:05,796 - INFO - Compose inseree [OK] : ('b2774454-1f15-5f3f-9b32-3d0d070458e4', 6, 1)
2026-05-23 16:25:05,796 - INFO - Joueur inseree [OK] : abebddf0-9670-5e1e-844e-3ce233d3f657
2026-05-23 16:25:05,797 - INFO - Agent inseree [OK] : Waylay
2026-05-23 16:25:05,797 - INFO - Compose inseree [OK] : ('abebddf0-9670-5e1e-844e-3ce233d3f657', 5, 28)
2026-05-23 16:25:05,798 - INFO - Joueur inseree [OK] : cd0184ab-93e0-5024-ac6c-70bb9ee488b5
2026-05-23 16:25:05,798 - INFO - Agent inseree [OK] : Sova
2026-05-23 16:25:05,799 - INFO - Compose inseree [OK] : ('cd0184ab-93e0-5024-ac6c-70bb9ee488b5', 5, 29)
2026-05-23 16:25:05,799 - INFO - Joueur inseree [OK] : fbad2b0e-2ed0-5fee-9eaf-382aed8c90dd
2026-05-23 16:25:05,800 - INFO - Agent deja existant [WARN] : Skye
2026-05-23 16:25:05,800 - INFO - Compose inseree [OK] : ('fbad2b0e-2ed0-5fee-9eaf-382aed8c90dd', 6, 3)
2026-05-23 16:25:05,801 - INFO - Round inseree [OK] : 50
2026-05-23 16:25:05,802 - INFO - Arme deja existante [INFO] : Ghost
2026-05-23 16:25:05,802 - INFO - Armure deja existante [INFO] : None
2026-05-23 16:25:05,803 - INFO - Arme deja existante [INFO] : Classic
2026-05-23 16:25:05,804 - INFO - Armure deja existante [INFO] : None
2026-05-23 16:25:05,805 - INFO - Arme deja existante [INFO] : Ghost
2026-05-23 16:25:05,805 - INFO - Armure deja existante [INFO] : None
2026-05-23 16:25:05,806 - INFO - Arme deja existante [INFO] : Classic
2026-05-23 16:25:05,806 - INFO - Armure deja existante [INFO] : None
2026-05-23 16:25:05,808 - INFO - Arme deja existante [INFO] : Classic
2026-05-23 16:25:05,808 - INFO - Armure deja existante [INFO] : None
2026-05-23 16:25:05,809 - INFO - Arme deja existante [INFO] : Bandit
2026-05-23 16:25:05,809 - INFO - Armure deja existante [INFO] : None
2026-05-23 16:25:05,810 - INFO - Arme deja existante [INFO] : Classic
2026-05-23 16:25:05,811 - INFO - Armure deja existante [INFO] : None
2026-05-23 16:25:05,811 - INFO - Arme deja existante [INFO] : Ghost
2026-05-23 16:25:05,812 - INFO - Armure deja existante [INFO] : None
2026-05-23 16:25:05,813 - INFO - Arme deja existante [INFO] : Bandit
2026-05-23 16:25:05,813 - INFO - Armure deja existante [INFO] : None
2026-05-23 16:25:05,814 - INFO - Arme deja existante [INFO] : Ghost
2026-05-23 16:25:05,814 - INFO - Armure deja existante [INFO] : None
2026-05-23 16:25:05,815 - INFO - Round inseree [OK] : 51
2026-05-23 16:25:05,816 - INFO - Arme deja existante [INFO] : Classic
2026-05-23 16:25:05,816 - INFO - Armure deja existante [INFO] : None
2026-05-23 16:25:05,817 - INFO - Arme deja existante [INFO] : Classic
2026-05-23 16:25:05,817 - INFO - Armure deja existante [INFO] : None
2026-05-23 16:25:05,818 - INFO - Arme deja existante [INFO] : Spectre
2026-05-23 16:25:05,819 - INFO - Armure deja existante [INFO] : Heavy Armor
2026-05-23 16:25:05,819 - INFO - Arme deja existante [INFO] : Classic
2026-05-23 16:25:05,820 - INFO - Armure deja existante [INFO] : None
2026-05-23 16:25:05,821 - INFO - Arme deja existante [INFO] : Spectre
2026-05-23 16:25:05,821 - INFO - Armure deja existante [INFO] : Heavy Armor
2026-05-23 16:25:05,822 - INFO - Arme deja existante [INFO] : Bulldog
2026-05-23 16:25:05,823 - INFO - Armure deja existante [INFO] : Light Armor
2026-05-23 16:25:05,824 - INFO - Arme deja existante [INFO] : Bulldog
2026-05-23 16:25:05,824 - INFO - Armure deja existante [INFO] : Regen Shield
2026-05-23 16:25:05,825 - INFO - Arme deja existante [INFO] : Vandal
2026-05-23 16:25:05,826 - INFO - Armure deja existante [INFO] : Light Armor
2026-05-23 16:25:05,826 - INFO - Arme deja existante [INFO] : Classic
2026-05-23 16:25:05,827 - INFO - Armure deja existante [INFO] : None
2026-05-23 16:25:05,828 - INFO - Arme deja existante [INFO] : Classic
2026-05-23 16:25:05,828 - INFO - Armure deja existante [INFO] : Light Armor
2026-05-23 16:25:05,829 - INFO - Round inseree [OK] : 52
2026-05-23 16:25:05,830 - INFO - Arme deja existante [INFO] : Vandal
2026-05-23 16:25:05,830 - INFO - Armure deja existante [INFO] : Heavy Armor
2026-05-23 16:25:05,831 - INFO - Arme deja existante [INFO] : Vandal
2026-05-23 16:25:05,831 - INFO - Armure deja existante [INFO] : Heavy Armor
2026-05-23 16:25:05,832 - INFO - Arme deja existante [INFO] : Classic
2026-05-23 16:25:05,833 - INFO - Armure deja existante [INFO] : None
2026-05-23 16:25:05,834 - INFO - Arme deja existante [INFO] : Vandal
2026-05-23 16:25:05,834 - INFO - Armure deja existante [INFO] : Heavy Armor
2026-05-23 16:25:05,835 - INFO - Arme deja existante [INFO] : Sheriff
2026-05-23 16:25:05,835 - INFO - Armure deja existante [INFO] : None
2026-05-23 16:25:05,836 - INFO - Arme deja existante [INFO] : Bandit
2026-05-23 16:25:05,837 - INFO - Armure deja existante [INFO] : None
2026-05-23 16:25:05,837 - INFO - Arme deja existante [INFO] : Classic
2026-05-23 16:25:05,838 - INFO - Armure deja existante [INFO] : None
2026-05-23 16:25:05,839 - INFO - Arme deja existante [INFO] : Classic
2026-05-23 16:25:05,839 - INFO - Armure deja existante [INFO] : None
2026-05-23 16:25:05,840 - INFO - Arme deja existante [INFO] : Phantom
2026-05-23 16:25:05,841 - INFO - Armure deja existante [INFO] : Heavy Armor
2026-05-23 16:25:05,842 - INFO - Arme deja existante [INFO] : Bulldog
2026-05-23 16:25:05,842 - INFO - Armure deja existante [INFO] : Heavy Armor
2026-05-23 16:25:05,843 - INFO - Round inseree [OK] : 53
2026-05-23 16:25:05,843 - INFO - Arme deja existante [INFO] : Vandal
2026-05-23 16:25:05,844 - INFO - Armure deja existante [INFO] : Heavy Armor
2026-05-23 16:25:05,844 - INFO - Arme deja existante [INFO] : Vandal
2026-05-23 16:25:05,845 - INFO - Armure deja existante [INFO] : Heavy Armor
2026-05-23 16:25:05,846 - INFO - Arme deja existante [INFO] : Phantom
2026-05-23 16:25:05,846 - INFO - Armure deja existante [INFO] : Light Armor
2026-05-23 16:25:05,847 - INFO - Arme deja existante [INFO] : Vandal
2026-05-23 16:25:05,847 - INFO - Armure deja existante [INFO] : Heavy Armor
2026-05-23 16:25:05,848 - INFO - Arme deja existante [INFO] : Phantom
2026-05-23 16:25:05,849 - INFO - Armure deja existante [INFO] : Heavy Armor
2026-05-23 16:25:05,850 - INFO - Arme deja existante [INFO] : Vandal
2026-05-23 16:25:05,850 - INFO - Armure deja existante [INFO] : Heavy Armor
2026-05-23 16:25:05,851 - INFO - Arme deja existante [INFO] : Stinger
2026-05-23 16:25:05,851 - INFO - Armure deja existante [INFO] : Regen Shield
2026-05-23 16:25:05,852 - INFO - Arme deja existante [INFO] : Vandal
2026-05-23 16:25:05,853 - INFO - Armure deja existante [INFO] : Heavy Armor
2026-05-23 16:25:05,853 - INFO - Arme deja existante [INFO] : Phantom
2026-05-23 16:25:05,853 - INFO - Armure deja existante [INFO] : Regen Shield
2026-05-23 16:25:05,854 - INFO - Arme deja existante [INFO] : Vandal
2026-05-23 16:25:05,855 - INFO - Armure deja existante [INFO] : Heavy Armor
2026-05-23 16:25:05,856 - INFO - Round inseree [OK] : 54
2026-05-23 16:25:05,856 - INFO - Arme deja existante [INFO] : Vandal
2026-05-23 16:25:05,857 - INFO - Armure deja existante [INFO] : Heavy Armor
2026-05-23 16:25:05,857 - INFO - Arme deja existante [INFO] : Vandal
2026-05-23 16:25:05,858 - INFO - Armure deja existante [INFO] : Heavy Armor
2026-05-23 16:25:05,859 - INFO - Arme deja existante [INFO] : Sheriff
2026-05-23 16:25:05,859 - INFO - Armure deja existante [INFO] : Light Armor
2026-05-23 16:25:05,860 - INFO - Arme deja existante [INFO] : Vandal
2026-05-23 16:25:05,860 - INFO - Armure deja existante [INFO] : Heavy Armor
2026-05-23 16:25:05,861 - INFO - Arme deja existante [INFO] : Sheriff
2026-05-23 16:25:05,862 - INFO - Armure deja existante [INFO] : Light Armor
2026-05-23 16:25:05,862 - INFO - Arme deja existante [INFO] : Marshal
2026-05-23 16:25:05,863 - INFO - Armure deja existante [INFO] : Light Armor
2026-05-23 16:25:05,864 - INFO - Arme deja existante [INFO] : Guardian
2026-05-23 16:25:05,864 - INFO - Armure deja existante [INFO] : Heavy Armor
2026-05-23 16:25:05,865 - INFO - Arme deja existante [INFO] : Marshal
2026-05-23 16:25:05,865 - INFO - Armure deja existante [INFO] : Light Armor
2026-05-23 16:25:05,866 - INFO - Arme deja existante [INFO] : Phantom
2026-05-23 16:25:05,866 - INFO - Armure deja existante [INFO] : Heavy Armor
2026-05-23 16:25:05,867 - INFO - Arme deja existante [INFO] : Vandal
2026-05-23 16:25:05,867 - INFO - Armure deja existante [INFO] : Heavy Armor
2026-05-23 16:25:05,869 - INFO - Round inseree [OK] : 55
2026-05-23 16:25:05,869 - INFO - Arme deja existante [INFO] : Vandal
2026-05-23 16:25:05,869 - INFO - Armure deja existante [INFO] : Heavy Armor
2026-05-23 16:25:05,870 - INFO - Arme deja existante [INFO] : Vandal
2026-05-23 16:25:05,871 - INFO - Armure deja existante [INFO] : Heavy Armor
2026-05-23 16:25:05,871 - INFO - Arme deja existante [INFO] : Phantom
2026-05-23 16:25:05,872 - INFO - Armure deja existante [INFO] : Light Armor
2026-05-23 16:25:05,873 - INFO - Arme deja existante [INFO] : Vandal
2026-05-23 16:25:05,873 - INFO - Armure deja existante [INFO] : Heavy Armor
2026-05-23 16:25:05,874 - INFO - Arme deja existante [INFO] : Phantom
2026-05-23 16:25:05,874 - INFO - Armure deja existante [INFO] : Heavy Armor
2026-05-23 16:25:05,875 - INFO - Arme deja existante [INFO] : Vandal
2026-05-23 16:25:05,876 - INFO - Armure deja existante [INFO] : Heavy Armor
2026-05-23 16:25:05,876 - INFO - Arme deja existante [INFO] : Phantom
2026-05-23 16:25:05,877 - INFO - Armure deja existante [INFO] : Heavy Armor
2026-05-23 16:25:05,878 - INFO - Arme deja existante [INFO] : Vandal
2026-05-23 16:25:05,878 - INFO - Armure deja existante [INFO] : Heavy Armor
2026-05-23 16:25:05,879 - INFO - Arme deja existante [INFO] : Vandal
2026-05-23 16:25:05,880 - INFO - Armure deja existante [INFO] : Heavy Armor
2026-05-23 16:25:05,881 - INFO - Arme deja existante [INFO] : Vandal
2026-05-23 16:25:05,881 - INFO - Armure deja existante [INFO] : Heavy Armor
2026-05-23 16:25:05,882 - INFO - Round inseree [OK] : 56
2026-05-23 16:25:05,882 - INFO - Arme deja existante [INFO] : Phantom
2026-05-23 16:25:05,883 - INFO - Armure deja existante [INFO] : Heavy Armor
2026-05-23 16:25:05,884 - INFO - Arme deja existante [INFO] : Vandal
2026-05-23 16:25:05,884 - INFO - Armure deja existante [INFO] : Heavy Armor
2026-05-23 16:25:05,885 - INFO - Arme deja existante [INFO] : Guardian
2026-05-23 16:25:05,886 - INFO - Armure deja existante [INFO] : Light Armor
2026-05-23 16:25:05,886 - INFO - Arme deja existante [INFO] : Vandal
2026-05-23 16:25:05,887 - INFO - Armure deja existante [INFO] : Heavy Armor
2026-05-23 16:25:05,888 - INFO - Arme deja existante [INFO] : Outlaw
2026-05-23 16:25:05,889 - INFO - Armure deja existante [INFO] : Regen Shield
2026-05-23 16:25:05,890 - INFO - Arme deja existante [INFO] : Vandal
2026-05-23 16:25:05,890 - INFO - Armure deja existante [INFO] : Light Armor
2026-05-23 16:25:05,891 - INFO - Arme deja existante [INFO] : Bandit
2026-05-23 16:25:05,891 - INFO - Armure deja existante [INFO] : None
2026-05-23 16:25:05,892 - INFO - Arme deja existante [INFO] : Vandal
2026-05-23 16:25:05,892 - INFO - Armure deja existante [INFO] : Regen Shield
2026-05-23 16:25:05,893 - INFO - Arme deja existante [INFO] : Vandal
2026-05-23 16:25:05,894 - INFO - Armure deja existante [INFO] : Heavy Armor
2026-05-23 16:25:05,894 - INFO - Arme deja existante [INFO] : Vandal
2026-05-23 16:25:05,895 - INFO - Armure deja existante [INFO] : Heavy Armor
2026-05-23 16:25:05,896 - INFO - Round inseree [OK] : 57
2026-05-23 16:25:05,896 - INFO - Arme deja existante [INFO] : Phantom
2026-05-23 16:25:05,897 - INFO - Armure deja existante [INFO] : Heavy Armor
2026-05-23 16:25:05,897 - INFO - Arme deja existante [INFO] : Vandal
2026-05-23 16:25:05,898 - INFO - Armure deja existante [INFO] : Heavy Armor
2026-05-23 16:25:05,899 - INFO - Arme deja existante [INFO] : Guardian
2026-05-23 16:25:05,899 - INFO - Armure deja existante [INFO] : Light Armor
2026-05-23 16:25:05,900 - INFO - Arme deja existante [INFO] : Vandal
2026-05-23 16:25:05,900 - INFO - Armure deja existante [INFO] : Heavy Armor
2026-05-23 16:25:05,901 - INFO - Arme deja existante [INFO] : Guardian
2026-05-23 16:25:05,901 - INFO - Armure deja existante [INFO] : Light Armor
2026-05-23 16:25:05,902 - INFO - Arme deja existante [INFO] : Marshal
2026-05-23 16:25:05,903 - INFO - Armure deja existante [INFO] : Regen Shield
2026-05-23 16:25:05,904 - INFO - Arme deja existante [INFO] : Guardian
2026-05-23 16:25:05,904 - INFO - Armure deja existante [INFO] : Heavy Armor
2026-05-23 16:25:05,905 - INFO - Arme deja existante [INFO] : Classic
2026-05-23 16:25:05,906 - INFO - Armure deja existante [INFO] : Heavy Armor
2026-05-23 16:25:05,907 - INFO - Arme deja existante [INFO] : Vandal
2026-05-23 16:25:05,907 - INFO - Armure deja existante [INFO] : Heavy Armor
2026-05-23 16:25:05,908 - INFO - Arme deja existante [INFO] : Vandal
2026-05-23 16:25:05,909 - INFO - Armure deja existante [INFO] : Heavy Armor
2026-05-23 16:25:05,910 - INFO - Round inseree [OK] : 58
2026-05-23 16:25:05,910 - INFO - Arme deja existante [INFO] : Vandal
2026-05-23 16:25:05,911 - INFO - Armure deja existante [INFO] : Heavy Armor
2026-05-23 16:25:05,912 - INFO - Arme deja existante [INFO] : Vandal
2026-05-23 16:25:05,912 - INFO - Armure deja existante [INFO] : Heavy Armor
2026-05-23 16:25:05,913 - INFO - Arme deja existante [INFO] : Bulldog
2026-05-23 16:25:05,914 - INFO - Armure deja existante [INFO] : Regen Shield
2026-05-23 16:25:05,915 - INFO - Arme deja existante [INFO] : Vandal
2026-05-23 16:25:05,915 - INFO - Armure deja existante [INFO] : Heavy Armor
2026-05-23 16:25:05,916 - INFO - Arme deja existante [INFO] : Phantom
2026-05-23 16:25:05,916 - INFO - Armure deja existante [INFO] : Heavy Armor
2026-05-23 16:25:05,917 - INFO - Arme deja existante [INFO] : Vandal
2026-05-23 16:25:05,918 - INFO - Armure deja existante [INFO] : Heavy Armor
2026-05-23 16:25:05,919 - INFO - Arme deja existante [INFO] : Judge
2026-05-23 16:25:05,919 - INFO - Armure deja existante [INFO] : Light Armor
2026-05-23 16:25:05,920 - INFO - Arme deja existante [INFO] : Vandal
2026-05-23 16:25:05,921 - INFO - Armure deja existante [INFO] : Heavy Armor
2026-05-23 16:25:05,922 - INFO - Arme deja existante [INFO] : Vandal
2026-05-23 16:25:05,922 - INFO - Armure deja existante [INFO] : Heavy Armor
2026-05-23 16:25:05,923 - INFO - Arme deja existante [INFO] : Vandal
2026-05-23 16:25:05,924 - INFO - Armure deja existante [INFO] : Heavy Armor
2026-05-23 16:25:05,925 - INFO - Round inseree [OK] : 59
2026-05-23 16:25:05,925 - INFO - Arme deja existante [INFO] : Vandal
2026-05-23 16:25:05,925 - INFO - Armure deja existante [INFO] : Heavy Armor
2026-05-23 16:25:05,926 - INFO - Arme deja existante [INFO] : Vandal
2026-05-23 16:25:05,926 - INFO - Armure deja existante [INFO] : Heavy Armor
2026-05-23 16:25:05,927 - INFO - Arme deja existante [INFO] : Classic
2026-05-23 16:25:05,927 - INFO - Armure deja existante [INFO] : None
2026-05-23 16:25:05,927 - INFO - Arme deja existante [INFO] : Vandal
2026-05-23 16:25:05,928 - INFO - Armure deja existante [INFO] : Heavy Armor
2026-05-23 16:25:05,928 - INFO - Arme deja existante [INFO] : Judge
2026-05-23 16:25:05,929 - INFO - Armure deja existante [INFO] : Light Armor
2026-05-23 16:25:05,930 - INFO - Arme deja existante [INFO] : Vandal
2026-05-23 16:25:05,930 - INFO - Armure deja existante [INFO] : Light Armor
2026-05-23 16:25:05,931 - INFO - Arme deja existante [INFO] : Bucky
2026-05-23 16:25:05,931 - INFO - Armure deja existante [INFO] : Light Armor
2026-05-23 16:25:05,932 - INFO - Arme deja existante [INFO] : Stinger
2026-05-23 16:25:05,933 - INFO - Armure deja existante [INFO] : Light Armor
2026-05-23 16:25:05,933 - INFO - Arme deja existante [INFO] : Vandal
2026-05-23 16:25:05,933 - INFO - Armure deja existante [INFO] : Heavy Armor
2026-05-23 16:25:05,934 - INFO - Arme deja existante [INFO] : Vandal
2026-05-23 16:25:05,935 - INFO - Armure deja existante [INFO] : Heavy Armor
2026-05-23 16:25:05,936 - INFO - Round inseree [OK] : 60
2026-05-23 16:25:05,936 - INFO - Arme deja existante [INFO] : Vandal
2026-05-23 16:25:05,936 - INFO - Armure deja existante [INFO] : Heavy Armor
2026-05-23 16:25:05,937 - INFO - Arme deja existante [INFO] : Vandal
2026-05-23 16:25:05,937 - INFO - Armure deja existante [INFO] : Heavy Armor
2026-05-23 16:25:05,938 - INFO - Arme deja existante [INFO] : Vandal
2026-05-23 16:25:05,938 - INFO - Armure deja existante [INFO] : Light Armor
2026-05-23 16:25:05,939 - INFO - Arme deja existante [INFO] : Vandal
2026-05-23 16:25:05,940 - INFO - Armure deja existante [INFO] : Heavy Armor
2026-05-23 16:25:05,940 - INFO - Arme deja existante [INFO] : Phantom
2026-05-23 16:25:05,940 - INFO - Armure deja existante [INFO] : Heavy Armor
2026-05-23 16:25:05,941 - INFO - Arme deja existante [INFO] : Vandal
2026-05-23 16:25:05,941 - INFO - Armure deja existante [INFO] : Heavy Armor
2026-05-23 16:25:05,942 - INFO - Arme deja existante [INFO] : Guardian
2026-05-23 16:25:05,942 - INFO - Armure deja existante [INFO] : Light Armor
2026-05-23 16:25:05,943 - INFO - Arme deja existante [INFO] : Vandal
2026-05-23 16:25:05,943 - INFO - Armure deja existante [INFO] : Heavy Armor
2026-05-23 16:25:05,943 - INFO - Arme deja existante [INFO] : Vandal
2026-05-23 16:25:05,944 - INFO - Armure deja existante [INFO] : Heavy Armor
2026-05-23 16:25:05,944 - INFO - Arme deja existante [INFO] : Vandal
2026-05-23 16:25:05,945 - INFO - Armure deja existante [INFO] : Heavy Armor
2026-05-23 16:25:05,946 - INFO - Round inseree [OK] : 61
2026-05-23 16:25:05,946 - INFO - Arme deja existante [INFO] : Vandal
2026-05-23 16:25:05,946 - INFO - Armure deja existante [INFO] : Heavy Armor
2026-05-23 16:25:05,947 - INFO - Arme deja existante [INFO] : Vandal
2026-05-23 16:25:05,947 - INFO - Armure deja existante [INFO] : Heavy Armor
2026-05-23 16:25:05,948 - INFO - Arme deja existante [INFO] : Bulldog
2026-05-23 16:25:05,948 - INFO - Armure deja existante [INFO] : Light Armor
2026-05-23 16:25:05,949 - INFO - Arme deja existante [INFO] : Vandal
2026-05-23 16:25:05,949 - INFO - Armure deja existante [INFO] : Heavy Armor
2026-05-23 16:25:05,950 - INFO - Arme deja existante [INFO] : Guardian
2026-05-23 16:25:05,950 - INFO - Armure deja existante [INFO] : Regen Shield
2026-05-23 16:25:05,951 - INFO - Arme deja existante [INFO] : Guardian
2026-05-23 16:25:05,951 - INFO - Armure deja existante [INFO] : Regen Shield
2026-05-23 16:25:05,952 - INFO - Arme deja existante [INFO] : Vandal
2026-05-23 16:25:05,952 - INFO - Armure deja existante [INFO] : Heavy Armor
2026-05-23 16:25:05,953 - INFO - Arme deja existante [INFO] : Bulldog
2026-05-23 16:25:05,953 - INFO - Armure deja existante [INFO] : Regen Shield
2026-05-23 16:25:05,954 - INFO - Arme deja existante [INFO] : Vandal
2026-05-23 16:25:05,954 - INFO - Armure deja existante [INFO] : Heavy Armor
2026-05-23 16:25:05,955 - INFO - Arme deja existante [INFO] : Vandal
2026-05-23 16:25:05,955 - INFO - Armure deja existante [INFO] : Heavy Armor
2026-05-23 16:25:05,956 - INFO - Round inseree [OK] : 62
2026-05-23 16:25:05,956 - INFO - Arme deja existante [INFO] : Ghost
2026-05-23 16:25:05,956 - INFO - Armure deja existante [INFO] : None
2026-05-23 16:25:05,957 - INFO - Arme deja existante [INFO] : Classic
2026-05-23 16:25:05,957 - INFO - Armure deja existante [INFO] : None
2026-05-23 16:25:05,958 - INFO - Arme deja existante [INFO] : Ghost
2026-05-23 16:25:05,958 - INFO - Armure deja existante [INFO] : None
2026-05-23 16:25:05,958 - INFO - Arme deja existante [INFO] : Classic
2026-05-23 16:25:05,958 - INFO - Armure deja existante [INFO] : None
2026-05-23 16:25:05,958 - INFO - Arme deja existante [INFO] : Classic
2026-05-23 16:25:05,958 - INFO - Armure deja existante [INFO] : None
2026-05-23 16:25:05,959 - INFO - Arme deja existante [INFO] : Bandit
2026-05-23 16:25:05,959 - INFO - Armure deja existante [INFO] : None
2026-05-23 16:25:05,959 - INFO - Arme deja existante [INFO] : Classic
2026-05-23 16:25:05,959 - INFO - Armure deja existante [INFO] : None
2026-05-23 16:25:05,960 - INFO - Arme deja existante [INFO] : Ghost
2026-05-23 16:25:05,960 - INFO - Armure deja existante [INFO] : None
2026-05-23 16:25:05,960 - INFO - Arme deja existante [INFO] : Ghost
2026-05-23 16:25:05,960 - INFO - Armure deja existante [INFO] : None
2026-05-23 16:25:05,961 - INFO - Arme deja existante [INFO] : Classic
2026-05-23 16:25:05,961 - INFO - Armure deja existante [INFO] : None
2026-05-23 16:25:05,961 - INFO - Round inseree [OK] : 63
2026-05-23 16:25:05,961 - INFO - Arme deja existante [INFO] : Bulldog
2026-05-23 16:25:05,961 - INFO - Armure deja existante [INFO] : Heavy Armor
2026-05-23 16:25:05,962 - INFO - Arme deja existante [INFO] : Bulldog
2026-05-23 16:25:05,962 - INFO - Armure deja existante [INFO] : Regen Shield
2026-05-23 16:25:05,962 - INFO - Arme deja existante [INFO] : Marshal
2026-05-23 16:25:05,962 - INFO - Armure deja existante [INFO] : Regen Shield
2026-05-23 16:25:05,962 - INFO - Arme deja existante [INFO] : Bulldog
2026-05-23 16:25:05,963 - INFO - Armure deja existante [INFO] : Light Armor
2026-05-23 16:25:05,963 - INFO - Arme deja existante [INFO] : Spectre
2026-05-23 16:25:05,963 - INFO - Armure deja existante [INFO] : Light Armor
2026-05-23 16:25:05,963 - INFO - Arme deja existante [INFO] : Bandit
2026-05-23 16:25:05,963 - INFO - Armure deja existante [INFO] : None
2026-05-23 16:25:05,964 - INFO - Arme deja existante [INFO] : Ghost
2026-05-23 16:25:05,964 - INFO - Armure deja existante [INFO] : None
2026-05-23 16:25:05,964 - INFO - Arme deja existante [INFO] : Spectre
2026-05-23 16:25:05,964 - INFO - Armure deja existante [INFO] : Regen Shield
2026-05-23 16:25:05,964 - INFO - Arme deja existante [INFO] : Guardian
2026-05-23 16:25:05,964 - INFO - Armure deja existante [INFO] : Regen Shield
2026-05-23 16:25:05,965 - INFO - Arme deja existante [INFO] : Bulldog
2026-05-23 16:25:05,965 - INFO - Armure deja existante [INFO] : Light Armor
2026-05-23 16:25:05,965 - INFO - Round inseree [OK] : 64
2026-05-23 16:25:05,965 - INFO - Arme deja existante [INFO] : Bulldog
2026-05-23 16:25:05,965 - INFO - Armure deja existante [INFO] : Heavy Armor
2026-05-23 16:25:05,966 - INFO - Arme deja existante [INFO] : Ghost
2026-05-23 16:25:05,966 - INFO - Armure deja existante [INFO] : Light Armor
2026-05-23 16:25:05,966 - INFO - Arme deja existante [INFO] : Outlaw
2026-05-23 16:25:05,966 - INFO - Armure deja existante [INFO] : Light Armor
2026-05-23 16:25:05,966 - INFO - Arme deja existante [INFO] : Bulldog
2026-05-23 16:25:05,966 - INFO - Armure deja existante [INFO] : None
2026-05-23 16:25:05,967 - INFO - Arme deja existante [INFO] : Bulldog
2026-05-23 16:25:05,967 - INFO - Armure deja existante [INFO] : Light Armor
2026-05-23 16:25:05,967 - INFO - Arme deja existante [INFO] : Vandal
2026-05-23 16:25:05,967 - INFO - Armure deja existante [INFO] : Heavy Armor
2026-05-23 16:25:05,967 - INFO - Arme deja existante [INFO] : Phantom
2026-05-23 16:25:05,967 - INFO - Armure deja existante [INFO] : Heavy Armor
2026-05-23 16:25:05,968 - INFO - Arme deja existante [INFO] : Bulldog
2026-05-23 16:25:05,968 - INFO - Armure deja existante [INFO] : Regen Shield
2026-05-23 16:25:05,968 - INFO - Arme deja existante [INFO] : Shorty
2026-05-23 16:25:05,968 - INFO - Armure deja existante [INFO] : Regen Shield
2026-05-23 16:25:05,968 - INFO - Arme deja existante [INFO] : Guardian
2026-05-23 16:25:05,969 - INFO - Armure deja existante [INFO] : Regen Shield
2026-05-23 16:25:05,969 - INFO - Round inseree [OK] : 65
2026-05-23 16:25:05,969 - INFO - Arme deja existante [INFO] : Phantom
2026-05-23 16:25:05,969 - INFO - Armure deja existante [INFO] : Heavy Armor
2026-05-23 16:25:05,969 - INFO - Arme deja existante [INFO] : Vandal
2026-05-23 16:25:05,970 - INFO - Armure deja existante [INFO] : Heavy Armor
2026-05-23 16:25:05,970 - INFO - Arme deja existante [INFO] : Guardian
2026-05-23 16:25:05,970 - INFO - Armure deja existante [INFO] : Regen Shield
2026-05-23 16:25:05,970 - INFO - Arme deja existante [INFO] : Vandal
2026-05-23 16:25:05,970 - INFO - Armure deja existante [INFO] : Heavy Armor
2026-05-23 16:25:05,971 - INFO - Arme deja existante [INFO] : Phantom
2026-05-23 16:25:05,971 - INFO - Armure deja existante [INFO] : Light Armor
2026-05-23 16:25:05,971 - INFO - Arme deja existante [INFO] : Guardian
2026-05-23 16:25:05,971 - INFO - Armure deja existante [INFO] : Regen Shield
2026-05-23 16:25:05,971 - INFO - Arme deja existante [INFO] : Phantom
2026-05-23 16:25:05,972 - INFO - Armure deja existante [INFO] : Light Armor
2026-05-23 16:25:05,972 - INFO - Arme deja existante [INFO] : Phantom
2026-05-23 16:25:05,972 - INFO - Armure deja existante [INFO] : Light Armor
2026-05-23 16:25:05,972 - INFO - Arme deja existante [INFO] : Vandal
2026-05-23 16:25:05,972 - INFO - Armure deja existante [INFO] : Heavy Armor
2026-05-23 16:25:05,973 - INFO - Arme deja existante [INFO] : Vandal
2026-05-23 16:25:05,973 - INFO - Armure deja existante [INFO] : Heavy Armor
2026-05-23 16:25:05,973 - INFO - Carte inseree [OK] : Split
2026-05-23 16:25:05,973 - INFO - Match inseree [OK] : 751a3801-6bbd-4f5e-a761-538440a27e74
2026-05-23 16:25:05,975 - INFO - Joueur inseree [OK] : 668a3b78-5be5-5ae1-b590-704dc8fb96ba
2026-05-23 16:25:05,976 - INFO - Agent inseree [OK] : Sage
2026-05-23 16:25:05,976 - INFO - Compose inseree [OK] : ('668a3b78-5be5-5ae1-b590-704dc8fb96ba', 8, 31)
2026-05-23 16:25:05,977 - INFO - Joueur inseree [OK] : 3b46c5a6-c60f-5530-acd4-2ad66f75437e
2026-05-23 16:25:05,977 - INFO - Agent deja existant [WARN] : Phoenix
2026-05-23 16:25:05,978 - INFO - Compose inseree [OK] : ('3b46c5a6-c60f-5530-acd4-2ad66f75437e', 8, 7)
2026-05-23 16:25:05,979 - INFO - Joueur inseree [OK] : 12fb0f7a-d96a-5bce-90ab-2d25beab4c19
2026-05-23 16:25:05,979 - INFO - Agent deja existant [WARN] : Phoenix
2026-05-23 16:25:05,980 - INFO - Compose inseree [OK] : ('12fb0f7a-d96a-5bce-90ab-2d25beab4c19', 7, 7)
2026-05-23 16:25:05,981 - INFO - Joueur inseree [OK] : 08993ff7-ffe1-58b9-b42c-b4e68b6ebd4e
2026-05-23 16:25:05,981 - INFO - Agent deja existant [WARN] : Killjoy
2026-05-23 16:25:05,982 - INFO - Compose inseree [OK] : ('08993ff7-ffe1-58b9-b42c-b4e68b6ebd4e', 7, 1)
2026-05-23 16:25:05,982 - INFO - Joueur inseree [OK] : d2b78e75-c588-5461-b745-e988f6d7c5d2
2026-05-23 16:25:05,983 - INFO - Agent deja existant [WARN] : Jett
2026-05-23 16:25:05,983 - INFO - Compose inseree [OK] : ('d2b78e75-c588-5461-b745-e988f6d7c5d2', 8, 9)
2026-05-23 16:25:05,984 - INFO - Joueur inseree [OK] : d9629ff1-e3cc-51b8-bdb5-582022f09dad
2026-05-23 16:25:05,984 - INFO - Agent deja existant [WARN] : Breach
2026-05-23 16:25:05,985 - INFO - Compose inseree [OK] : ('d9629ff1-e3cc-51b8-bdb5-582022f09dad', 8, 6)
2026-05-23 16:25:05,986 - INFO - Joueur inseree [OK] : 1ba612e7-a060-5b0a-8bf5-84cb6c99ebf2
2026-05-23 16:25:05,986 - INFO - Agent deja existant [WARN] : Brimstone
2026-05-23 16:25:05,987 - INFO - Compose inseree [OK] : ('1ba612e7-a060-5b0a-8bf5-84cb6c99ebf2', 8, 5)
2026-05-23 16:25:05,987 - INFO - Joueur inseree [OK] : b61e32b5-5b57-5398-8c9c-584898b0d903
2026-05-23 16:25:05,988 - INFO - Agent deja existant [WARN] : Sage
2026-05-23 16:25:05,989 - INFO - Compose inseree [OK] : ('b61e32b5-5b57-5398-8c9c-584898b0d903', 7, 31)
2026-05-23 16:25:05,989 - INFO - Joueur inseree [OK] : 733e743a-577f-5942-9ec4-2f89d274072b
2026-05-23 16:25:05,990 - INFO - Agent deja existant [WARN] : Chamber
2026-05-23 16:25:05,991 - INFO - Compose inseree [OK] : ('733e743a-577f-5942-9ec4-2f89d274072b', 7, 8)
2026-05-23 16:25:05,991 - INFO - Joueur inseree [OK] : 0fbd854d-c212-542a-adce-a6471d994688
2026-05-23 16:25:05,991 - INFO - Agent deja existant [WARN] : Omen
2026-05-23 16:25:05,992 - INFO - Compose inseree [OK] : ('0fbd854d-c212-542a-adce-a6471d994688', 7, 10)
2026-05-23 16:25:05,993 - INFO - Round inseree [OK] : 66
2026-05-23 16:25:05,994 - INFO - Arme deja existante [INFO] : Classic
2026-05-23 16:25:05,994 - INFO - Armure deja existante [INFO] : None
2026-05-23 16:25:05,995 - INFO - Arme deja existante [INFO] : Classic
2026-05-23 16:25:05,995 - INFO - Armure deja existante [INFO] : None
2026-05-23 16:25:05,996 - INFO - Arme deja existante [INFO] : Classic
2026-05-23 16:25:05,997 - INFO - Armure deja existante [INFO] : None
2026-05-23 16:25:05,997 - INFO - Arme deja existante [INFO] : Ghost
2026-05-23 16:25:05,998 - INFO - Armure deja existante [INFO] : None
2026-05-23 16:25:05,999 - INFO - Arme deja existante [INFO] : Ghost
2026-05-23 16:25:05,999 - INFO - Armure deja existante [INFO] : None
2026-05-23 16:25:06,000 - INFO - Arme deja existante [INFO] : Ghost
2026-05-23 16:25:06,000 - INFO - Armure deja existante [INFO] : None
2026-05-23 16:25:06,001 - INFO - Arme deja existante [INFO] : Ghost
2026-05-23 16:25:06,002 - INFO - Armure deja existante [INFO] : None
2026-05-23 16:25:06,002 - INFO - Arme deja existante [INFO] : Ghost
2026-05-23 16:25:06,003 - INFO - Armure deja existante [INFO] : None
2026-05-23 16:25:06,004 - INFO - Arme deja existante [INFO] : Ghost
2026-05-23 16:25:06,004 - INFO - Armure deja existante [INFO] : None
2026-05-23 16:25:06,005 - INFO - Arme deja existante [INFO] : Bandit
2026-05-23 16:25:06,005 - INFO - Armure deja existante [INFO] : None
2026-05-23 16:25:06,007 - INFO - Round inseree [OK] : 67
2026-05-23 16:25:06,007 - INFO - Arme deja existante [INFO] : Classic
2026-05-23 16:25:06,008 - INFO - Armure deja existante [INFO] : None
2026-05-23 16:25:06,008 - INFO - Arme deja existante [INFO] : Classic
2026-05-23 16:25:06,009 - INFO - Armure deja existante [INFO] : None
2026-05-23 16:25:06,010 - INFO - Arme deja existante [INFO] : Classic
2026-05-23 16:25:06,010 - INFO - Armure deja existante [INFO] : None
2026-05-23 16:25:06,011 - INFO - Arme deja existante [INFO] : Bulldog
2026-05-23 16:25:06,011 - INFO - Armure deja existante [INFO] : Light Armor
2026-05-23 16:25:06,012 - INFO - Arme deja existante [INFO] : Spectre
2026-05-23 16:25:06,012 - INFO - Armure deja existante [INFO] : Regen Shield
2026-05-23 16:25:06,013 - INFO - Arme deja existante [INFO] : Shorty
2026-05-23 16:25:06,014 - INFO - Armure deja existante [INFO] : None
2026-05-23 16:25:06,014 - INFO - Arme deja existante [INFO] : Classic
2026-05-23 16:25:06,015 - INFO - Armure deja existante [INFO] : None
2026-05-23 16:25:06,016 - INFO - Arme deja existante [INFO] : Spectre
2026-05-23 16:25:06,016 - INFO - Armure deja existante [INFO] : Regen Shield
2026-05-23 16:25:06,017 - INFO - Arme deja existante [INFO] : Spectre
2026-05-23 16:25:06,017 - INFO - Armure deja existante [INFO] : Heavy Armor
2026-05-23 16:25:06,018 - INFO - Arme deja existante [INFO] : Vandal
2026-05-23 16:25:06,019 - INFO - Armure deja existante [INFO] : Light Armor
2026-05-23 16:25:06,020 - INFO - Round inseree [OK] : 68
2026-05-23 16:25:06,020 - INFO - Arme deja existante [INFO] : Vandal
2026-05-23 16:25:06,021 - INFO - Armure deja existante [INFO] : Heavy Armor
2026-05-23 16:25:06,021 - INFO - Arme deja existante [INFO] : Phantom
2026-05-23 16:25:06,022 - INFO - Armure deja existante [INFO] : Regen Shield
2026-05-23 16:25:06,023 - INFO - Arme deja existante [INFO] : Vandal
2026-05-23 16:25:06,023 - INFO - Armure deja existante [INFO] : Heavy Armor
2026-05-23 16:25:06,024 - INFO - Arme deja existante [INFO] : Bulldog
2026-05-23 16:25:06,024 - INFO - Armure deja existante [INFO] : Light Armor
2026-05-23 16:25:06,025 - INFO - Arme deja existante [INFO] : Vandal
2026-05-23 16:25:06,025 - INFO - Armure deja existante [INFO] : Heavy Armor
2026-05-23 16:25:06,026 - INFO - Arme deja existante [INFO] : Phantom
2026-05-23 16:25:06,027 - INFO - Armure deja existante [INFO] : Heavy Armor
2026-05-23 16:25:06,027 - INFO - Arme deja existante [INFO] : Phantom
2026-05-23 16:25:06,028 - INFO - Armure deja existante [INFO] : Heavy Armor
2026-05-23 16:25:06,029 - INFO - Arme deja existante [INFO] : Phantom
2026-05-23 16:25:06,029 - INFO - Armure deja existante [INFO] : Heavy Armor
2026-05-23 16:25:06,030 - INFO - Arme deja existante [INFO] : Guardian
2026-05-23 16:25:06,030 - INFO - Armure deja existante [INFO] : Heavy Armor
2026-05-23 16:25:06,031 - INFO - Arme deja existante [INFO] : Vandal
2026-05-23 16:25:06,032 - INFO - Armure deja existante [INFO] : Heavy Armor
2026-05-23 16:25:06,033 - INFO - Round inseree [OK] : 69
2026-05-23 16:25:06,033 - INFO - Arme deja existante [INFO] : Vandal
2026-05-23 16:25:06,034 - INFO - Armure deja existante [INFO] : Heavy Armor
2026-05-23 16:25:06,035 - INFO - Arme deja existante [INFO] : Phantom
2026-05-23 16:25:06,035 - INFO - Armure deja existante [INFO] : Regen Shield
2026-05-23 16:25:06,036 - INFO - Arme deja existante [INFO] : Phantom
2026-05-23 16:25:06,037 - INFO - Armure deja existante [INFO] : Heavy Armor
2026-05-23 16:25:06,037 - INFO - Arme deja existante [INFO] : Vandal
2026-05-23 16:25:06,038 - INFO - Armure deja existante [INFO] : Heavy Armor
2026-05-23 16:25:06,039 - INFO - Arme deja existante [INFO] : Classic
2026-05-23 16:25:06,039 - INFO - Armure deja existante [INFO] : None
2026-05-23 16:25:06,040 - INFO - Arme deja existante [INFO] : Phantom
2026-05-23 16:25:06,040 - INFO - Armure deja existante [INFO] : Heavy Armor
2026-05-23 16:25:06,041 - INFO - Arme deja existante [INFO] : Phantom
2026-05-23 16:25:06,042 - INFO - Armure deja existante [INFO] : Heavy Armor
2026-05-23 16:25:06,042 - INFO - Arme deja existante [INFO] : Sheriff
2026-05-23 16:25:06,042 - INFO - Armure deja existante [INFO] : None
2026-05-23 16:25:06,043 - INFO - Arme deja existante [INFO] : Classic
2026-05-23 16:25:06,044 - INFO - Armure deja existante [INFO] : None
2026-05-23 16:25:06,044 - INFO - Arme deja existante [INFO] : Bandit
2026-05-23 16:25:06,045 - INFO - Armure deja existante [INFO] : Heavy Armor
2026-05-23 16:25:06,046 - INFO - Round inseree [OK] : 70
2026-05-23 16:25:06,046 - INFO - Arme deja existante [INFO] : Classic
2026-05-23 16:25:06,047 - INFO - Armure deja existante [INFO] : None
2026-05-23 16:25:06,048 - INFO - Arme deja existante [INFO] : Phantom
2026-05-23 16:25:06,048 - INFO - Armure deja existante [INFO] : Regen Shield
2026-05-23 16:25:06,049 - INFO - Arme deja existante [INFO] : Vandal
2026-05-23 16:25:06,049 - INFO - Armure deja existante [INFO] : Heavy Armor
2026-05-23 16:25:06,050 - INFO - Arme deja existante [INFO] : Vandal
2026-05-23 16:25:06,051 - INFO - Armure deja existante [INFO] : Heavy Armor
2026-05-23 16:25:06,052 - INFO - Arme deja existante [INFO] : Phantom
2026-05-23 16:25:06,052 - INFO - Armure deja existante [INFO] : Heavy Armor
2026-05-23 16:25:06,053 - INFO - Arme deja existante [INFO] : Phantom
2026-05-23 16:25:06,053 - INFO - Armure deja existante [INFO] : Heavy Armor
2026-05-23 16:25:06,054 - INFO - Arme deja existante [INFO] : Vandal
2026-05-23 16:25:06,055 - INFO - Armure deja existante [INFO] : Heavy Armor
2026-05-23 16:25:06,056 - INFO - Arme deja existante [INFO] : Phantom
2026-05-23 16:25:06,056 - INFO - Armure deja existante [INFO] : Heavy Armor
2026-05-23 16:25:06,057 - INFO - Arme deja existante [INFO] : Vandal
2026-05-23 16:25:06,058 - INFO - Armure deja existante [INFO] : Heavy Armor
2026-05-23 16:25:06,058 - INFO - Arme deja existante [INFO] : Phantom
2026-05-23 16:25:06,059 - INFO - Armure deja existante [INFO] : Heavy Armor
2026-05-23 16:25:06,060 - INFO - Round inseree [OK] : 71
2026-05-23 16:25:06,060 - INFO - Arme deja existante [INFO] : Classic
2026-05-23 16:25:06,061 - INFO - Armure deja existante [INFO] : Heavy Armor
2026-05-23 16:25:06,061 - INFO - Arme deja existante [INFO] : Sheriff
2026-05-23 16:25:06,062 - INFO - Armure deja existante [INFO] : Light Armor
2026-05-23 16:25:06,063 - INFO - Arme deja existante [INFO] : Classic
2026-05-23 16:25:06,063 - INFO - Armure deja existante [INFO] : Light Armor
2026-05-23 16:25:06,064 - INFO - Arme deja existante [INFO] : Vandal
2026-05-23 16:25:06,065 - INFO - Armure deja existante [INFO] : Heavy Armor
2026-05-23 16:25:06,066 - INFO - Arme deja existante [INFO] : Vandal
2026-05-23 16:25:06,066 - INFO - Armure deja existante [INFO] : Heavy Armor
2026-05-23 16:25:06,067 - INFO - Arme deja existante [INFO] : Judge
2026-05-23 16:25:06,067 - INFO - Armure deja existante [INFO] : None
2026-05-23 16:25:06,069 - INFO - Arme deja existante [INFO] : Bucky
2026-05-23 16:25:06,069 - INFO - Armure deja existante [INFO] : Light Armor
2026-05-23 16:25:06,070 - INFO - Arme deja existante [INFO] : Phantom
2026-05-23 16:25:06,070 - INFO - Armure deja existante [INFO] : Heavy Armor
2026-05-23 16:25:06,071 - INFO - Arme deja existante [INFO] : Vandal
2026-05-23 16:25:06,072 - INFO - Armure deja existante [INFO] : Heavy Armor
2026-05-23 16:25:06,073 - INFO - Arme deja existante [INFO] : Vandal
2026-05-23 16:25:06,073 - INFO - Armure deja existante [INFO] : Heavy Armor
2026-05-23 16:25:06,074 - INFO - Round inseree [OK] : 72
2026-05-23 16:25:06,074 - INFO - Arme deja existante [INFO] : Operator
2026-05-23 16:25:06,075 - INFO - Armure deja existante [INFO] : Heavy Armor
2026-05-23 16:25:06,076 - INFO - Arme deja existante [INFO] : Phantom
2026-05-23 16:25:06,076 - INFO - Armure deja existante [INFO] : Heavy Armor
2026-05-23 16:25:06,077 - INFO - Arme deja existante [INFO] : Vandal
2026-05-23 16:25:06,077 - INFO - Armure deja existante [INFO] : Heavy Armor
2026-05-23 16:25:06,078 - INFO - Arme deja existante [INFO] : Vandal
2026-05-23 16:25:06,079 - INFO - Armure deja existante [INFO] : Heavy Armor
2026-05-23 16:25:06,079 - INFO - Arme deja existante [INFO] : Vandal
2026-05-23 16:25:06,080 - INFO - Armure deja existante [INFO] : Heavy Armor
2026-05-23 16:25:06,081 - INFO - Arme deja existante [INFO] : Phantom
2026-05-23 16:25:06,081 - INFO - Armure deja existante [INFO] : Regen Shield
2026-05-23 16:25:06,082 - INFO - Arme deja existante [INFO] : Vandal
2026-05-23 16:25:06,082 - INFO - Armure deja existante [INFO] : Heavy Armor
2026-05-23 16:25:06,083 - INFO - Arme deja existante [INFO] : Vandal
2026-05-23 16:25:06,083 - INFO - Armure deja existante [INFO] : Heavy Armor
2026-05-23 16:25:06,084 - INFO - Arme deja existante [INFO] : Vandal
2026-05-23 16:25:06,085 - INFO - Armure deja existante [INFO] : Heavy Armor
2026-05-23 16:25:06,085 - INFO - Arme deja existante [INFO] : Phantom
2026-05-23 16:25:06,086 - INFO - Armure deja existante [INFO] : Heavy Armor
2026-05-23 16:25:06,086 - INFO - Round inseree [OK] : 73
2026-05-23 16:25:06,087 - INFO - Arme deja existante [INFO] : Classic
2026-05-23 16:25:06,087 - INFO - Armure deja existante [INFO] : Light Armor
2026-05-23 16:25:06,088 - INFO - Arme deja existante [INFO] : Classic
2026-05-23 16:25:06,089 - INFO - Armure deja existante [INFO] : Light Armor
2026-05-23 16:25:06,090 - INFO - Arme deja existante [INFO] : Classic
2026-05-23 16:25:06,090 - INFO - Armure deja existante [INFO] : None
2026-05-23 16:25:06,091 - INFO - Arme deja existante [INFO] : Vandal
2026-05-23 16:25:06,091 - INFO - Armure deja existante [INFO] : Heavy Armor
2026-05-23 16:25:06,092 - INFO - Arme deja existante [INFO] : Vandal
2026-05-23 16:25:06,092 - INFO - Armure deja existante [INFO] : Heavy Armor
2026-05-23 16:25:06,093 - INFO - Arme deja existante [INFO] : Classic
2026-05-23 16:25:06,093 - INFO - Armure deja existante [INFO] : None
2026-05-23 16:25:06,094 - INFO - Arme deja existante [INFO] : Sheriff
2026-05-23 16:25:06,095 - INFO - Armure deja existante [INFO] : None
2026-05-23 16:25:06,095 - INFO - Arme deja existante [INFO] : Vandal
2026-05-23 16:25:06,095 - INFO - Armure deja existante [INFO] : Heavy Armor
2026-05-23 16:25:06,096 - INFO - Arme deja existante [INFO] : Vandal
2026-05-23 16:25:06,096 - INFO - Armure deja existante [INFO] : Heavy Armor
2026-05-23 16:25:06,097 - INFO - Arme deja existante [INFO] : Phantom
2026-05-23 16:25:06,097 - INFO - Armure deja existante [INFO] : Heavy Armor
2026-05-23 16:25:06,098 - INFO - Round inseree [OK] : 74
2026-05-23 16:25:06,099 - INFO - Arme deja existante [INFO] : Operator
2026-05-23 16:25:06,099 - INFO - Armure deja existante [INFO] : Light Armor
2026-05-23 16:25:06,100 - INFO - Arme deja existante [INFO] : Vandal
2026-05-23 16:25:06,100 - INFO - Armure deja existante [INFO] : Regen Shield
2026-05-23 16:25:06,101 - INFO - Arme deja existante [INFO] : Phantom
2026-05-23 16:25:06,101 - INFO - Armure deja existante [INFO] : Heavy Armor
2026-05-23 16:25:06,102 - INFO - Arme deja existante [INFO] : Vandal
2026-05-23 16:25:06,102 - INFO - Armure deja existante [INFO] : Heavy Armor
2026-05-23 16:25:06,103 - INFO - Arme deja existante [INFO] : Phantom
2026-05-23 16:25:06,104 - INFO - Armure deja existante [INFO] : Heavy Armor
2026-05-23 16:25:06,105 - INFO - Arme deja existante [INFO] : Phantom
2026-05-23 16:25:06,105 - INFO - Armure deja existante [INFO] : Heavy Armor
2026-05-23 16:25:06,106 - INFO - Arme deja existante [INFO] : Phantom
2026-05-23 16:25:06,107 - INFO - Armure deja existante [INFO] : Regen Shield
2026-05-23 16:25:06,107 - INFO - Arme deja existante [INFO] : Vandal
2026-05-23 16:25:06,108 - INFO - Armure deja existante [INFO] : Heavy Armor
2026-05-23 16:25:06,109 - INFO - Arme deja existante [INFO] : Vandal
2026-05-23 16:25:06,109 - INFO - Armure deja existante [INFO] : Heavy Armor
2026-05-23 16:25:06,110 - INFO - Arme deja existante [INFO] : Phantom
2026-05-23 16:25:06,110 - INFO - Armure deja existante [INFO] : Heavy Armor
2026-05-23 16:25:06,112 - INFO - Round inseree [OK] : 75
2026-05-23 16:25:06,112 - INFO - Arme deja existante [INFO] : Classic
2026-05-23 16:25:06,112 - INFO - Armure deja existante [INFO] : None
2026-05-23 16:25:06,113 - INFO - Arme deja existante [INFO] : Spectre
2026-05-23 16:25:06,114 - INFO - Armure deja existante [INFO] : Heavy Armor
2026-05-23 16:25:06,115 - INFO - Arme deja existante [INFO] : Sheriff
2026-05-23 16:25:06,115 - INFO - Armure deja existante [INFO] : Light Armor
2026-05-23 16:25:06,116 - INFO - Arme deja existante [INFO] : Phantom
2026-05-23 16:25:06,116 - INFO - Armure deja existante [INFO] : Heavy Armor
2026-05-23 16:25:06,117 - INFO - Arme deja existante [INFO] : Phantom
2026-05-23 16:25:06,118 - INFO - Armure deja existante [INFO] : Heavy Armor
2026-05-23 16:25:06,119 - INFO - Arme deja existante [INFO] : Stinger
2026-05-23 16:25:06,119 - INFO - Armure deja existante [INFO] : Light Armor
2026-05-23 16:25:06,120 - INFO - Arme deja existante [INFO] : Bulldog
2026-05-23 16:25:06,120 - INFO - Armure deja existante [INFO] : Light Armor
2026-05-23 16:25:06,121 - INFO - Arme deja existante [INFO] : Vandal
2026-05-23 16:25:06,122 - INFO - Armure deja existante [INFO] : Heavy Armor
2026-05-23 16:25:06,122 - INFO - Arme deja existante [INFO] : Vandal
2026-05-23 16:25:06,123 - INFO - Armure deja existante [INFO] : Heavy Armor
2026-05-23 16:25:06,124 - INFO - Arme deja existante [INFO] : Phantom
2026-05-23 16:25:06,124 - INFO - Armure deja existante [INFO] : Heavy Armor
2026-05-23 16:25:06,125 - INFO - Round inseree [OK] : 76
2026-05-23 16:25:06,125 - INFO - Arme deja existante [INFO] : Operator
2026-05-23 16:25:06,126 - INFO - Armure deja existante [INFO] : Light Armor
2026-05-23 16:25:06,126 - INFO - Arme deja existante [INFO] : Spectre
2026-05-23 16:25:06,127 - INFO - Armure deja existante [INFO] : Heavy Armor
2026-05-23 16:25:06,127 - INFO - Arme deja existante [INFO] : Vandal
2026-05-23 16:25:06,128 - INFO - Armure deja existante [INFO] : Heavy Armor
2026-05-23 16:25:06,129 - INFO - Arme deja existante [INFO] : Vandal
2026-05-23 16:25:06,129 - INFO - Armure deja existante [INFO] : Heavy Armor
2026-05-23 16:25:06,130 - INFO - Arme deja existante [INFO] : Phantom
2026-05-23 16:25:06,131 - INFO - Armure deja existante [INFO] : Heavy Armor
2026-05-23 16:25:06,131 - INFO - Arme deja existante [INFO] : Phantom
2026-05-23 16:25:06,132 - INFO - Armure deja existante [INFO] : Heavy Armor
2026-05-23 16:25:06,133 - INFO - Arme deja existante [INFO] : Bulldog
2026-05-23 16:25:06,133 - INFO - Armure deja existante [INFO] : Light Armor
2026-05-23 16:25:06,134 - INFO - Arme deja existante [INFO] : Vandal
2026-05-23 16:25:06,134 - INFO - Armure deja existante [INFO] : Heavy Armor
2026-05-23 16:25:06,135 - INFO - Arme deja existante [INFO] : Vandal
2026-05-23 16:25:06,135 - INFO - Armure deja existante [INFO] : Heavy Armor
2026-05-23 16:25:06,136 - INFO - Arme deja existante [INFO] : Phantom
2026-05-23 16:25:06,137 - INFO - Armure deja existante [INFO] : Heavy Armor
2026-05-23 16:25:06,138 - INFO - Round inseree [OK] : 77
2026-05-23 16:25:06,138 - INFO - Arme deja existante [INFO] : Classic
2026-05-23 16:25:06,138 - INFO - Armure deja existante [INFO] : Light Armor
2026-05-23 16:25:06,139 - INFO - Arme deja existante [INFO] : Phantom
2026-05-23 16:25:06,140 - INFO - Armure deja existante [INFO] : Regen Shield
2026-05-23 16:25:06,140 - INFO - Arme deja existante [INFO] : Guardian
2026-05-23 16:25:06,141 - INFO - Armure deja existante [INFO] : Heavy Armor
2026-05-23 16:25:06,142 - INFO - Arme deja existante [INFO] : Phantom
2026-05-23 16:25:06,142 - INFO - Armure deja existante [INFO] : Heavy Armor
2026-05-23 16:25:06,143 - INFO - Arme deja existante [INFO] : Phantom
2026-05-23 16:25:06,143 - INFO - Armure deja existante [INFO] : Heavy Armor
2026-05-23 16:25:06,144 - INFO - Arme deja existante [INFO] : Phantom
2026-05-23 16:25:06,145 - INFO - Armure deja existante [INFO] : Heavy Armor
2026-05-23 16:25:06,145 - INFO - Arme deja existante [INFO] : Vandal
2026-05-23 16:25:06,146 - INFO - Armure deja existante [INFO] : Light Armor
2026-05-23 16:25:06,146 - INFO - Arme deja existante [INFO] : Vandal
2026-05-23 16:25:06,147 - INFO - Armure deja existante [INFO] : Heavy Armor
2026-05-23 16:25:06,148 - INFO - Arme deja existante [INFO] : Vandal
2026-05-23 16:25:06,148 - INFO - Armure deja existante [INFO] : Heavy Armor
2026-05-23 16:25:06,149 - INFO - Arme deja existante [INFO] : Phantom
2026-05-23 16:25:06,149 - INFO - Armure deja existante [INFO] : Heavy Armor
2026-05-23 16:25:06,150 - INFO - Round inseree [OK] : 78
2026-05-23 16:25:06,151 - INFO - Arme deja existante [INFO] : Classic
2026-05-23 16:25:06,151 - INFO - Armure deja existante [INFO] : None
2026-05-23 16:25:06,152 - INFO - Arme deja existante [INFO] : Bandit
2026-05-23 16:25:06,152 - INFO - Armure deja existante [INFO] : None
2026-05-23 16:25:06,153 - INFO - Arme deja existante [INFO] : Ghost
2026-05-23 16:25:06,154 - INFO - Armure deja existante [INFO] : None
2026-05-23 16:25:06,154 - INFO - Arme deja existante [INFO] : Classic
2026-05-23 16:25:06,155 - INFO - Armure deja existante [INFO] : Light Armor
2026-05-23 16:25:06,156 - INFO - Arme deja existante [INFO] : Ghost
2026-05-23 16:25:06,156 - INFO - Armure deja existante [INFO] : None
2026-05-23 16:25:06,157 - INFO - Arme deja existante [INFO] : Ghost
2026-05-23 16:25:06,157 - INFO - Armure deja existante [INFO] : None
2026-05-23 16:25:06,158 - INFO - Arme deja existante [INFO] : Ghost
2026-05-23 16:25:06,159 - INFO - Armure deja existante [INFO] : None
2026-05-23 16:25:06,160 - INFO - Arme deja existante [INFO] : Sheriff
2026-05-23 16:25:06,160 - INFO - Armure deja existante [INFO] : None
2026-05-23 16:25:06,161 - INFO - Arme deja existante [INFO] : Sheriff
2026-05-23 16:25:06,161 - INFO - Armure deja existante [INFO] : None
2026-05-23 16:25:06,162 - INFO - Arme deja existante [INFO] : Bandit
2026-05-23 16:25:06,163 - INFO - Armure deja existante [INFO] : None
2026-05-23 16:25:06,164 - INFO - Round inseree [OK] : 79
2026-05-23 16:25:06,164 - INFO - Arme deja existante [INFO] : Sheriff
2026-05-23 16:25:06,164 - INFO - Armure deja existante [INFO] : Light Armor
2026-05-23 16:25:06,165 - INFO - Arme deja existante [INFO] : Spectre
2026-05-23 16:25:06,166 - INFO - Armure deja existante [INFO] : Heavy Armor
2026-05-23 16:25:06,167 - INFO - Arme deja existante [INFO] : Spectre
2026-05-23 16:25:06,167 - INFO - Armure deja existante [INFO] : Light Armor
2026-05-23 16:25:06,168 - INFO - Arme deja existante [INFO] : Classic
2026-05-23 16:25:06,168 - INFO - Armure deja existante [INFO] : None
2026-05-23 16:25:06,169 - INFO - Arme deja existante [INFO] : Outlaw
2026-05-23 16:25:06,169 - INFO - Armure deja existante [INFO] : None
2026-05-23 16:25:06,170 - INFO - Arme deja existante [INFO] : Spectre
2026-05-23 16:25:06,171 - INFO - Armure deja existante [INFO] : Heavy Armor
2026-05-23 16:25:06,172 - INFO - Arme deja existante [INFO] : Bulldog
2026-05-23 16:25:06,172 - INFO - Armure deja existante [INFO] : Light Armor
2026-05-23 16:25:06,173 - INFO - Arme deja existante [INFO] : Sheriff
2026-05-23 16:25:06,173 - INFO - Armure deja existante [INFO] : None
2026-05-23 16:25:06,174 - INFO - Arme deja existante [INFO] : Marshal
2026-05-23 16:25:06,175 - INFO - Armure deja existante [INFO] : Regen Shield
2026-05-23 16:25:06,175 - INFO - Arme inseree [OK] : Frenzy
2026-05-23 16:25:06,176 - INFO - Armure deja existante [INFO] : None
2026-05-23 16:25:06,177 - INFO - Round inseree [OK] : 80
2026-05-23 16:25:06,177 - INFO - Arme deja existante [INFO] : Operator
2026-05-23 16:25:06,178 - INFO - Armure deja existante [INFO] : Heavy Armor
2026-05-23 16:25:06,179 - INFO - Arme deja existante [INFO] : Spectre
2026-05-23 16:25:06,179 - INFO - Armure deja existante [INFO] : Heavy Armor
2026-05-23 16:25:06,180 - INFO - Arme deja existante [INFO] : Sheriff
2026-05-23 16:25:06,180 - INFO - Armure deja existante [INFO] : Light Armor
2026-05-23 16:25:06,181 - INFO - Arme deja existante [INFO] : Phantom
2026-05-23 16:25:06,181 - INFO - Armure deja existante [INFO] : Light Armor
2026-05-23 16:25:06,182 - INFO - Arme deja existante [INFO] : Outlaw
2026-05-23 16:25:06,182 - INFO - Armure deja existante [INFO] : None
2026-05-23 16:25:06,184 - INFO - Arme deja existante [INFO] : Sheriff
2026-05-23 16:25:06,184 - INFO - Armure deja existante [INFO] : Light Armor
2026-05-23 16:25:06,185 - INFO - Arme deja existante [INFO] : Bulldog
2026-05-23 16:25:06,185 - INFO - Armure deja existante [INFO] : Light Armor
2026-05-23 16:25:06,186 - INFO - Arme deja existante [INFO] : Phantom
2026-05-23 16:25:06,187 - INFO - Armure deja existante [INFO] : Regen Shield
2026-05-23 16:25:06,187 - INFO - Arme deja existante [INFO] : Classic
2026-05-23 16:25:06,188 - INFO - Armure deja existante [INFO] : Regen Shield
2026-05-23 16:25:06,189 - INFO - Arme deja existante [INFO] : Phantom
2026-05-23 16:25:06,189 - INFO - Armure deja existante [INFO] : Light Armor
2026-05-23 16:25:06,190 - INFO - Round inseree [OK] : 81
2026-05-23 16:25:06,191 - INFO - Arme deja existante [INFO] : Vandal
2026-05-23 16:25:06,191 - INFO - Armure deja existante [INFO] : Light Armor
2026-05-23 16:25:06,192 - INFO - Arme deja existante [INFO] : Vandal
2026-05-23 16:25:06,192 - INFO - Armure deja existante [INFO] : Heavy Armor
2026-05-23 16:25:06,193 - INFO - Arme deja existante [INFO] : Vandal
2026-05-23 16:25:06,194 - INFO - Armure deja existante [INFO] : Heavy Armor
2026-05-23 16:25:06,195 - INFO - Arme deja existante [INFO] : Phantom
2026-05-23 16:25:06,195 - INFO - Armure deja existante [INFO] : Regen Shield
2026-05-23 16:25:06,196 - INFO - Arme deja existante [INFO] : Outlaw
2026-05-23 16:25:06,197 - INFO - Armure deja existante [INFO] : Light Armor
2026-05-23 16:25:06,197 - INFO - Arme deja existante [INFO] : Phantom
2026-05-23 16:25:06,198 - INFO - Armure deja existante [INFO] : Heavy Armor
2026-05-23 16:25:06,199 - INFO - Arme deja existante [INFO] : Vandal
2026-05-23 16:25:06,199 - INFO - Armure deja existante [INFO] : Heavy Armor
2026-05-23 16:25:06,200 - INFO - Arme deja existante [INFO] : Phantom
2026-05-23 16:25:06,200 - INFO - Armure deja existante [INFO] : Regen Shield
2026-05-23 16:25:06,201 - INFO - Arme deja existante [INFO] : Vandal
2026-05-23 16:25:06,202 - INFO - Armure deja existante [INFO] : Heavy Armor
2026-05-23 16:25:06,202 - INFO - Arme deja existante [INFO] : Guardian
2026-05-23 16:25:06,203 - INFO - Armure deja existante [INFO] : Light Armor
2026-05-23 16:25:06,204 - INFO - Round inseree [OK] : 82
2026-05-23 16:25:06,204 - INFO - Arme deja existante [INFO] : Classic
2026-05-23 16:25:06,205 - INFO - Armure deja existante [INFO] : Heavy Armor
2026-05-23 16:25:06,206 - INFO - Arme deja existante [INFO] : Vandal
2026-05-23 16:25:06,206 - INFO - Armure deja existante [INFO] : Heavy Armor
2026-05-23 16:25:06,207 - INFO - Arme deja existante [INFO] : Vandal
2026-05-23 16:25:06,208 - INFO - Armure deja existante [INFO] : Heavy Armor
2026-05-23 16:25:06,209 - INFO - Arme deja existante [INFO] : Phantom
2026-05-23 16:25:06,209 - INFO - Armure deja existante [INFO] : Regen Shield
2026-05-23 16:25:06,210 - INFO - Arme deja existante [INFO] : Classic
2026-05-23 16:25:06,210 - INFO - Armure deja existante [INFO] : None
2026-05-23 16:25:06,212 - INFO - Arme deja existante [INFO] : Phantom
2026-05-23 16:25:06,212 - INFO - Armure deja existante [INFO] : Heavy Armor
2026-05-23 16:25:06,213 - INFO - Arme deja existante [INFO] : Vandal
2026-05-23 16:25:06,213 - INFO - Armure deja existante [INFO] : Heavy Armor
2026-05-23 16:25:06,214 - INFO - Arme deja existante [INFO] : Classic
2026-05-23 16:25:06,214 - INFO - Armure deja existante [INFO] : Regen Shield
2026-05-23 16:25:06,215 - INFO - Arme deja existante [INFO] : Classic
2026-05-23 16:25:06,215 - INFO - Armure deja existante [INFO] : None
2026-05-23 16:25:06,216 - INFO - Arme deja existante [INFO] : Classic
2026-05-23 16:25:06,217 - INFO - Armure deja existante [INFO] : None
2026-05-23 16:25:06,218 - INFO - Round inseree [OK] : 83
2026-05-23 16:25:06,218 - INFO - Arme deja existante [INFO] : Operator
2026-05-23 16:25:06,219 - INFO - Armure deja existante [INFO] : Heavy Armor
2026-05-23 16:25:06,220 - INFO - Arme deja existante [INFO] : Vandal
2026-05-23 16:25:06,220 - INFO - Armure deja existante [INFO] : Heavy Armor
2026-05-23 16:25:06,221 - INFO - Arme deja existante [INFO] : Phantom
2026-05-23 16:25:06,221 - INFO - Armure deja existante [INFO] : Heavy Armor
2026-05-23 16:25:06,222 - INFO - Arme deja existante [INFO] : Vandal
2026-05-23 16:25:06,223 - INFO - Armure deja existante [INFO] : Regen Shield
2026-05-23 16:25:06,224 - INFO - Arme deja existante [INFO] : Phantom
2026-05-23 16:25:06,224 - INFO - Armure deja existante [INFO] : Heavy Armor
2026-05-23 16:25:06,226 - INFO - Arme deja existante [INFO] : Phantom
2026-05-23 16:25:06,226 - INFO - Armure deja existante [INFO] : Heavy Armor
2026-05-23 16:25:06,227 - INFO - Arme deja existante [INFO] : Vandal
2026-05-23 16:25:06,228 - INFO - Armure deja existante [INFO] : Heavy Armor
2026-05-23 16:25:06,229 - INFO - Arme deja existante [INFO] : Vandal
2026-05-23 16:25:06,229 - INFO - Armure deja existante [INFO] : Heavy Armor
2026-05-23 16:25:06,230 - INFO - Arme deja existante [INFO] : Vandal
2026-05-23 16:25:06,231 - INFO - Armure deja existante [INFO] : Heavy Armor
2026-05-23 16:25:06,231 - INFO - Arme deja existante [INFO] : Vandal
2026-05-23 16:25:06,232 - INFO - Armure deja existante [INFO] : Heavy Armor
2026-05-23 16:25:06,233 - INFO - Round inseree [OK] : 84
2026-05-23 16:25:06,234 - INFO - Arme deja existante [INFO] : Operator
2026-05-23 16:25:06,234 - INFO - Armure deja existante [INFO] : Heavy Armor
2026-05-23 16:25:06,235 - INFO - Arme deja existante [INFO] : Vandal
2026-05-23 16:25:06,235 - INFO - Armure deja existante [INFO] : Heavy Armor
2026-05-23 16:25:06,236 - INFO - Arme deja existante [INFO] : Phantom
2026-05-23 16:25:06,237 - INFO - Armure deja existante [INFO] : Heavy Armor
2026-05-23 16:25:06,237 - INFO - Arme deja existante [INFO] : Guardian
2026-05-23 16:25:06,238 - INFO - Armure deja existante [INFO] : Light Armor
2026-05-23 16:25:06,239 - INFO - Arme deja existante [INFO] : Outlaw
2026-05-23 16:25:06,239 - INFO - Armure deja existante [INFO] : Regen Shield
2026-05-23 16:25:06,240 - INFO - Arme deja existante [INFO] : Phantom
2026-05-23 16:25:06,241 - INFO - Armure deja existante [INFO] : Heavy Armor
2026-05-23 16:25:06,242 - INFO - Arme deja existante [INFO] : Vandal
2026-05-23 16:25:06,242 - INFO - Armure deja existante [INFO] : Heavy Armor
2026-05-23 16:25:06,243 - INFO - Arme deja existante [INFO] : Bulldog
2026-05-23 16:25:06,243 - INFO - Armure deja existante [INFO] : Regen Shield
2026-05-23 16:25:06,244 - INFO - Arme deja existante [INFO] : Guardian
2026-05-23 16:25:06,245 - INFO - Armure deja existante [INFO] : Heavy Armor
2026-05-23 16:25:06,246 - INFO - Arme deja existante [INFO] : Guardian
2026-05-23 16:25:06,246 - INFO - Armure deja existante [INFO] : Regen Shield
2026-05-23 16:25:06,247 - INFO - Round inseree [OK] : 85
2026-05-23 16:25:06,248 - INFO - Arme deja existante [INFO] : Operator
2026-05-23 16:25:06,248 - INFO - Armure deja existante [INFO] : Heavy Armor
2026-05-23 16:25:06,249 - INFO - Arme deja existante [INFO] : Vandal
2026-05-23 16:25:06,250 - INFO - Armure deja existante [INFO] : Heavy Armor
2026-05-23 16:25:06,250 - INFO - Arme deja existante [INFO] : Phantom
2026-05-23 16:25:06,251 - INFO - Armure deja existante [INFO] : Heavy Armor
2026-05-23 16:25:06,251 - INFO - Arme deja existante [INFO] : Sheriff
2026-05-23 16:25:06,252 - INFO - Armure deja existante [INFO] : Light Armor
2026-05-23 16:25:06,253 - INFO - Arme deja existante [INFO] : Judge
2026-05-23 16:25:06,253 - INFO - Armure deja existante [INFO] : Regen Shield
2026-05-23 16:25:06,254 - INFO - Arme deja existante [INFO] : Phantom
2026-05-23 16:25:06,254 - INFO - Armure deja existante [INFO] : Heavy Armor
2026-05-23 16:25:06,255 - INFO - Arme deja existante [INFO] : Vandal
2026-05-23 16:25:06,256 - INFO - Armure deja existante [INFO] : Heavy Armor
2026-05-23 16:25:06,257 - INFO - Arme deja existante [INFO] : Sheriff
2026-05-23 16:25:06,258 - INFO - Armure deja existante [INFO] : None
2026-05-23 16:25:06,258 - INFO - Arme deja existante [INFO] : Sheriff
2026-05-23 16:25:06,259 - INFO - Armure deja existante [INFO] : Regen Shield
2026-05-23 16:25:06,260 - INFO - Arme deja existante [INFO] : Guardian
2026-05-23 16:25:06,260 - INFO - Armure deja existante [INFO] : Light Armor
2026-05-23 16:25:06,261 - INFO - Round inseree [OK] : 86
2026-05-23 16:25:06,262 - INFO - Arme deja existante [INFO] : Operator
2026-05-23 16:25:06,262 - INFO - Armure deja existante [INFO] : Heavy Armor
2026-05-23 16:25:06,263 - INFO - Arme deja existante [INFO] : Vandal
2026-05-23 16:25:06,263 - INFO - Armure deja existante [INFO] : Heavy Armor
2026-05-23 16:25:06,264 - INFO - Arme deja existante [INFO] : Phantom
2026-05-23 16:25:06,264 - INFO - Armure deja existante [INFO] : Heavy Armor
2026-05-23 16:25:06,265 - INFO - Arme deja existante [INFO] : Vandal
2026-05-23 16:25:06,266 - INFO - Armure deja existante [INFO] : Regen Shield
2026-05-23 16:25:06,266 - INFO - Arme deja existante [INFO] : Phantom
2026-05-23 16:25:06,267 - INFO - Armure deja existante [INFO] : None
2026-05-23 16:25:06,268 - INFO - Arme deja existante [INFO] : Phantom
2026-05-23 16:25:06,268 - INFO - Armure deja existante [INFO] : Heavy Armor
2026-05-23 16:25:06,269 - INFO - Arme deja existante [INFO] : Vandal
2026-05-23 16:25:06,270 - INFO - Armure deja existante [INFO] : Heavy Armor
2026-05-23 16:25:06,271 - INFO - Arme deja existante [INFO] : Vandal
2026-05-23 16:25:06,271 - INFO - Armure deja existante [INFO] : Heavy Armor
2026-05-23 16:25:06,272 - INFO - Arme deja existante [INFO] : Vandal
2026-05-23 16:25:06,272 - INFO - Armure deja existante [INFO] : Heavy Armor
2026-05-23 16:25:06,274 - INFO - Arme deja existante [INFO] : Guardian
2026-05-23 16:25:06,274 - INFO - Armure deja existante [INFO] : Regen Shield
2026-05-23 16:25:06,275 - INFO - Round inseree [OK] : 87
2026-05-23 16:25:06,275 - INFO - Arme deja existante [INFO] : Operator
2026-05-23 16:25:06,276 - INFO - Armure deja existante [INFO] : Heavy Armor
2026-05-23 16:25:06,277 - INFO - Arme deja existante [INFO] : Phantom
2026-05-23 16:25:06,277 - INFO - Armure deja existante [INFO] : Heavy Armor
2026-05-23 16:25:06,278 - INFO - Arme deja existante [INFO] : Operator
2026-05-23 16:25:06,278 - INFO - Armure deja existante [INFO] : Heavy Armor
2026-05-23 16:25:06,279 - INFO - Arme deja existante [INFO] : Bulldog
2026-05-23 16:25:06,280 - INFO - Armure deja existante [INFO] : Light Armor
2026-05-23 16:25:06,281 - INFO - Arme deja existante [INFO] : Vandal
2026-05-23 16:25:06,281 - INFO - Armure deja existante [INFO] : None
2026-05-23 16:25:06,282 - INFO - Arme deja existante [INFO] : Phantom
2026-05-23 16:25:06,282 - INFO - Armure deja existante [INFO] : Heavy Armor
2026-05-23 16:25:06,283 - INFO - Arme deja existante [INFO] : Vandal
2026-05-23 16:25:06,284 - INFO - Armure deja existante [INFO] : Heavy Armor
2026-05-23 16:25:06,285 - INFO - Arme deja existante [INFO] : Phantom
2026-05-23 16:25:06,285 - INFO - Armure deja existante [INFO] : Regen Shield
2026-05-23 16:25:06,286 - INFO - Arme deja existante [INFO] : Guardian
2026-05-23 16:25:06,287 - INFO - Armure deja existante [INFO] : Regen Shield
2026-05-23 16:25:06,288 - INFO - Arme deja existante [INFO] : Guardian
2026-05-23 16:25:06,288 - INFO - Armure deja existante [INFO] : Regen Shield
2026-05-23 16:25:06,289 - INFO - Round inseree [OK] : 88
2026-05-23 16:25:06,290 - INFO - Arme deja existante [INFO] : Operator
2026-05-23 16:25:06,290 - INFO - Armure deja existante [INFO] : Heavy Armor
2026-05-23 16:25:06,291 - INFO - Arme deja existante [INFO] : Phantom
2026-05-23 16:25:06,291 - INFO - Armure deja existante [INFO] : Heavy Armor
2026-05-23 16:25:06,292 - INFO - Arme deja existante [INFO] : Operator
2026-05-23 16:25:06,292 - INFO - Armure deja existante [INFO] : Heavy Armor
2026-05-23 16:25:06,293 - INFO - Arme deja existante [INFO] : Vandal
2026-05-23 16:25:06,294 - INFO - Armure deja existante [INFO] : None
2026-05-23 16:25:06,294 - INFO - Arme deja existante [INFO] : Vandal
2026-05-23 16:25:06,295 - INFO - Armure deja existante [INFO] : None
2026-05-23 16:25:06,296 - INFO - Arme deja existante [INFO] : Phantom
2026-05-23 16:25:06,296 - INFO - Armure deja existante [INFO] : Heavy Armor
2026-05-23 16:25:06,297 - INFO - Arme deja existante [INFO] : Vandal
2026-05-23 16:25:06,297 - INFO - Armure deja existante [INFO] : Heavy Armor
2026-05-23 16:25:06,298 - INFO - Arme deja existante [INFO] : Bulldog
2026-05-23 16:25:06,298 - INFO - Armure deja existante [INFO] : Regen Shield
2026-05-23 16:25:06,299 - INFO - Arme deja existante [INFO] : Bulldog
2026-05-23 16:25:06,299 - INFO - Armure deja existante [INFO] : Heavy Armor
2026-05-23 16:25:06,300 - INFO - Arme deja existante [INFO] : Guardian
2026-05-23 16:25:06,301 - INFO - Armure deja existante [INFO] : Light Armor
2026-05-23 16:25:06,301 - INFO - Round inseree [OK] : 89
2026-05-23 16:25:06,302 - INFO - Arme deja existante [INFO] : Operator
2026-05-23 16:25:06,302 - INFO - Armure deja existante [INFO] : Heavy Armor
2026-05-23 16:25:06,303 - INFO - Arme deja existante [INFO] : Phantom
2026-05-23 16:25:06,303 - INFO - Armure deja existante [INFO] : Heavy Armor
2026-05-23 16:25:06,304 - INFO - Arme deja existante [INFO] : Vandal
2026-05-23 16:25:06,305 - INFO - Armure deja existante [INFO] : Heavy Armor
2026-05-23 16:25:06,305 - INFO - Arme deja existante [INFO] : Vandal
2026-05-23 16:25:06,306 - INFO - Armure deja existante [INFO] : Light Armor
2026-05-23 16:25:06,307 - INFO - Arme deja existante [INFO] : Phantom
2026-05-23 16:25:06,307 - INFO - Armure deja existante [INFO] : None
2026-05-23 16:25:06,308 - INFO - Arme deja existante [INFO] : Phantom
2026-05-23 16:25:06,309 - INFO - Armure deja existante [INFO] : Heavy Armor
2026-05-23 16:25:06,310 - INFO - Arme deja existante [INFO] : Vandal
2026-05-23 16:25:06,310 - INFO - Armure deja existante [INFO] : Heavy Armor
2026-05-23 16:25:06,311 - INFO - Arme deja existante [INFO] : Phantom
2026-05-23 16:25:06,312 - INFO - Armure deja existante [INFO] : Heavy Armor
2026-05-23 16:25:06,312 - INFO - Arme deja existante [INFO] : Operator
2026-05-23 16:25:06,313 - INFO - Armure deja existante [INFO] : Heavy Armor
2026-05-23 16:25:06,314 - INFO - Arme deja existante [INFO] : Vandal
2026-05-23 16:25:06,314 - INFO - Armure deja existante [INFO] : Light Armor
2026-05-23 16:25:06,315 - INFO - Round inseree [OK] : 90
2026-05-23 16:25:06,316 - INFO - Arme deja existante [INFO] : Vandal
2026-05-23 16:25:06,316 - INFO - Armure deja existante [INFO] : Heavy Armor
2026-05-23 16:25:06,317 - INFO - Arme deja existante [INFO] : Phantom
2026-05-23 16:25:06,317 - INFO - Armure deja existante [INFO] : Heavy Armor
2026-05-23 16:25:06,318 - INFO - Arme deja existante [INFO] : Vandal
2026-05-23 16:25:06,319 - INFO - Armure deja existante [INFO] : Heavy Armor
2026-05-23 16:25:06,320 - INFO - Arme deja existante [INFO] : Vandal
2026-05-23 16:25:06,320 - INFO - Armure deja existante [INFO] : Heavy Armor
2026-05-23 16:25:06,321 - INFO - Arme deja existante [INFO] : Phantom
2026-05-23 16:25:06,321 - INFO - Armure deja existante [INFO] : Heavy Armor
2026-05-23 16:25:06,322 - INFO - Arme deja existante [INFO] : Phantom
2026-05-23 16:25:06,322 - INFO - Armure deja existante [INFO] : Heavy Armor
2026-05-23 16:25:06,323 - INFO - Arme deja existante [INFO] : Vandal
2026-05-23 16:25:06,324 - INFO - Armure deja existante [INFO] : Heavy Armor
2026-05-23 16:25:06,324 - INFO - Arme deja existante [INFO] : Phantom
2026-05-23 16:25:06,325 - INFO - Armure deja existante [INFO] : Heavy Armor
2026-05-23 16:25:06,326 - INFO - Arme deja existante [INFO] : Vandal
2026-05-23 16:25:06,326 - INFO - Armure deja existante [INFO] : Heavy Armor
2026-05-23 16:25:06,327 - INFO - Arme deja existante [INFO] : Phantom
2026-05-23 16:25:06,327 - INFO - Armure deja existante [INFO] : Heavy Armor
2026-05-23 16:25:06,329 - INFO - Round inseree [OK] : 91
2026-05-23 16:25:06,329 - INFO - Arme deja existante [INFO] : Vandal
2026-05-23 16:25:06,330 - INFO - Armure deja existante [INFO] : Heavy Armor
2026-05-23 16:25:06,330 - INFO - Arme deja existante [INFO] : Vandal
2026-05-23 16:25:06,331 - INFO - Armure deja existante [INFO] : Heavy Armor
2026-05-23 16:25:06,332 - INFO - Arme deja existante [INFO] : Vandal
2026-05-23 16:25:06,332 - INFO - Armure deja existante [INFO] : Heavy Armor
2026-05-23 16:25:06,333 - INFO - Arme deja existante [INFO] : Vandal
2026-05-23 16:25:06,333 - INFO - Armure deja existante [INFO] : Heavy Armor
2026-05-23 16:25:06,334 - INFO - Arme deja existante [INFO] : Phantom
2026-05-23 16:25:06,335 - INFO - Armure deja existante [INFO] : Heavy Armor
2026-05-23 16:25:06,336 - INFO - Arme deja existante [INFO] : Phantom
2026-05-23 16:25:06,336 - INFO - Armure deja existante [INFO] : Heavy Armor
2026-05-23 16:25:06,337 - INFO - Arme deja existante [INFO] : Vandal
2026-05-23 16:25:06,338 - INFO - Armure deja existante [INFO] : Heavy Armor
2026-05-23 16:25:06,339 - INFO - Arme deja existante [INFO] : Phantom
2026-05-23 16:25:06,339 - INFO - Armure deja existante [INFO] : Heavy Armor
2026-05-23 16:25:06,340 - INFO - Arme deja existante [INFO] : Vandal
2026-05-23 16:25:06,340 - INFO - Armure deja existante [INFO] : Heavy Armor
2026-05-23 16:25:06,341 - INFO - Arme deja existante [INFO] : Vandal
2026-05-23 16:25:06,342 - INFO - Armure deja existante [INFO] : Heavy Armor
